,actual,predicted,error,abs_error
0,-0.8585893174666098,-0.48051247,-0.3780768474596671,0.3780768474596671
1,-0.797702451620412,-0.6481236,-0.14957882967979919,0.14957882967979919
2,-0.8844178534673809,-0.50965714,-0.3747607089208721,0.3747607089208721
3,0.5361888434856853,-0.32846346,0.8646523084610424,0.8646523084610424
4,2.0661760408800562,0.9280731,1.1381029326837977,1.1381029326837977
5,0.5588167251693575,0.8918218,-0.3330050764930875,0.3330050764930875
6,1.2383975138928123,0.16926391,1.0691335996653266,1.0691335996653266
7,1.187559213925877,0.49126196,0.6962972548499493,0.6962972548499493
8,1.2153230292811725,0.6356695,0.5796534998431537,0.5796534998431537
9,0.6106226648135554,0.59199035,0.01863231313661451,0.01863231313661451
10,0.3423631727479112,-0.071874924,0.41423809675198914,0.41423809675198914
11,0.39282930360820734,-0.31152445,0.7043537543871685,0.7043537543871685
12,0.3926432190548874,-0.3758158,0.7684590278279282,0.7684590278279282
13,0.42643617393774047,-0.41781047,0.8442466438035394,0.8442466438035394
14,-0.3524393324370928,-0.25870612,-0.09373320980029776,0.09373320980029776
15,-0.4208440142374055,-0.5851723,0.16432828133296806,0.16432828133296806
16,0.07603896003679185,0.06549235,0.01054661315397172,0.01054661315397172
17,1.149523531227335,0.48999482,0.6595287072946874,0.6595287072946874
18,0.19610071383864633,0.3122821,-0.11618137158005484,0.11618137158005484
19,1.1049376722519408,-0.55474734,1.6596850153152953,1.6596850153152953
20,-0.28831459536313264,0.2949847,-0.5832992936587259,0.5832992936587259
21,-0.8592592218585606,-0.8163962,-0.04286304504352767,0.04286304504352767
22,-0.8469032075181342,-0.88200265,0.035099444173302574,0.035099444173302574
23,-0.8955084928452335,-0.8538817,-0.041626776117023034,0.041626776117023034
24,-0.8897398716923235,-0.68068975,-0.2090501195904253,0.2090501195904253
25,-0.8394226084746833,-0.6351631,-0.20425948009867623,0.20425948009867623
26,-0.8171296789869862,-0.54571813,-0.27141154553743174,0.27141154553743174
27,0.06018455609395527,-0.29894912,0.35913367852284933,0.35913367852284933
28,0.9769114995680044,0.21652538,0.7603861237249563,0.7603861237249563
29,1.0862920000093097,0.5900396,0.49625238914657777,0.49625238914657777
30,0.9485894305527497,0.5857709,0.3628185255348969,0.3628185255348969
31,1.734573366864395,0.584977,1.1495963957149504,1.1495963957149504
32,0.4620527574431264,0.5579605,-0.09590775281077984,0.09590775281077984
33,3.165414714250043,-0.4158593,3.5812740260691194,3.5812740260691194
34,2.4371542063781617,0.92367417,1.5134800401756165,1.5134800401756165
35,3.444318242765572,1.1488501,2.295468159414437,2.295468159414437
36,1.023507071719251,1.6438872,-0.6203800904893062,0.6203800904893062
37,0.5744850445588743,0.12618919,0.44829585738979927,0.44829585738979927
38,0.5475772181488492,0.22195476,0.32562245521321076,0.32562245521321076
39,0.5303830054221111,-0.0043464974,0.5347295027790028,0.5347295027790028
40,0.4902259588157251,0.20416087,0.2860650896941736,0.2860650896941736
41,0.5567325781721775,0.061642744,0.49508983452507893,0.49508983452507893
42,0.6153864293785392,-0.18299982,0.7983862488956748,0.7983862488956748
43,0.5189574138482833,-0.09523443,0.6141918451746726,0.6141918451746726
44,0.5522293319818413,-0.07344749,0.6256768202301896,0.6256768202301896
45,0.5644736955902758,-0.532532,1.097005672290105,1.097005672290105
46,-0.10818474774968684,-0.16097409,0.0527893375812763,0.0527893375812763
47,-0.6462668421288602,-0.5977073,-0.048559570552932474,0.048559570552932474
48,-0.620028920110786,-0.6036243,-0.016404635843360493,0.016404635843360493
49,-0.6744400435014589,-0.5057636,-0.16867645316561297,0.16867645316561297
50,-0.6592927608612374,-0.51190525,-0.14738750792773525,0.14738750792773525
51,-0.6787572051384756,-0.4882916,-0.19046561373260706,0.19046561373260706
52,-0.6757054184640329,-0.35228506,-0.3234203611577432,0.3234203611577432
53,-0.6732863192708771,-0.3837373,-0.28954902340486455,0.28954902340486455
54,-0.7107265313987957,-0.33845168,-0.37227484787752496,0.37227484787752496
55,-0.6260208427276795,-0.41326228,-0.21275856488611156,0.21275856488611156
56,0.39219661612692047,-0.37676227,0.7689588870543497,0.7689588870543497
57,0.34660590056359986,0.09651626,0.2500896415489934,0.2500896415489934
58,0.4648068088322575,0.17533268,0.2894741284876759,0.2894741284876759
59,0.5983038673837928,-0.11353027,0.7118341381390838,0.7118341381390838
60,0.8529791870571009,-0.079219915,0.932199102029883,0.932199102029883
61,0.7606068147892137,0.11265061,0.6479562042826791,0.6479562042826791
62,0.9909050579776439,0.22348362,0.7674214359035167,0.7674214359035167
63,0.878621638504552,0.6879756,0.19064605304388915,0.19064605304388915
64,1.4580145037206929,0.43497458,1.0230399227175038,1.0230399227175038
65,1.2918782145168868,0.6094884,0.6823897868778792,0.6823897868778792
66,0.18479686571834603,-0.020544514,0.20534137977836647,0.20534137977836647
67,-0.23941157475072197,-0.54089826,0.3014866887037153,0.3014866887037153
68,-0.24369151947707443,-0.84776306,0.604071542046363,0.604071542046363
69,-0.5803556933430313,-0.81224227,0.23188657617295994,0.23188657617295994
70,-0.895806228130545,-0.8006801,-0.09512612721272884,0.09512612721272884
71,-0.8781654124758397,-0.81141824,-0.06674717717386824,0.06674717717386824
72,-0.8150827489004697,-0.6637495,-0.1513332328901853,0.1513332328901853
73,-0.8370779431028554,-0.6880728,-0.14900514246656393,0.14900514246656393
74,-0.8863531328219054,-0.3249555,-0.5613976396101592,0.5613976396101592
75,-0.05340145525237424,-0.15661398,0.10321252051094668,0.10321252051094668
76,2.0323830859972034,0.7247556,1.3076275008035694,1.3076275008035694
77,0.37262052111769056,0.6840842,-0.31146365589952135,0.31146365589952135
78,0.3285556988915913,0.1318026,0.19675309528918195,0.19675309528918195
79,0.3712062785124607,0.047284614,0.3239216642176933,0.3239216642176933
80,0.33250069142196825,-0.080853455,0.41335414619062594,0.41335414619062594
81,0.3485411799181245,-0.13169539,0.48023656966574413,0.48023656966574413
82,0.3509974960219442,-0.2948149,0.6458124104868948,0.6458124104868948
83,0.39703481451323175,-0.21846995,0.6155047620897546,0.6155047620897546
84,-0.37093613703706846,-0.2553937,-0.1155424233243762,0.1155424233243762
85,-0.8047364477358957,-0.6550432,-0.14969326297866303,0.14969326297866303
86,-0.6094593174822285,-0.6512071,0.04174777194190482,0.04174777194190482
87,0.4777210768326431,-0.34818974,0.8259108182057052,0.8259108182057052
88,2.700947669164133,0.8334206,1.8675270944990636,1.8675270944990636
89,3.941945555253049,1.2394956,2.702449920220395,2.702449920220395
90,2.975236300757335,1.3401715,1.6350648444203597,1.6350648444203597
91,1.7876074645605025,0.964192,0.8234154913511214,0.8234154913511214
92,0.15665078853487527,0.4181483,-0.2614975204575106,0.2614975204575106
93,-0.797702451620412,-0.7393194,-0.058383067522359,0.058383067522359
94,-0.7841927130494035,-0.76999664,-0.014196069982997273,0.014196069982997273
95,-0.771352878870346,-0.7419368,-0.029416076006271275,0.029416076006271275
96,-0.7922315657528136,-0.59468913,-0.19754243496973256,0.19754243496973256
97,-0.724347920701796,-0.61671126,-0.10763666181355136,0.10763666181355136
98,-0.7488738648293293,-0.46297744,-0.2858964256642139,0.2858964256642139
99,-0.1042769721299736,0.07250364,-0.17678061337772294,0.17678061337772294
100,1.5764387134533342,1.2222149,0.3542237762432512,0.3542237762432512
101,1.5322994574059077,0.6491712,0.8831282838333674,0.8831282838333674
102,1.0216462261860544,0.51886296,0.5027832634632761,0.5027832634632761
103,0.5177292557963733,0.24814215,0.26958710277169984,0.26958710277169984
104,0.6299754583588015,0.19381586,0.4361596011867892,0.4361596011867892
105,0.3726577380283545,0.23186094,0.1407968023403357,0.1407968023403357
106,1.1979427320011145,-0.17650041,1.374443141842652,1.374443141842652
107,0.7942136851187468,0.7169836,0.0772300687666655,0.0772300687666655
108,0.5076062560957831,0.21942586,0.288180399028675,0.288180399028675
109,-0.4024960772800854,-0.06954365,-0.33295242504362377,0.33295242504362377
110,-0.3992209891416592,-0.58779645,0.18857546051959567,0.18857546051959567
111,-0.3147386019345266,-0.0696938,-0.24504480559787573,0.24504480559787573
112,1.2787034281418537,0.40544358,0.8732598491833423,0.8732598491833423
113,0.7265905584423771,1.1883746,-0.461784080115057,0.461784080115057
114,1.0250329650564722,0.7296864,0.295346585623794,0.295346585623794
115,-0.372313162731634,-0.04069858,-0.3316145822877749,0.3316145822877749
116,-0.6974400942917709,-0.79048204,0.09304194992819981,0.09304194992819981
117,-0.7349175233303537,-0.8732949,0.13837736659655675,0.13837736659655675
118,-0.7893286467210266,-0.811033,0.021704363761761436,0.021704363761761436
119,-0.7933108561620676,-0.6950182,-0.09829268389796852,0.09829268389796852
120,-0.7854208711013135,-0.52684355,-0.2585773232802686,0.2585773232802686
121,-0.7586619123339442,-0.58398855,-0.17467336500880992,0.17467336500880992
122,-0.06337558731030898,-0.23835593,0.17498034730959458,0.17498034730959458
123,-0.32065609073009227,0.51738214,-0.8380382356580708,0.8380382356580708
124,0.3447822719410672,0.3603571,-0.015574833790896914,0.015574833790896914
125,1.3044575303212973,0.55080694,0.7536505907193991,0.7536505907193991
126,1.4995485760216445,0.47676122,1.0227873541359633,1.0227873541359633
127,0.7300517311341229,0.46770534,0.2623463919407788,0.2623463919407788
128,0.6072731428538012,0.14754617,0.4597269707117724,0.4597269707117724
129,3.3170364082949146,-0.08623918,3.4032755897538647,3.4032755897538647
130,1.0350815309357346,0.41980654,0.615274990923375,0.615274990923375
131,0.6404706271660313,0.0021006241,0.638370003021954,0.638370003021954
132,0.8554727200715844,0.03719755,0.8182751711755101,0.8182751711755101
133,-0.50648012567512,-0.28047243,-0.22600769806853738,0.22600769806853738
134,0.2599649325379588,-0.38757733,0.6475422576436259,0.6475422576436259
135,1.2080657317017052,0.6937269,0.5143388344620201,0.5143388344620201
136,0.874416127599527,0.82757753,0.04683859626178899,0.04683859626178899
137,2.3558724734881267,0.6957797,1.6600927922823772,1.6600927922823772
138,0.39830018947580564,0.72487766,-0.3265774660303284,0.3265774660303284
139,-0.8124031313326665,-0.72697586,-0.08542727312114917,0.08542727312114917
140,-0.8158643040244123,-0.9089585,0.09309419063882618,0.09309419063882618
141,-0.8043642786292564,-0.8965139,0.0921496006699074,0.0921496006699074
142,-0.8722851405909379,-0.8086618,-0.06362332208660437,0.06362332208660437
143,-0.157943757307368,-0.7710246,0.6130808274628347,0.6130808274628347
144,-0.863650817316905,-0.4868562,-0.3767946249665174,0.3767946249665174
145,-0.8872835555885038,-0.6222583,-0.2650252500388822,0.2650252500388822
146,-0.8859809637152661,-0.4516972,-0.43428376317853823,0.43428376317853823
147,-0.05783026762138252,-0.060386695,0.002556427346364215,0.002556427346364215
148,1.4456212724696027,1.0534283,0.3921929801951276,0.3921929801951276
149,0.8698756644985269,0.59460574,0.27526992061348665,0.27526992061348665
150,0.3233825483093044,0.5032432,-0.17986065962221415,0.17986065962221415
151,0.3425864742118948,0.017159127,0.325427347512924,0.325427347512924
152,0.34307029405052614,-0.117943905,0.46101419934446763,0.46101419934446763
153,0.41099115601220765,-0.24489307,0.6558842300478522,0.6558842300478522
154,1.3642651057582407,-0.19199765,1.556262753043702,1.556262753043702
155,1.015505435926505,0.23281413,0.7826913027592381,0.7826913027592381
156,0.5289687628168818,0.339603,0.18936575597712957,0.18936575597712957
157,0.14544849842503083,-0.013985865,0.159434363243127,0.159434363243127
158,-0.8420650091318227,-0.43137273,-0.4106922772077657,0.4106922772077657
159,-0.10490965961126054,-0.66729224,0.5623825776705388,0.5623825776705388
160,2.026800549397613,0.38712046,1.6396800938941491,1.6396800938941491
161,1.5698513202658182,1.1674249,0.40242640304474886,0.40242640304474886
162,0.08139819517239841,0.73757833,-0.6561801372517654,0.6561801372517654
163,-0.5703815612850966,-0.66342056,0.0930389966906724,0.0930389966906724
164,-0.8304905499153389,-0.8992412,0.06875065911481248,0.06875065911481248
165,-0.8359986526936012,-0.8478307,0.011832060101656383,0.011832060101656383
166,-0.8101328997821664,-0.8013907,-0.008742192289338035,0.008742192289338035
167,-0.8707592472537167,-0.7769244,-0.09383487553435632,0.09383487553435632
168,-0.5573928594633832,-0.53228664,-0.025106215481449645,0.025106215481449645
169,-0.4848571005793737,-0.544255,0.05939791765487923,0.05939791765487923
170,-0.8834129968794546,-0.4284043,-0.4550086954745016,0.4550086954745016
171,-0.5096063461708905,-0.23553449,-0.27407185701607484,0.27407185701607484
172,1.8251965443310767,0.26813155,1.5570649902043372,1.5570649902043372
173,1.1025930068801129,1.0219278,0.08066517332298395,0.08066517332298395
174,1.3457310842476011,0.5048009,0.8409301685295225,0.8409301685295225
175,0.5658879381955052,0.52521306,0.04067487543229109,0.04067487543229109
176,1.125667491491753,0.08382329,1.0418441980442585,1.0418441980442585
177,0.23112182677340937,0.23743281,-0.006310980910535335,0.006310980910535335
178,-0.7974791501564285,-0.2950768,-0.5024023626846572,0.5024023626846572
179,-0.33669657922624824,-0.8494989,0.512802348366983,0.512802348366983
180,-0.8619016225157001,-0.2735973,-0.5883043224630573,0.5883043224630573
181,0.44273718080854424,-0.7654752,1.2082123943362237,1.2082123943362237
182,0.22416226447925353,-0.14667901,0.37084127844676756,0.37084127844676756
183,-0.43759162403617613,-0.4207221,-0.016869526877744123,0.016869526877744123
184,1.8020476258981086,-0.06008657,1.86213419657825,1.86213419657825
185,1.5507962620058835,1.1596372,0.3911590492525876,0.3911590492525876
186,1.5810163934649986,0.43813658,1.1428798158587974,1.1428798158587974
187,1.7906592512349448,0.26480955,1.525849702380117,1.525849702380117
188,0.9693564667032256,0.28613508,0.6832213892267242,0.6832213892267242
189,0.3608599773478869,-0.5122946,0.8731545678210619,0.8731545678210619
190,0.34768519097285383,-0.10358722,0.45127240860180967,0.45127240860180967
191,-0.8399436452239784,-0.3131571,-0.5267865338176521,0.5267865338176521
192,-0.8719129714842986,-0.76825327,-0.10365970467292773,0.10365970467292773
193,-0.8611945012130852,-0.623522,-0.23767251758958052,0.23767251758958052
194,-0.885459926965971,-0.6566329,-0.22882702672793387,0.22882702672793387
195,-0.5239348567765055,-0.5085479,-0.015386954669266761,0.015386954669266761
196,1.3257828201317317,-0.24069157,1.5664743925594813,1.5664743925594813
197,0.6630985088497039,0.74994904,-0.08685052917901315,0.08685052917901315
198,1.0299083803534481,0.4129319,0.6169764910578701,0.6169764910578701
199,1.1953003313439752,0.47829247,0.7170078661340142,0.7170078661340142
200,0.626812020952367,0.3722688,0.25454322498526494,0.25454322498526494
201,0.46469515810026574,0.21122792,0.25346723446859765,0.25346723446859765
202,0.5772763128586696,0.0007836148,0.5764926980443882,0.5764926980443882
203,0.4119215787788059,-0.13154548,0.5434670628448155,0.5434670628448155
204,-0.8268805095809371,-0.37210914,-0.4547713646548659,0.4547713646548659
205,-0.8269921603129289,-0.7317575,-0.09523463868359539,0.09523463868359539
206,-0.7088284689549351,-0.6448932,-0.06393523994721417,0.06393523994721417
207,2.2188025915128544,-0.29696432,2.5157669090730503,2.5157669090730503
208,1.9173456151349801,1.1306384,0.7867072541578073,0.7867072541578073
209,1.2657891601414684,0.8750181,0.39077104032945664,0.39077104032945664
210,1.1272678186503025,0.25028387,0.8769839515295597,0.8769839515295597
211,0.9481800445354467,-0.28695488,1.2351349242961889,1.2351349242961889
212,-0.4032776324040281,-0.18527612,-0.2180015115029203,0.2180015115029203
213,-0.8637996849595607,-0.80142653,-0.06237315507522234,0.06237315507522234
214,-0.4052129117585526,-0.9058482,0.5006352933310165,0.5006352933310165
215,-0.5571323410887358,-0.8104663,0.2533339484315279,0.2533339484315279
216,-0.8587009681986015,-0.58007884,-0.27862212794286423,0.27862212794286423
217,-0.8397575606706588,-0.6619453,-0.17781227725772542,0.17781227725772542
218,-0.8683029311498969,-0.6706197,-0.1976832049688666,0.1976832049688666
219,-0.8555747477028312,-0.5848863,-0.27068843521808994,0.27068843521808994
220,-0.7677800554466083,-0.52973753,-0.23804252330778386,0.23804252330778386
221,0.20019457401167923,-0.5507603,0.7509549027813631,0.7509549027813631
222,1.0496333430053335,0.28041777,0.7692155728580099,0.7692155728580099
223,0.18013465916381846,0.61815727,-0.43802260840667717,0.43802260840667717
224,4.46800658748777,0.4408848,4.027121788722588,4.027121788722588
225,1.2495625870919924,1.5476267,-0.2980641466879148,0.2980641466879148
226,1.0847661066720882,0.6468647,0.4379013944337764,0.4379013944337764
227,3.9626753744928593,0.7140032,3.248672169193482,3.248672169193482
228,3.8234469116990786,1.4719117,2.3515352429216128,2.3515352429216128
229,1.4708915548104147,1.0632229,0.40766866967857873,0.40766866967857873
230,2.4455652281882108,0.951417,1.4941481992842496,1.4941481992842496
231,0.9915749623695949,0.7549169,0.23665805601278334,0.23665805601278334
232,1.1891595410844262,0.9270771,0.26208242650236446,0.26208242650236446
233,1.6105294036214994,0.5833914,1.027137975627725,1.027137975627725
234,1.3809754986463474,0.6375689,0.743406607597916,0.743406607597916
235,1.2053488972232376,0.50345397,0.7018949272677932,0.7018949272677932
236,1.514993593947178,0.12047431,1.3945192852180062,1.3945192852180062
237,0.7020273974041799,-0.10738779,0.8094151859979489,0.8094151859979489
238,-0.5900320901156543,0.12928393,-0.7193160249472735,0.7193160249472735
239,-0.8844922872887088,-0.7404075,-0.14408476079563626,0.14408476079563626
240,-0.8583287990919622,-0.76886123,-0.08946756490388241,0.08946756490388241
241,-0.8711686332710199,-0.488602,-0.38256662087516113,0.38256662087516113
242,-0.7766376801846249,-0.47460577,-0.3020319112656338,0.3020319112656338
243,0.817250952819723,0.2582597,0.5589912391699733,0.5589912391699733
244,2.2175744334609444,1.3823335,0.8352409163863594,0.8352409163863594
245,0.8958530681419538,1.000928,-0.10507497617719908,0.10507497617719908
246,0.8737834401182402,0.55863994,0.31514349651853923,0.31514349651853923
247,0.3777564547893135,0.4649489,-0.08719243780407027,0.08719243780407027
248,0.36893604696196064,0.0006209612,0.3683150857726906,0.3683150857726906
249,-0.5856404946573099,0.07619369,-0.6618341849572977,0.6618341849572977
250,-0.375216081763421,-0.76860833,0.3933922499168768,0.3933922499168768
251,-0.8176507157362812,-0.35868096,-0.4589697522200459,0.4589697522200459
252,-0.8232704692465355,-0.689484,-0.1337864690405418,0.1337864690405418
253,-0.7848254005306905,-0.8054335,0.02060811120331829,0.02060811120331829
254,-0.7337265821891077,-0.7145201,-0.01920648541023806,0.01920648541023806
255,-0.4728732553455867,-0.21952364,-0.25334961685872454,0.25334961685872454
256,-0.20468819710127054,0.30429292,-0.5089811143528574,0.5089811143528574
257,1.7049114890652384,0.15523727,1.5496742166834558,1.5496742166834558
258,0.6227925946006622,0.83945453,-0.21666193706895454,0.21666193706895454
259,-0.7080096969203284,-0.40717867,-0.3008310267524055,0.3008310267524055
260,-0.8466054722328228,-0.8111547,-0.03545074906540335,0.03545074906540335
261,-0.8428465642557653,-0.84790844,0.00506187299627936,0.00506187299627936
262,-0.8632414312996017,-0.8921294,0.028887989934529124,0.028887989934529124
263,-0.8587009681986016,-0.7831454,-0.07555554049474422,0.07555554049474422
264,-0.8009403228481744,-0.60462534,-0.19631497857174618,0.19631497857174618
265,-0.5050286661592267,-0.6437564,0.13872772345869322,0.13872772345869322
266,-0.4090834704676021,-0.14142174,-0.2676617351808894,0.2676617351808894
267,-0.6845258262913855,0.14703858,-0.8315644052785071,0.8315644052785071
268,0.5307923914394146,-0.08044537,0.6112377630076176,0.6112377630076176
269,0.6309803149467277,0.8424661,-0.2114858010048104,0.2114858010048104
270,0.7036277245627289,0.19445866,0.5091690610991364,0.5091690610991364
271,0.5157195426205208,0.21161485,0.30410469543729324,0.30410469543729324
272,0.46819354770267574,-0.053536437,0.5217299851545152,0.5217299851545152
273,-0.05422022728698097,-0.015948594,-0.038271633670495374,0.038271633670495374
274,-0.868265714239233,-0.667352,-0.200913693498724,0.200913693498724
275,-0.8753741441760446,-0.9169883,0.041614169022044956,0.041614169022044956
276,-0.749580986131944,-0.79609424,0.04651325262614314,0.04651325262614314
277,-0.8336912042324373,-0.66533345,-0.1683577543918916,0.1683577543918916
278,-0.8281086676328471,-0.70682,-0.12128865649393106,0.12128865649393106
279,0.01325403174673334,-0.65893364,0.6721876712731005,0.6721876712731005
280,1.788351802773781,0.27307716,1.5152746426537707,1.5152746426537707
281,0.30019641296567295,1.1445132,-0.8443168364316049,0.8443168364316049
282,1.235792330146337,0.14361191,1.0921804221873526,1.0921804221873526
283,1.7920362769295104,0.25279638,1.5392398952175506,1.5392398952175506
284,-0.7949856171419448,0.0566841,-0.8516697162797279,0.8516697162797279
285,-0.8454517480022407,-0.8068668,-0.03858492337531805,0.03858492337531805
286,-0.8226377817652485,-0.867934,0.045296206805918504,0.045296206805918504
287,-0.8345471931777078,-0.7233377,-0.11120948327399072,0.11120948327399072
288,-0.7781263566111822,-0.5835624,-0.194563982496192,0.194563982496192
289,-0.7863512938679118,-0.64885306,-0.13749823028453778,0.13749823028453778
290,-0.8562446520947818,-0.2539816,-0.6022630618237858,0.6022630618237858
291,0.223231841712655,0.07486131,0.1483705312902345,0.1483705312902345
292,0.2549406495983279,0.46788165,-0.21294100013426182,0.21294100013426182
293,2.531387424179245,0.34761828,2.183769142337967,2.183769142337967
294,1.1350089360684006,1.1463504,-0.011341447690144335,0.011341447690144335
295,0.5532714054804314,0.43467864,0.11859276153855214,0.11859276153855214
296,0.8001683908249768,0.31357446,0.48659392769593324,0.48659392769593324
297,0.8111845963815013,0.49817252,0.3130120747903148,0.3130120747903148
298,0.49342661313282393,0.22330078,0.27012582830654525,0.27012582830654525
299,0.4608245993912164,-0.15528604,0.6161106432735863,0.6161106432735863
300,0.4252452327964947,-0.14841187,0.5736571027992412,0.5736571027992412
301,0.38516262001143653,-0.062065147,0.44722776687489707,0.44722776687489707
302,0.37641664600541175,-0.101570345,0.4779869914667803,0.4779869914667803
303,0.4480219821228232,-0.21210742,0.6601294020904745,0.6601294020904745
304,0.4355171001397406,0.5489864,-0.11346927519213806,0.11346927519213806
305,1.973878102433497,0.6564602,1.3174178768513742,1.3174178768513742
306,0.43853166990351955,0.5102168,-0.07168510265278538,0.07168510265278538
307,0.17198415572841658,-0.5098456,0.6818297701617051,0.6818297701617051
308,-0.5548993264488996,-0.69283766,0.1379383290953814,0.1379383290953814
309,-0.45210621919511085,-0.8275658,0.37545957002760644,0.37545957002760644
310,-0.752967725002362,-0.703158,-0.04980970402915641,0.04980970402915641
311,-0.008443427170340901,-0.75697005,0.7485266207804038,0.7485266207804038
312,-0.8481313655700442,-0.56959796,-0.2785334060516116,0.2785334060516116
313,-0.8863159159112415,-0.6199192,-0.26639673504118533,0.26639673504118533
314,-0.8864647835538972,-0.41891065,-0.46755413115483413,0.46755413115483413
315,-0.5012697581821691,-0.011685006,-0.4895847518616926,0.4895847518616926
316,0.7992379680583782,0.6220607,0.17717725190618705,0.17717725190618705
317,0.4514459379039051,0.595935,-0.1444890491642712,0.1444890491642712
318,0.38348785903155963,0.14486574,0.23862212266624133,0.23862212266624133
319,0.47146863584110194,0.022141315,0.44932732079812937,0.44932732079812937
320,0.700240985692311,0.018005572,0.6822354134328849,0.6822354134328849
321,0.6803671553977696,0.20990103,0.47046612056576886,0.47046612056576886
322,0.5205577410068326,-0.04507839,0.5656361303534322,0.5656361303534322
323,0.5045544694213405,-0.15792081,0.6624752770213619,0.6624752770213619
324,0.44861745269344605,-0.36394745,0.8125649038081006,0.8125649038081006
325,1.088859966845121,-0.3661624,1.4550223563619515,1.4550223563619515
326,1.0699909931385059,0.5167173,0.5532736784183521,0.5532736784183521
327,0.8581151207287238,0.33224937,0.5258657475311682,0.5258657475311682
328,0.49811594387647945,0.16421193,0.33390401503202755,0.33390401503202755
329,0.36171596629315755,0.37029055,-0.00857458131617167,0.00857458131617167
330,0.7569967744548122,0.14089642,0.6161003498036662,0.6161003498036662
331,0.6525661231318102,-0.16841242,0.8209785403051958,0.8209785403051958
332,-0.10476079196860469,-0.2049256,0.10016480474541509,0.10016480474541509
333,-0.5093830447069071,-0.7148127,0.20542965127316493,0.20542965127316493
334,-0.8409112849012406,-0.8180441,-0.022867158867457604,0.022867158867457604
335,-0.8451540127169292,-0.8140636,-0.031090404070536426,0.031090404070536426
336,-0.4481612266647337,-0.685244,0.23708279713516256,0.23708279713516256
337,-0.5046937139632511,-0.5356661,0.030972394168157558,0.030972394168157558
338,-0.7916360951821906,-0.5771143,-0.21452181114364688,0.21452181114364688
339,-0.5355093159929893,-0.32044068,-0.21506863620439987,0.21506863620439987
340,1.1415218954345892,-0.1566118,1.2981336956283758,1.2981336956283758
341,-0.16408454756691726,0.78470945,-0.9487940011496809,0.9487940011496809
342,-0.3927452466861345,0.14702901,-0.5397742591277697,0.5397742591277697
343,0.23149399588004865,-0.25959358,0.4910875720729045,0.4910875720729045
344,0.9393224197974301,0.014662847,0.9246595728745557,0.9246595728745557
345,0.6300498921801294,0.31892866,0.31112123321787966,0.31112123321787966
346,2.061635577779056,-0.08867698,2.150312559406997,2.150312559406997
347,0.3597806869386329,0.53404355,-0.1742628635527001,0.1742628635527001
348,-0.2682174636046077,-0.28255668,0.014339219220480814,0.014339219220480814
349,0.3822969178903136,-0.47026244,0.8525593559491668,0.8525593559491668
350,0.6100644111535966,0.4304544,0.179610007991594,0.179610007991594
351,0.7191843932202538,0.34707168,0.3721127157738885,0.3721127157738885
352,1.800186780364912,0.53904927,1.2611375125960522,1.2611375125960522
353,1.6242252267458275,0.65126044,0.9729647911646202,0.9729647911646202
354,2.0640174600615477,0.1357194,1.9282980564370131,1.9282980564370131
355,2.334993786605659,0.31020936,2.0247844229067,2.0247844229067
356,0.672737688711663,0.12244217,0.5502955177340705,0.5502955177340705
357,-0.33275158669587107,-0.62256444,0.2898128483093169,0.2898128483093169
358,-0.8722479236802739,-0.6039,-0.26834790832611743,0.26834790832611743
359,-0.7932736392514037,-0.8489227,0.055649090240783794,0.055649090240783794
360,-0.8005309368308712,-0.7382111,-0.06231984149777181,0.06231984149777181
361,-0.8794680043490776,-0.6394039,-0.240064124706591,0.240064124706591
362,-0.878016544833184,-0.7438931,-0.13412345792293623,0.13412345792293623
363,-0.8772722066199052,-0.54846525,-0.3288069546972978,0.3288069546972978
364,-0.6101292218741792,-0.46745935,-0.1426698710498231,0.1426698710498231
365,-0.49390080987071006,-0.29089653,-0.2030042749509713,0.2030042749509713
366,0.5088344141476928,-0.22684178,0.7356761917107879,0.7356761917107879
367,0.7470598593075414,0.5060188,0.2410410418827672,0.2410410418827672
368,1.8575380396980359,0.4196438,1.4378942501682355,1.4378942501682355
369,0.7024367834214831,0.9273041,-0.22486730564788338,0.22486730564788338
370,1.0856965294386862,0.33663824,0.7490582874323843,0.7490582874323843
371,1.0821981398362768,0.08733928,0.9948588578004491,0.9948588578004491
372,0.34221430510525547,-0.02012872,0.3623430246139034,0.3623430246139034
373,1.1298730023967776,-0.11722737,1.2471003704535517,1.2471003704535517
374,1.559356151458588,0.4110717,1.1482844635218052,1.1482844635218052
375,1.721919617238657,0.7525106,0.9694090099960728,0.9694090099960728
376,0.6099155435109406,0.88868594,-0.2787703981852264,0.2787703981852264
377,0.6090223376550059,-0.102959715,0.7119820524849276,0.7119820524849276
378,-0.44950103544863546,-0.24196675,-0.20753428125056111,0.20753428125056111
379,-0.6328687542898436,-0.738898,0.1060292249696474,0.1060292249696474
380,-0.6729513670749017,-0.7276541,0.05470273238951484,0.05470273238951484
381,-0.579313619844441,-0.82541543,0.24610181260871455,0.24610181260871455
382,-0.5995224023349577,-0.82817054,0.22864813561365072,0.22864813561365072
383,-0.6032068764906873,-0.79728323,0.19407635572137938,0.19407635572137938
384,-0.6526309338523931,-0.50895953,-0.1436714020683355,0.1436714020683355
385,-0.6406098717079421,-0.5447273,-0.09588254626848902,0.09588254626848902
386,0.1061102238532513,-0.55114007,0.6572502938147992,0.6572502938147992
387,-0.4672907187459964,-0.034721166,-0.4325695528505344,0.4325695528505344
388,-0.5471209921201372,-0.4388176,-0.10830340164505481,0.10830340164505481
389,-0.660148749806508,-0.38012692,-0.28002182648383034,0.28002182648383034
390,-0.6869821423952052,-0.30489707,-0.3820850724641749,0.3820850724641749
391,-0.7095728071682138,-0.34506834,-0.3645044716350717,0.3645044716350717
392,-0.8873207724991677,-0.5362128,-0.35110797056587917,0.35110797056587917
393,-0.8477591964634047,-0.6860759,-0.16168327063637833,0.16168327063637833
394,-0.7851603527266661,-0.7316443,-0.05351607992240581,0.05351607992240581
395,-0.8253173993330519,-0.64416176,-0.18115563852601457,0.18115563852601457
396,0.18869454861652332,-0.708486,0.8971805691815563,0.8971805691815563
397,-0.8484291008553556,-0.45832226,-0.39010684405184304,0.39010684405184304
398,-0.8717268869309789,-0.76060504,-0.11112184971860706,0.11112184971860706
399,-0.8151943996324615,-0.7430449,-0.07214948681736755,0.07214948681736755
400,-0.7592945998152311,-0.6412131,-0.11808148078523228,0.11808148078523228
401,-0.8341750240710685,-0.6744673,-0.15970769886049718,0.15970769886049718
402,-0.8972204707357744,-0.80119413,-0.09602633936141525,0.09602633936141525
403,-0.8852738424126513,-0.82734704,-0.05792680223625968,0.05792680223625968
404,-0.8303416822726832,-0.8379121,0.007570400399435906,0.007570400399435906
405,-0.8168319437016747,-0.81728613,0.0004541900644996488,0.0004541900644996488
406,-0.029359330963472343,-0.7905329,0.7611735560184918,0.7611735560184918
407,-0.620624390681409,-0.47548917,-0.1451352213222018,0.1451352213222018
408,-0.8890327503897087,-0.6394721,-0.24956062342895435,0.24956062342895435
409,-0.8397947775813227,-0.7554801,-0.08431466693602852,0.08431466693602852
410,-0.8066717270904203,-0.6736358,-0.13303594627911053,0.13303594627911053
411,-0.8519647073684293,-0.38107783,-0.4708868813453275,0.4708868813453275
412,-0.8924939230814547,-0.6219316,-0.27056231058984703,0.27056231058984703
413,-0.7511440963798293,-0.7509417,-0.000202402597022866,0.000202402597022866
414,-0.7835972424787807,-0.7004316,-0.08316565716689106,0.08316565716689106
415,-0.7701247208184362,-0.69513154,-0.07499318051997428,0.07499318051997428
416,1.459949783075218,-0.76565385,2.2256036317232892,2.2256036317232892
417,1.154175645060327,1.1363207,0.017854934878137163,0.017854934878137163
418,0.44497019544838035,0.6152516,-0.17028140529395974,0.17028140529395974
419,0.3962904762999534,-0.13473243,0.5310229015128135,0.5310229015128135
420,-0.0660924217887762,-0.22128594,0.15519351742783757,0.15519351742783757
421,-0.14462010328967925,-0.6035531,0.4589330130318845,0.4589330130318845
422,-0.18340012420149965,-0.18177038,-0.0016297398898236226,0.0016297398898236226
423,-0.23788568141350055,-0.06219261,-0.17569307001718784,0.17569307001718784
424,-0.26873850035390284,-0.15088943,-0.11784907388409999,0.11784907388409999
425,0.5476144350595131,-0.3226892,0.8703036404676094,0.8703036404676094
426,-0.13159418455730204,0.4944494,-0.626043591419561,0.626043591419561
427,0.1629404464370801,-0.5972244,0.7601648607856824,0.7601648607856824
428,-0.09646142089054734,-0.505612,0.4091505948336348,0.4091505948336348
429,-0.6799481462797214,-0.5689605,-0.11098765843716163,0.11098765843716163
430,-0.6649125143714917,-0.760853,0.09594047816314577,0.09594047816314577
431,-0.5977359906230889,-0.6328867,0.03515071715965645,0.03515071715965645
432,-0.5987408472110151,-0.5554565,-0.04328432808412297,0.04328432808412297
433,-0.6696390620258114,-0.6063759,-0.06326318893697469,0.06326318893697469
434,-0.6510306066938439,-0.21963733,-0.4313932723470727,0.4313932723470727
435,-0.626318578012991,0.25068846,-0.8770070414624691,0.8770070414624691
436,-0.6697879296684672,-0.20593885,-0.4638490837955882,0.4638490837955882
437,0.5424785013878901,-0.49871328,1.0411917861188014,1.0411917861188014
438,-0.8719129714842986,0.0016716197,-0.873584591197605,0.873584591197605
439,-0.8417672738465113,-0.7771642,-0.06460305303657476,0.06460305303657476
440,-0.8347704946416915,-0.732371,-0.10239952200832969,0.10239952200832969
441,-0.5707165134810719,-0.6531535,0.0824369656182018,0.0824369656182018
442,-0.17446806564215522,-0.65591985,0.4814517842304339,0.4814517842304339
443,-0.8142639768658632,-0.53324604,-0.2810179365216249,0.2810179365216249
444,-0.8611200673917575,-0.76494056,-0.09617950752771331,0.09617950752771331
445,-0.8752624934440527,-0.7659495,-0.10931300575789549,0.10931300575789549
446,-0.8499922111032407,-0.7513918,-0.0986003830430906,0.0986003830430906
447,-0.8182089693962402,-0.7222453,-0.09596369342196653,0.09596369342196653
448,-0.7823318675162068,-0.5980562,-0.1842756703497639,0.1842756703497639
449,-0.8564679535587656,-0.5887177,-0.2677502545078623,0.2677502545078623
450,-0.7477945744200751,-0.6706611,-0.07713348261557074,0.07713348261557074
451,-0.09899217081569489,-0.7347551,0.6357629280040378,0.6357629280040378
452,-0.2971722201011492,-0.6330656,0.3358933612205671,0.3358933612205671
453,-0.35906394253527324,-0.4947457,0.13568175901616414,0.13568175901616414
454,-0.48426163000875083,-0.59692127,0.11265963511652383,0.11265963511652383
455,-0.6391584121920487,-0.47463098,-0.16452743050831764,0.16452743050831764
456,-0.7766748970952888,-0.5426042,-0.2340706891027351,0.2340706891027351
457,-0.8250568809584042,-0.63316804,-0.19188883925231903,0.19188883925231903
458,-0.7906312385942643,-0.48917058,-0.3014606574918931,0.3014606574918931
459,-0.8679307620432576,-0.1276035,-0.7403272609617909,0.7403272609617909
460,-0.05388527509100559,-0.6126993,0.5588139951574075,0.5588139951574075
461,0.4831175288789138,-0.39008328,0.8732008120648727,0.8732008120648727
462,0.3859441751353791,0.030010626,0.355933549415355,0.355933549415355
463,0.40272900184481397,-0.18387395,0.5866029532799031,0.5866029532799031
464,0.3864279949740104,-0.15298268,0.5394106769636802,0.5394106769636802
465,-0.5384494519354402,-0.21295479,-0.32549466253533954,0.32549466253533954
466,-0.8111377563700926,-0.76116246,-0.049975296519781276,0.049975296519781276
467,-0.832165310895216,-0.79776096,-0.03440434745527454,0.03440434745527454
468,-0.7560567285874688,-0.7760061,0.019949373974481932,0.019949373974481932
469,-0.8404646819732734,-0.6154457,-0.22501900850754464,0.22501900850754464
470,-0.8099095983181828,-0.74263686,-0.0672727389012211,0.0672727389012211
471,-0.8579938468959869,-0.67226195,-0.18573189354210506,0.18573189354210506
472,-0.8564307366481015,-0.698378,-0.15805271016265843,0.15805271016265843
473,-0.10405367066599,-0.73385215,0.6297984773900402,0.6297984773900402
474,-0.5495773082239569,-0.4649029,-0.08467440061401732,0.08467440061401732
475,-0.8320908770738881,-0.67546856,-0.15662231304037977,0.15662231304037977
476,-0.8406135496159292,-0.776493,-0.0641205367108083,0.0641205367108083
477,-0.8394970422960112,-0.7958788,-0.04361821472414229,0.04361821472414229
478,-0.838343318065429,-0.8015344,-0.03680890377404722,0.03680890377404722
479,-0.7862768600465839,-0.7594786,-0.02679823141117743,0.02679823141117743
480,-0.8344727593563799,-0.6977398,-0.13673297940719165,0.13673297940719165
481,-0.8566168212014214,-0.6439186,-0.2126982473450676,0.2126982473450676
482,-0.8656605304927575,-0.5088592,-0.35680131332585685,0.35680131332585685
483,0.21322049274405658,-0.27701068,0.4902311719890517,0.4902311719890517
484,-0.765658691538764,-0.16588044,-0.5997782498731146,0.5997782498731146
485,-0.8196976458227977,-0.758719,-0.06097861878040878,0.06097861878040878
486,-0.8027639514707071,-0.75920546,-0.04355849092230624,0.04355849092230624
487,-0.8233449030678633,-0.6983854,-0.12495948560646808,0.12495948560646808
488,-0.8094257784795515,-0.79646945,-0.012956328482603308,0.012956328482603308
489,-0.7842671468707315,-0.78915477,0.004887621119380792,0.004887621119380792
490,-0.7850114850840103,-0.7301219,-0.054889574511958306,0.054889574511958306
491,-0.8617899717837082,-0.7149438,-0.14684614558513032,0.14684614558513032
492,-0.8522252257430769,-0.81627804,-0.035947185333988774,0.035947185333988774
493,0.21634671323982727,-0.8103211,1.0266678058454182,1.0266678058454182
494,-0.7851231358160021,-0.54358673,-0.24153640485897088,0.24153640485897088
495,-0.5049542323378987,-0.79275846,0.2878042324753337,0.2878042324753337
496,-0.6703461833284262,-0.36782438,-0.30252180769900117,0.30252180769900117
497,-0.6754821170000492,-0.6626949,-0.01278724557442057,0.01278724557442057
498,-0.676152021392,-0.73380053,0.05764850904165475,0.05764850904165475
499,-0.658473988826631,-0.757694,0.09922001713955553,0.09922001713955553
500,-0.6084544608943022,-0.7544548,0.1460003306515657,0.1460003306515657
501,-0.6563898418294506,-0.6958724,0.039482584203569426,0.039482584203569426
502,-0.6737701391095082,-0.6938093,0.020039131749256422,0.020039131749256422
503,0.33279842670727994,-0.6104217,0.9432201438741805,0.9432201438741805
504,-0.5725401421036049,-0.38194832,-0.19059182004588093,0.19059182004588093
505,-0.6041372992572858,-0.5720058,-0.03213149090386169,0.03213149090386169
506,-0.6403493533332946,-0.5132745,-0.1270748625000121,0.1270748625000121
507,-0.6793154587984346,-0.3425849,-0.33673055078985914,0.33673055078985914
508,-0.693383451029402,-0.5815354,-0.1118480520692885,0.1118480520692885
509,-0.8033222051306663,-0.6306674,-0.17265481669148786,0.17265481669148786
510,-0.8147850136151583,-0.7726652,-0.04211981099751305,0.04211981099751305
511,-0.629705316883409,-0.7721939,0.14248859180799722,0.14248859180799722
512,-0.6505467868552126,-0.5985786,-0.051968214581958216,0.051968214581958216
513,0.4367452581916506,-0.6828086,1.1195538362060244,1.1195538362060244
514,1.029312909782825,-0.13165373,1.1609666358837467,1.1609666358837467
515,1.083165779513539,0.005690083,1.0774756966058623,1.0774756966058623
516,-0.4729104722562506,0.15275133,-0.6256617988172247,0.6256617988172247
517,-0.7655470408067722,-0.5656876,-0.19985944400882905,0.19985944400882905
518,-0.832165310895216,-0.69744724,-0.13471807054258533,0.13471807054258533
519,-0.8746298059627658,-0.7375503,-0.13707948772164646,0.13707948772164646
520,0.5930190660695142,-0.70418984,1.2972089030484266,1.2972089030484266
521,-0.10576564855653095,1.0342765,-1.1400421339996463,1.1400421339996463
522,-0.23189375879660706,-0.0011283383,-0.23076542051926713,0.23076542051926713
523,-0.18764285201718828,-0.6472769,0.4596340263397453,0.4596340263397453
524,-0.6711649553630328,-0.6538168,-0.017348136172053774,0.017348136172053774
525,-0.7046601749605744,-0.74757886,0.04291868436864921,0.04291868436864921
526,-0.8026150838280514,-0.75473,-0.04788509763725546,0.04788509763725546
527,-0.877421074262561,-0.7631142,-0.11430686031907955,0.11430686031907955
528,-0.8415439723825276,-0.66906327,-0.17248070229051715,0.17248070229051715
529,-0.8814032837036021,-0.6619846,-0.219418661225117,0.219418661225117
530,-0.8869486033925285,-0.5588106,-0.3281380116948356,0.3281380116948356
531,-0.5177196326956285,-0.29589647,-0.22182316214890607,0.22182316214890607
532,-0.298958631813018,-0.44324556,0.14428692811778338,0.14428692811778338
533,-0.8543465896509213,-0.39228106,-0.4620655342004818,0.4620655342004818
534,-0.5119510115427186,-0.74566334,0.2337123333173583,0.2337123333173583
535,0.19196963675494974,-0.41633692,0.6083065605926115,0.6083065605926115
536,0.05702111868752113,-0.29671216,0.35373327879799477,0.35373327879799477
537,-0.8376734136734784,-0.4519706,-0.38570280663116574,0.38570280663116574
538,-0.8697543906657903,-0.7534611,-0.11629326815297292,0.11629326815297292
539,-0.8464193876795031,-0.8035038,-0.04291557632009757,0.04291557632009757
540,-0.8599291262505115,-0.82469076,-0.035238367068535226,0.035238367068535226
541,-0.09553099812394882,-0.80670506,0.7111740594970534,0.7111740594970534
542,-0.02489330168380013,-0.2931502,0.2682568848548962,0.2682568848548962
543,-0.6785339036744918,-0.048978917,-0.6295549863737907,0.6295549863737907
544,-0.6871310100378609,-0.6769732,-0.010157786351642661,0.010157786351642661
545,-0.6829999329541642,-0.67217696,-0.01082297582373204,0.01082297582373204
546,-0.6502118346592373,-0.7429208,0.09270898128543437,0.09270898128543437
547,-0.5796485720404164,-0.77668005,0.1970314802400096,0.1970314802400096
548,-0.6521471140137619,-0.64791054,-0.004236578678221137,0.004236578678221137
549,-0.6616002093224015,-0.7349462,0.07334598198848108,0.07334598198848108
550,0.06647421399616059,-0.66025656,0.7267307786133176,0.7267307786133176
551,-0.5347649777797108,-0.35467702,-0.18008795627626228,0.18008795627626228
552,-0.6215548134480073,-0.6700059,0.048451104101125964,0.048451104101125964
553,-0.6253881552463927,-0.6449363,0.01954816791950087,0.01954816791950087
554,-0.6656940694954343,-0.60061747,-0.06507660113834812,0.06507660113834812
555,-0.6645031283541883,-0.46081433,-0.2036888013526167,0.2036888013526167
556,-0.6703834002390902,-0.5663425,-0.10404092720899982,0.10404092720899982
557,-0.6365904453562371,-0.634788,-0.0018024686144463287,0.0018024686144463287
558,-0.6294447985087616,-0.6353982,0.00595341058623966,0.00595341058623966
559,-0.7273624904655748,-0.5719319,-0.15543059187167219,0.15543059187167219
560,-0.031034091943349485,-0.74508256,0.714048465258036,0.714048465258036
561,-0.8743692875881183,-0.5394049,-0.33496435890388365,0.33496435890388365
562,-0.8881767614444382,-0.8316141,-0.056562684353221204,0.056562684353221204
563,-0.8065972932690925,-0.823732,0.017134725201671697,0.017134725201671697
564,-0.07815070084389107,-0.7225594,0.6444086916083489,0.6444086916083489
565,-0.3569425786274288,-0.05880288,-0.29813969828065373,0.29813969828065373
566,1.5026375796067508,-0.2569402,1.759577765630463,1.759577765630463
567,1.659469641144574,0.28692105,1.3725485870197418,1.3725485870197418
568,0.4906725617436928,0.3403029,0.15036964736266556,0.15036964736266556
569,1.173975041533541,0.4356998,0.7382752508173698,0.7382752508173698
570,1.2513489988038617,0.49843356,0.7529154386708814,0.7529154386708814
571,0.0674418536734228,0.2814364,-0.21399455985311222,0.21399455985311222
572,-0.38169182421894576,-0.65931034,0.2776185166624019,0.2776185166624019
573,-0.42408188546516784,-0.7691099,0.3450280193009149,0.3450280193009149
574,-0.035127952116382144,-0.6808024,0.6456744527641416,0.6456744527641416
575,-0.8150827489004697,-0.48741582,-0.327666928540286,0.327666928540286
576,-0.8072299807503794,-0.7662312,-0.040998801513013716,0.040998801513013716
577,-0.8279225830795273,-0.69927824,-0.12864434764404142,0.12864434764404142
578,-0.7627929894176408,-0.37788847,-0.384904518529503,0.384904518529503
579,-0.07040958342579268,0.09439653,-0.16480611500767134,0.16480611500767134
580,2.0512520597038186,0.6101897,1.4410623834190286,1.4410623834190286
581,2.5917160363654834,1.3511204,1.2405956836204273,1.2405956836204273
582,2.712336043827297,1.0032294,1.7091066641733663,1.7091066641733663
583,1.1869265264445898,1.2427024,-0.05577583847697998,0.05577583847697998
584,0.8521231981118301,0.78385663,0.06826656778651274,0.06826656778651274
585,2.18102742718896,0.9270775,1.2539499549790296,1.2539499549790296
586,1.446626129057529,1.0617998,0.38482636442435036,0.38482636442435036
587,1.0465071225095628,0.9734394,0.07306772708185894,0.07306772708185894
588,3.2155086760036995,1.0962106,2.119298077058082,2.119298077058082
589,1.10899431551431,1.181213,-0.0722187057640713,0.0722187057640713
590,0.5381241228402099,0.73696065,-0.1988365266501465,0.1988365266501465
591,0.9257754643157575,0.760951,0.16482448174510933,0.16482448174510933
592,0.7149044484939014,0.8164048,-0.10150037099462395,0.10150037099462395
593,1.518268682085604,0.6927512,0.8255174532762473,0.8255174532762473
594,0.3772726349506824,0.9672148,-0.5899421878184826,0.5899421878184826
595,0.46510454411756924,0.31223124,0.15287330146086148,0.15287330146086148
596,-0.787988837937125,-0.0059536174,-0.7820352205431546,0.7820352205431546
597,-0.7956183046232318,-0.72595584,-0.06966246069775572,0.06966246069775572
598,-0.8141151092232074,-0.7311117,-0.08300340392001526,0.08300340392001526
599,-0.7499159383279194,-0.7190057,-0.030910234401832937,0.030910234401832937
600,-0.7763027279886494,-0.5317181,-0.24458465271322827,0.24458465271322827
601,-0.8180973186642484,-0.59017485,-0.2279224648625211,0.2279224648625211
602,-0.837859498226798,-0.43760052,-0.40025897499338425,0.40025897499338425
603,-0.051391742076521967,0.15504667,-0.206438413705474,0.206438413705474
604,1.804392291269937,1.2996428,0.504749489985147,0.504749489985147
605,1.314245577825912,0.7119282,0.6023173890251001,0.6023173890251001
606,0.5258797592317752,0.62893957,-0.10305980976465423,0.10305980976465423
607,0.4623504927284381,0.3744822,0.08786827827760191,0.08786827827760191
608,0.5818912097809973,0.131484,0.4504072079060736,0.4504072079060736
609,0.6152003448252195,0.12573159,0.4894687574152463,0.4894687574152463
610,1.228088429638902,0.038995743,1.1890926868410505,1.1890926868410505
611,-0.3612597402644454,0.56762385,-0.9288835939479171,0.9288835939479171
612,-0.6772313118012543,-0.75105196,0.07382065057438658,0.07382065057438658
613,-0.2508371663245499,-0.73008573,0.47924856422812345,0.47924856422812345
614,-0.6117667659433924,0.039444793,-0.6512115589591109,0.6512115589591109
615,-0.18593087412664722,-0.4033711,0.21744022153070142,0.21744022153070142
616,0.8507833893279284,0.5386274,0.31215600323478876,0.31215600323478876
617,1.8507645619572004,0.9482759,0.9024886382282575,0.9024886382282575
618,1.4408947248152832,0.6573006,0.7835941333464722,0.7835941333464722
619,0.5244655166265456,0.27739555,0.2470699701902358,0.2470699701902358
620,-0.697477311202435,-0.54270405,-0.15477326542988246,0.15477326542988246
621,0.05117806371328323,-0.89510065,0.9462787168848226,0.9462787168848226
622,-0.8297462117020602,-0.5286413,-0.3011049281899447,0.3011049281899447
623,-0.8273643294195684,-0.79725,-0.030114356599286407,0.030114356599286407
624,-0.851071501512495,-0.61900854,-0.23206296040531726,0.23206296040531726
625,-0.8557236153454868,-0.67438173,-0.18134188240481297,0.18134188240481297
626,-0.7829645549974937,-0.36376822,-0.4191963350496788,0.4191963350496788
627,-0.12191778778467886,0.16156799,-0.283485773796184,0.283485773796184
628,1.6513191377091718,0.83146065,0.8198584829736066,0.8198584829736066
629,1.0765039525046947,0.7464771,0.33002682542949935,0.33002682542949935
630,0.976055510622734,0.32342002,0.6526354926650466,0.6526354926650466
631,0.37611891072010034,0.32078227,0.0553366367123031,0.0553366367123031
632,0.4170947293610928,0.047037933,0.370056796339309,0.370056796339309
633,0.7667103881380991,-0.11149991,0.8782103011749224,0.8782103011749224
634,0.5107324765915535,0.3180946,0.1926378654236458,0.1926378654236458
635,0.7633236492676809,0.020738058,0.7425855914754942,0.7425855914754942
636,0.7808900311010583,0.1997863,0.581103725673507,0.581103725673507
637,0.7600113442185908,0.22129425,0.5387170901540309,0.5387170901540309
638,0.7591925721839841,0.24075377,0.5184388023094113,0.5184388023094113
639,0.49688778582456977,0.54731965,-0.05043186482545464,0.05043186482545464
640,-0.0033819273200457922,-0.08218137,0.07879944442840163,0.07879944442840163
641,0.003354333510126707,0.039988898,-0.036634564230714206,0.036634564230714206
642,0.32304759611332906,0.023254212,0.2997933841213037,0.2997933841213037
643,-0.12292264437260512,0.12921678,-0.25213941967072373,0.25213941967072373
644,-0.5827747925361869,-0.56075335,-0.02202144704668496,0.02202144704668496
645,-0.418722650329561,-0.7961313,0.37740866251757643,0.37740866251757643
646,-0.28109451469432917,-0.7163069,0.4352124101256171,0.4352124101256171
647,-0.8525229610283885,-0.62113523,-0.23138772619562487,0.23138772619562487
648,-0.7821457829628873,-0.6849542,-0.09719155694588899,0.09719155694588899
649,-0.8581054976279787,-0.6601585,-0.19794698265147725,0.19794698265147725
650,-0.850513247852536,-0.4408696,-0.40964364827177124,0.40964364827177124
651,-0.18462828225340938,0.029873647,-0.21450192904915905,0.21450192904915905
652,1.075275794452785,0.7048119,0.37046392340099676,0.37046392340099676
653,0.9090650714276507,0.56857055,0.3404945171712115,0.3404945171712115
654,0.3867257302593219,0.39964432,-0.012918584983445447,0.012918584983445447
655,0.4473892946415361,-0.004134737,0.45152403159670196,0.45152403159670196
656,0.3193259050469355,0.031248614,0.2880772908549265,0.2880772908549265
657,0.32461070636121414,-0.2013411,0.5259517989477315,0.5259517989477315
658,0.35970625311730503,-0.2862775,0.6459837558924972,0.6459837558924972
659,0.4033616893261008,-0.2642474,0.6676090769737295,0.6676090769737295
660,-0.7722833016369444,-0.18533868,-0.5869446256611448,0.5869446256611448
661,-0.8825197910235202,-0.77656543,-0.10595435847499723,0.10595435847499723
662,-0.8786120154038068,-0.69166636,-0.18694565073400704,0.18694565073400704
663,0.4322792289119784,-0.7112558,1.143535017715079,1.143535017715079
664,1.5646037358622031,0.435521,1.1290827292780357,1.1290827292780357
665,2.675937905197969,0.9531273,1.7228105806168226,1.7228105806168226
666,3.190238393662888,1.1310129,2.0592254770979466,2.0592254770979466
667,1.104974889162605,1.1908679,-0.08589301168578367,0.08589301168578367
668,0.6926115190062043,-0.33256412,1.0251756345304963,1.0251756345304963
669,0.34474505503040304,-0.52279663,0.867541685889778,0.867541685889778
670,-0.8185439215922157,-0.19503096,-0.6235129641318122,0.6235129641318122
671,-0.8787980999571265,-0.91587,0.03707191089568718,0.03707191089568718
672,-0.8828919601301595,-0.675012,-0.20787996767563066,0.20787996767563066
673,-0.8729550449828889,-0.61691546,-0.2560395805816438,0.2560395805816438
674,-0.8664048687060363,-0.647292,-0.21911285076932974,0.21911285076932974
675,-0.7993772126002892,-0.18366015,-0.6157170630260094,0.6157170630260094
676,1.0358258691490139,-0.0123741925,1.0482000616252864,1.0482000616252864
677,1.434679500734406,0.6379345,0.7967449947949223,0.7967449947949223
678,0.9533531951177335,0.6922693,0.2610838698613859,0.2610838698613859
679,0.3163857691044844,0.35102797,-0.03464219644116989,0.03464219644116989
680,0.3948762336947235,0.08367628,0.3111999551035675,0.3111999551035675
681,0.3680428411060266,-0.09665004,0.4646928827458314,0.4646928827458314
682,0.36242308759577224,-0.2572088,0.6196318819511647,0.6196318819511647
683,0.5434089241544884,-0.26068154,0.8040904639284294,0.8040904639284294
684,0.22423669830058113,-0.08946156,0.3136982558677007,0.3136982558677007
685,-0.09206982543220299,-0.32366005,0.2315902204299949,0.2315902204299949
686,-0.4697098179391522,-0.11107578,-0.3586340366533894,0.3586340366533894
687,0.03316507895193865,-0.3692249,0.40238998491965106,0.40238998491965106
688,2.047828103922736,0.6015468,1.446281279944312,1.446281279944312
689,-0.2090053587382869,0.94160694,-1.1506122975772457,1.1506122975772457
690,-0.32311240683391196,-0.6028145,0.2797020887295951,0.2797020887295951
691,-0.40350093386801167,-0.513669,0.11016808010903911,0.11016808010903911
692,-0.005614941959881652,-0.7081333,0.7025183383173705,0.7025183383173705
693,-0.83097436975397,-0.6575152,-0.17345914195932277,0.17345914195932277
694,-0.8696055230231345,-0.8571364,-0.012469094666963887,0.012469094666963887
695,-0.8712058501816838,-0.8771292,0.005923346938982665,0.005923346938982665
696,-0.8034338558626581,-0.6758766,-0.12755723843101752,0.12755723843101752
697,-0.8771977727985775,-0.6935926,-0.18360516482357137,0.18360516482357137
698,-0.8674097252939624,-0.72706026,-0.14034946690544314,0.14034946690544314
699,-0.5355465329036534,-0.45561805,-0.07992847922895552,0.07992847922895552
700,1.1390655793307698,-0.32815963,1.4672252096293843,1.4672252096293843
701,0.5847941288127844,0.63623637,-0.0514422407970484,0.0514422407970484
702,0.8969695754618717,0.29846555,0.5985040255160404,0.5985040255160404
703,1.8768908332432825,0.5550265,1.321864361628445,1.321864361628445
704,1.0186688733329394,0.65725046,0.3614184093703845,0.3614184093703845
705,1.3791146531131508,0.43406743,0.9450472250011208,0.9450472250011208
706,0.7033672061880817,0.75863963,-0.05527242746746641,0.05527242746746641
707,2.1789060632811155,0.4079583,1.7709477643595304,1.7709477643595304
708,1.1573018655560978,0.7914482,0.3658536896489628,0.3658536896489628
709,-0.20014773400027047,0.47336262,-0.6735103586455036,0.6735103586455036
710,1.9943474032986617,-0.015274771,2.009622173856542,2.009622173856542
711,3.074158849302074,0.45813745,2.6160213966996877,2.6160213966996877
712,2.603290495581968,1.8981214,0.7051691386178565,0.7051691386178565
713,1.1232111753879332,1.3568116,-0.2336004672588563,0.2336004672588563
714,0.3760072599881085,-0.08282093,0.4588281895749959,0.4588281895749959
715,0.4074927664097976,-0.22831231,0.6358050799664687,0.6358050799664687
716,0.5042567341360288,-0.25851142,0.762768158200665,0.762768158200665
717,0.47686508788737264,-0.025692277,0.5025573645440002,0.5025573645440002
718,-0.10490965961126054,-0.24089843,0.1359887707361821,0.1359887707361821
719,-0.8477219795527406,-0.671462,-0.17625998013638933,0.17625998013638933
720,-0.8446329759676342,-0.81271654,-0.03191643229316521,0.03191643229316521
721,-0.7728043383862394,-0.63260376,-0.14020057385224283,0.14020057385224283
722,-0.8698660413977821,-0.6896905,-0.1801755707022865,0.1801755707022865
723,-0.8746670228734297,-0.6959003,-0.17876670186665478,0.17876670186665478
724,-0.8377850644054702,-0.58427304,-0.25351202411082296,0.25351202411082296
725,-0.8501038618352327,-0.52098715,-0.329116708781949,0.329116708781949
726,-0.2487902362380336,-0.4843695,0.23557925033232469,0.23557925033232469
727,0.06543214049757053,-0.08903105,0.15446318861663866,0.15446318861663866
728,-0.0706701018004402,0.2128591,-0.283529195943354,0.283529195943354
729,0.7737443842535828,0.04394407,0.7298003160005425,0.7298003160005425
730,0.7490695724833939,0.5624877,0.18658185104021763,0.18658185104021763
731,-0.07130278928172727,0.34213313,-0.41343592388522765,0.41343592388522765
732,-0.054369094929636694,-0.3772865,0.32291739884859205,0.32291739884859205
733,-0.3476383509614452,-0.036496036,-0.31114231520676455,0.31114231520676455
734,0.4854249773400778,0.014662541,0.4707624358910078,0.4707624358910078
735,0.0939030771554807,0.70512,-0.6112169499097964,0.6112169499097964
736,0.6208945321568015,0.52924067,0.09165386433682465,0.09165386433682465
737,0.46663043745479066,0.61993307,-0.15330263129749816,0.15330263129749816
738,2.125871965585008,-0.02183126,2.1477032247164396,2.1477032247164396
739,0.7936926483694521,0.46826562,0.3254270255152193,0.3254270255152193
740,0.11604713900052212,-0.51689374,0.6329408834692111,0.6329408834692111
741,-0.7361828982929274,-0.73244643,-0.003736466179279918,0.003736466179279918
742,-0.8584032329132901,-0.91035545,0.05195221580954923,0.05195221580954923
743,-0.5873524725478511,-0.7625209,0.17516843676153615,0.17516843676153615
744,-0.4625641710916766,-0.6402926,0.17772841380441107,0.17772841380441107
745,-0.8738854677494872,-0.67378217,-0.200103297930609,0.200103297930609
746,-0.782890121176166,-0.35205394,-0.43083618087999287,0.43083618087999287
747,-0.49237491653348864,0.0594008,-0.5517757171490377,0.5517757171490377
748,0.9772836686746437,0.018132344,0.9591513247863609,0.9591513247863609
749,0.3787613113772397,0.45613167,-0.07737035552148774,0.07737035552148774
750,0.44351873593248675,0.10425425,0.3392644827238495,0.3392644827238495
751,0.48181493700567596,0.06016235,0.4216525864702832,0.4216525864702832
752,0.4985625468044469,0.061720006,0.43684254063655825,0.43684254063655825
753,0.6650710051148923,0.08074114,0.5843298678487332,0.5843298678487332
754,0.3680428411060266,0.2644849,0.10355792894896787,0.10355792894896787
755,0.40548305323394535,-0.14048386,0.5459669094351172,0.5459669094351172
756,0.4627598787457411,-0.31175026,0.7745101417214338,0.7745101417214338
757,-0.07178660912035838,-0.1433838,0.07159719186307058,0.07159719186307058
758,-0.6884708188217625,-0.4106325,-0.27783832771000716,0.27783832771000716
759,-0.6700112311324508,-0.5407354,-0.12927580756753987,0.12927580756753987
760,2.0546015816635728,-0.44295892,2.4975605028576493,2.4975605028576493
761,1.871010561358381,1.6496277,0.22138287581150595,0.22138287581150595
762,1.6392980755647208,1.0005285,0.6387696207841422,0.6387696207841422
763,0.7309449369900575,0.62558705,0.10535789084366465,0.10535789084366465
764,-0.5914835496315479,-0.5152636,-0.07621993259282112,0.07621993259282112
765,-0.8666281701700199,-0.84551173,-0.021116435684393697,0.021116435684393697
766,-0.7669240665013377,-0.87339085,0.10646678690366107,0.10646678690366107
767,-0.8423255275064702,-0.70374036,-0.13858516915380903,0.13858516915380903
768,-0.881366066792938,-0.650639,-0.230727069238159,0.230727069238159
769,-0.21034516752218865,-0.6084506,0.3981054240419898,0.3981054240419898
770,-0.8376734136734784,-0.3169732,-0.5207002042923748,0.5207002042923748
771,0.47314339682097906,0.13653526,0.3366081397199201,0.3366081397199201
772,0.6241696202952276,1.0962101,-0.47204050181323187,0.47204050181323187
773,1.0609472838471699,0.3542985,0.7066487816403675,0.7066487816403675
774,0.5783928201785877,0.46934867,0.1090441511264637,0.1090441511264637
775,0.37905904666255136,0.2149032,0.1641558410293879,0.1641558410293879
776,0.44322100064717534,0.013348006,0.429872994935143,0.429872994935143
777,0.3399440735547554,-0.092835955,0.4327800288765442,0.4327800288765442
778,-0.5425805290191371,-0.21876222,-0.32381831006695816,0.32381831006695816
779,-0.6322732837192205,-0.638606,0.006332728148302658,0.006332728148302658
780,-0.5029445191620463,-0.568227,0.06528247392190756,0.06528247392190756
781,-0.4162291173150774,-0.19910526,-0.21712385455872973,0.21712385455872973
782,-0.41287959535532326,-0.2374925,-0.175387093619636,0.175387093619636
783,0.5229024063786605,-0.16499943,0.6879018317898848,0.6879018317898848
784,0.6974125004818522,0.5272655,0.1701470113804423,0.1701470113804423
785,0.42103972189147,0.8486291,-0.42758939512055394,0.42758939512055394
786,0.6786923944178924,0.22979376,0.44889863721765133,0.44889863721765133
787,0.9353402103563887,0.20560679,0.7297334219595534,0.7297334219595534
788,-0.7175744429609598,-0.3671742,-0.35040023479674476,0.35040023479674476
789,-0.8282203183648389,-0.84058374,0.012363423300047582,0.012363423300047582
790,-0.8599291262505115,-0.857034,-0.002895098674065011,0.002895098674065011
791,-0.7562428131407885,-0.7540514,-0.002191425830760374,0.002191425830760374
792,-0.7913383598968792,-0.62214935,-0.169189011637907,0.169189011637907
793,-0.8454145310915768,-0.66846126,-0.17695326791179777,0.17695326791179777
794,-0.8596686078758639,-0.23118895,-0.6284796549530428,0.6284796549530428
795,0.01090936637490544,0.038990494,-0.02808112748891559,0.02808112748891559
796,1.0763178679513752,0.6539196,0.4223982903528034,0.4223982903528034
797,1.02406532537921,0.5545247,0.4695406056640916,0.4695406056640916
798,0.9548418715442908,0.27468875,0.6801531210388434,0.6801531210388434
799,0.39394581092812525,0.1684139,0.22553190363862025,0.22553190363862025
800,0.7720696232737057,0.06953961,0.7025300167025081,0.7025300167025081
801,2.0702326841424252,0.12813538,1.9420973010133054,1.9420973010133054
802,1.5922559004855066,0.55748135,1.0347745519709497,1.0347745519709497
803,0.6851309199627532,0.6226439,0.06248703196607963,0.06248703196607963
804,0.6766826812420401,0.40237337,0.27430930773358675,0.27430930773358675
805,0.40310117095145354,0.37119406,0.03190710633429655,0.03190710633429655
806,0.20242758865151533,0.11951913,0.08290845925603041,0.08290845925603041
807,1.501707156840153,0.23871753,1.2629896306427195,1.2629896306427195
808,0.6832328575188925,0.26211935,0.4211135047013571,0.4211135047013571
809,0.28490026268279556,0.7862672,-0.501366958291173,0.501366958291173
810,1.2945578320846902,0.637562,0.6569958551750528,0.6569958551750528
811,0.2919714757089432,0.31873596,-0.0267644814367477,0.0267644814367477
812,-0.7725438200115919,-0.61955893,-0.15298488961455825,0.15298488961455825
813,-0.8043642786292564,-0.8333502,0.02898590295033343,0.02898590295033343
814,-0.7817363969455838,-0.8936346,0.11189822038305997,0.11189822038305997
815,-0.8619016225157001,-0.76278895,-0.09911267111875799,0.09911267111875799
816,-0.8421766598638145,-0.60549885,-0.23667780951820294,0.23667780951820294
817,-0.8807705962223151,-0.6395675,-0.2412031018299201,0.2412031018299201
818,-0.5068895116924235,-0.32653162,-0.1803578928588816,0.1803578928588816
819,1.0067222450098163,0.38008976,0.6266324851831562,0.6266324851831562
820,0.77069259757914,0.67267555,0.09801704759516172,0.09801704759516172
821,0.7431148667771641,0.49150982,0.2516050417859379,0.2516050417859379
822,0.31441327283929604,0.427918,-0.11350471426893455,0.11350471426893455
823,0.473180613731643,-0.031804286,0.5049848996751511,0.5049848996751511
824,-0.5722424068182933,-0.025827117,-0.5464152895540225,0.5464152895540225
825,-0.7221149060619598,-0.75264096,0.03052605653874818,0.03052605653874818
826,-0.7578803572100015,-0.5945797,-0.16330066055472803,0.16330066055472803
827,-0.7527072066277145,-0.6678456,-0.08486159982382047,0.08486159982382047
828,-0.3143664328278872,-0.7695739,0.455207494097772,0.455207494097772
829,-0.22363160462921353,-0.13177028,-0.09186132164543362,0.09186132164543362
830,0.18225602307166253,0.16754305,0.014712969444648366,0.014712969444648366
831,0.5926841138735385,0.27428982,0.3183942972555728,0.3183942972555728
832,1.5725309378336216,-0.14122391,1.7137548453043248,1.7137548453043248
833,2.1525564905310497,0.7509919,1.4015646096373424,1.4015646096373424
834,0.9712173122364222,0.55425966,0.4169576543766199,0.4169576543766199
835,-0.2934505290347556,-0.47939017,0.18593964511571132,0.18593964511571132
836,-0.567850811359949,-0.7208117,0.1529609133028318,0.1529609133028318
837,-0.6801342308330411,-0.8333857,0.15325147511483483,0.15325147511483483
838,-0.6282538573675156,-0.78508204,0.15682818484973904,0.15682818484973904
839,-0.6003039574589004,-0.7032661,0.10296212673528293,0.10296212673528293
840,-0.3955737318965935,-0.49525318,0.09967944360046155,0.09967944360046155
841,-0.20770276686504918,-0.5120902,0.30438743928119105,0.30438743928119105
842,-0.64522476863027,-0.2943118,-0.3509129769718685,0.3509129769718685
843,-0.4000025442656018,-0.12827739,-0.27172515307030454,0.27172515307030454
844,0.3702014219245348,0.0017030761,0.3684983458599482,0.3684983458599482
845,0.8057881443352312,0.2486791,0.5571090428680986,0.5571090428680986
846,0.3581431428694197,0.4343415,-0.0761983473992876,0.0761983473992876
847,0.4255801849924701,0.027557816,0.39802236863604956,0.39802236863604956
848,0.31344563316203383,0.0002033785,0.3132422546634796,0.3132422546634796
849,0.3929409543401991,-0.21109977,0.6040407279856002,0.6040407279856002
850,0.4060785238045682,-0.17674366,0.5828221802014341,0.5828221802014341
851,0.5699073645472105,-0.112456895,0.682364259958225,0.682364259958225
852,0.3718761829044117,0.040099826,0.3317763571943535,0.3317763571943535
853,-0.7169417554796729,-0.12479692,-0.5921448359550032,0.5921448359550032
854,-0.6444804304169913,-0.77079445,0.12631402081973353,0.12631402081973353
855,-0.3497224979586254,-0.5119663,0.16224379013112677,0.16224379013112677
856,1.8253081950630683,0.020779513,1.8045286822404403,1.8045286822404403
857,0.88532068242406,1.0430835,-0.15776286612177737,0.15776286612177737
858,0.3524117386271738,0.55559534,-0.2031835997174002,0.2031835997174002
859,0.4322047950906505,-0.35513327,0.7873380603475322,0.7873380603475322
860,-0.4696726010284881,-0.32612172,-0.14355088333706661,0.14355088333706661
861,0.04827514468149636,-0.8127244,0.8609995561690758,0.8609995561690758
862,-0.7800244190550429,-0.55552953,-0.224494884238301,0.224494884238301
863,-0.8251313147797322,-0.8425922,0.01746086499550581,0.01746086499550581
864,-0.7999669574923485,-0.6679044,-0.1320625805087059,0.1320625805087059
865,-0.7999669574923485,-0.7298582,-0.0701087378687828,0.0701087378687828
866,-0.7999669574923485,-0.6724028,-0.1275641583628624,0.1275641583628624
867,-0.7999669574923485,-0.5384763,-0.26149066917371444,0.26149066917371444
868,-0.7999669574923485,-0.536625,-0.2633419298357933,0.2633419298357933
869,-0.7999669574923485,-0.59506166,-0.20490529767942123,0.20490529767942123
870,-0.7999669574923485,-0.642359,-0.1576079391665428,0.1576079391665428
871,-0.7999669574923485,-0.6771747,-0.12279227010678939,0.12279227010678939
872,-0.7999669574923485,-0.7132135,-0.08675345413160018,0.08675345413160018
873,-0.7999669574923485,-0.72438157,-0.07558539144468002,0.07558539144468002
874,-0.7999669574923485,-0.7300873,-0.06987967721891097,0.06987967721891097
875,-0.7999669574923485,-0.7253123,-0.07465466491651229,0.07465466491651229
876,-0.7999669574923485,-0.7145227,-0.08544423810910873,0.08544423810910873
877,-0.7999669574923485,-0.7068762,-0.09309073917340926,0.09309073917340926
878,-0.7999669574923485,-0.7196676,-0.08029934398603134,0.08029934398603134
879,-0.7999669574923485,-0.7103573,-0.08960964910459213,0.08960964910459213
880,-0.7999669574923485,-0.700161,-0.0998059772677391,0.0998059772677391
881,-0.7999669574923485,-0.6312794,-0.1686875485606163,0.1686875485606163
882,-0.7999669574923485,-0.69000715,-0.10995980731916122,0.10995980731916122
883,-0.7999669574923485,-0.73122686,-0.06874009601545028,0.06874009601545028
884,-0.7999669574923485,-0.74614257,-0.05382439128827743,0.05382439128827743
885,-0.7999669574923485,-0.7566184,-0.04334857694577865,0.04334857694577865
886,-0.7999669574923485,-0.78014356,-0.01982339851331405,0.01982339851331405
887,-0.7999669574923485,-0.7996204,-0.00034656755399398165,0.00034656755399398165
888,-0.7999669574923485,-0.79184294,-0.008124020022866052,0.008124020022866052
889,-0.7999669574923485,-0.77028245,-0.029684510154244226,0.029684510154244226
890,-0.7999669574923485,-0.68748564,-0.11248132221173934,0.11248132221173934
891,-0.7999669574923485,-0.6033062,-0.1966607832140892,0.1966607832140892
892,-0.7999669574923485,-0.6785481,-0.12141885988187484,0.12141885988187484
893,-0.7999669574923485,-0.71352243,-0.08644452325772933,0.08644452325772933
894,-0.7999669574923485,-0.7465119,-0.05345508090924911,0.05345508090924911
895,-0.7999669574923485,-0.76538354,-0.03458341590833358,0.03458341590833358
896,-0.7999669574923485,-0.7755744,-0.024392571372505945,0.024392571372505945
897,-0.7999669574923485,-0.78041583,-0.019551124495980066,0.019551124495980066
898,-0.10386758611267036,-0.78101534,0.677147750400849,0.677147750400849
899,0.7268510768170245,-0.048476435,0.775327512061108,0.775327512061108
900,0.8433027902844775,0.18990083,0.6534019598964084,0.6534019598964084
901,0.30425305622804166,0.06372388,0.24052917915570737,0.24052917915570737
902,-0.7503997581665505,-0.46791157,-0.2824881869022835,0.2824881869022835
903,-0.6375953019441634,-0.6964139,0.058818572681996306,0.058818572681996306
904,1.601895080347466,-0.6449707,2.2468657953933953,2.2468657953933953
905,1.5666506659487196,1.0347596,0.531891025255055,0.531891025255055
906,1.5742429157241626,0.57092386,1.0033190508827015,1.0033190508827015
907,-0.4421693040478403,0.21618205,-0.6583513571369821,0.6583513571369821
908,-0.2661333166074273,-0.6336133,0.3674799717951301,0.3674799717951301
909,-0.5768945206512852,-0.4100968,-0.16679772628444867,0.16679772628444867
910,-0.8661815672420525,-0.71896297,-0.14721859984627006,0.14721859984627006
911,-0.19973834798296722,-0.73562294,0.5358845944646952,0.5358845944646952
912,-0.8735877324641756,-0.5716353,-0.3019524265826754,0.3019524265826754
913,-0.7958416060872152,-0.6890305,-0.10681107801867273,0.10681107801867273
914,-0.8006053706521989,-0.2707094,-0.5298959752435686,0.5298959752435686
915,0.36893604696196064,0.09296211,0.27597393840950474,0.27597393840950474
916,0.8130082250040342,0.8085642,0.00444403890784284,0.00444403890784284
917,0.3633535103623705,0.42668864,-0.06333513094736765,0.06333513094736765
918,0.31642298601514857,0.10895052,0.2074724679434971,0.2074724679434971
919,0.35017872398733746,0.0027851537,0.3473935703003372,0.3473935703003372
920,0.3117708721821567,-0.06494675,0.3767176204984447,0.3767176204984447
921,0.6447505718923836,-0.18384713,0.8285977012373238,0.8285977012373238
922,0.5284105091569228,-0.030877605,0.5592881142375273,0.5592881142375273
923,0.4279620672749621,-0.10245388,0.5304159472869975,0.5304159472869975
924,0.3406884117680343,-0.1473425,0.4880309148388656,0.4880309148388656
925,0.168262464662023,-0.12318847,0.29145093794626753,0.29145093794626753
926,-0.8680051958645854,-0.31593248,-0.5520727133835825,0.5520727133835825
927,-0.3611480895324536,-0.80479515,0.44364705645601077,0.44364705645601077
928,0.3789101790198954,-0.003642492,0.3825526710161837,0.3825526710161837
929,1.1663455748474343,1.0565102,0.10983536481020284,0.10983536481020284
930,0.9055294649145771,0.9754424,-0.06991294460080377,0.06991294460080377
931,0.07533183873417716,-0.09111262,0.16644445986273626,0.16644445986273626
932,-0.8802123425623561,-0.7589158,-0.12129656058756366,0.12129656058756366
933,-0.8407624172585848,-0.87513053,0.0343681169134733,0.0343681169134733
934,-0.04796778629543982,-0.86133254,0.8133647494482735,0.8133647494482735
935,-0.795432220069912,-0.57082254,-0.22460968312456897,0.22460968312456897
936,-0.7998610324389203,-0.7353992,-0.06446184582774472,0.06446184582774472
937,-0.8447818436102899,-0.68283695,-0.16194489378500299,0.16194489378500299
938,-0.8925311399921185,-0.35759732,-0.5349338187202222,0.5349338187202222
939,-0.6708672200777214,0.043482088,-0.7143493076302688,0.7143493076302688
940,0.21269945599476153,0.22956514,-0.016865687590443545,0.016865687590443545
941,1.2583085610980176,0.29957068,0.9587378814334058,0.9587378814334058
942,0.9566655001668237,0.6185247,0.3381408295659326,0.3381408295659326
943,0.6159074661278342,0.3925937,0.22331375451322544,0.22331375451322544
944,0.43518214794376525,0.15920031,0.27598183723667297,0.27598183723667297
945,0.426287306295085,0.011372432,0.4149148741823912,0.4149148741823912
946,0.3289650849088946,-0.18307447,0.5120395592436113,0.5120395592436113
947,0.5801792318904565,-0.27332377,0.8535030062282251,0.8535030062282251
948,1.270552924706452,-0.05202248,1.3225754041809965,1.3225754041809965
949,-0.07949050962779283,0.034548793,-0.11403930261585474,0.11403930261585474
950,-0.568967318679867,-0.16207999,-0.4068873287697413,0.4068873287697413
951,-0.6272117838689255,-0.2589475,-0.3682642922231125,0.3682642922231125
952,1.515402979964481,-0.34863263,1.8640356136505467,1.8640356136505467
953,1.5708561768537446,1.2520459,0.31881030702647406,0.31881030702647406
954,1.5770341840239577,0.87593853,0.7010956492873244,0.7010956492873244
955,0.822945140151305,0.04353587,0.7794092705827187,0.7794092705827187
956,-0.6773057456225822,-0.5361477,-0.14115803196138832,0.14115803196138832
957,-0.8789097506891184,-0.84951246,-0.029397292841523148,0.029397292841523148
958,-0.8285924874714782,-0.82531726,-0.0032752238682677293,0.0032752238682677293
959,-0.8655860966714295,-0.76680887,-0.09877722921690069,0.09877722921690069
960,-0.38072418454168344,-0.6336304,0.25290621039392447,0.25290621039392447
961,-0.46755123712064395,-0.6359348,0.16838359259127011,0.16838359259127011
962,-0.8364080387109045,-0.39216354,-0.44424449381763975,0.44424449381763975
963,0.3321285223153292,0.068760745,0.2633677770879923,0.2633677770879923
964,0.7195565623268934,0.83697927,-0.11742270765449092,0.11742270765449092
965,0.7808155972797302,0.36749795,0.41331764648741753,0.41331764648741753
966,0.735745918465705,0.37319168,0.3625542339812232,0.3625542339812232
967,0.7973026887038539,0.34587476,0.45142793212922316,0.45142793212922316
968,2.3366685475855364,0.21953112,2.117137428715755,2.117137428715755
969,1.2117874227680983,0.4914545,0.7203329108872236,0.7203329108872236
970,1.6687366518998934,0.4828764,1.1858602616811587,1.1858602616811587
971,2.1934206584400506,0.42733446,1.7660862008041711,1.7660862008041711
972,0.46986830868255286,0.3023264,0.16754189767371802,0.16754189767371802
973,-0.45523243969088145,0.39683408,-0.8520665151417787,0.8520665151417787
974,-0.39728570978713457,-0.22798061,-0.16930509607863847,0.16930509607863847
975,-0.5024606993234151,-0.19240814,-0.31005255484938554,0.31005255484938554
976,0.25951832960999166,-0.20666084,0.466179166545035,0.466179166545035
977,1.103672297289367,1.0708722,0.03280010967492619,0.03280010967492619
978,1.4592054448619391,1.0063747,0.4528307281032111,0.4528307281032111
979,0.18921558536581862,0.13658118,0.05263440288596022,0.05263440288596022
980,-0.7074514432603695,-0.6277508,-0.07970062929934041,0.07970062929934041
981,-0.7073025756177137,-0.8159065,0.10860394904048942,0.10860394904048942
982,-0.6793526757090986,-0.8222677,0.1429150354534685,0.1429150354534685
983,-0.6888802048390659,-0.71285945,0.023979246931716602,0.023979246931716602
984,-0.6472716987167865,-0.5222561,-0.1250156223808795,0.1250156223808795
985,-0.7039530536579596,-0.5046902,-0.19926288336987363,0.19926288336987363
986,-0.1186799165569165,-0.23459214,0.11591222316400025,0.11591222316400025
987,0.14094525223469467,0.47766352,-0.33671826476359634,0.33671826476359634
988,0.9648904374235534,0.42570594,0.5391844978922271,0.5391844978922271
989,1.0261866892870544,0.45068797,0.5754987145956634,0.5754987145956634
990,0.713936808816639,0.41826648,0.29567033361598594,0.29567033361598594
991,0.7378672823735494,0.30620506,0.43166221831524554,0.43166221831524554
992,0.6887037433864911,0.31725493,0.3714488126518567,0.3714488126518567
993,0.8058625781565587,0.17114648,0.6347160959273259,0.6347160959273259
994,0.4888489331211597,0.21691495,0.27193398131985963,0.27193398131985963
995,-0.6927135466374512,-0.18692094,-0.5057926057614441,0.5057926057614441
996,-0.8382688842441013,-0.8275584,-0.01071048599733615,0.01071048599733615
997,-0.8360730865149291,-0.7628289,-0.07324420000598741,0.07324420000598741
998,-0.7860535585826004,-0.69584566,-0.09020789503508453,0.09020789503508453
999,-0.3232240575659037,-0.60373557,0.28051150857331747,0.28051150857331747
1000,0.5668555778727676,-0.14350909,0.7103646678195145,0.7103646678195145
1001,1.4991764069150055,1.1228396,0.37633683686953434,0.37633683686953434
1002,1.1529102700977536,0.8582406,0.29466966569711883,0.29466966569711883
1003,0.5636549235556694,-0.15606225,0.7197171689246269,0.7197171689246269
1004,-0.24983230973662376,-0.5063324,0.25650008772431376,0.25650008772431376
1005,-0.83901322245738,-0.7827536,-0.056259635688275966,0.056259635688275966
1006,-0.7601505887605016,-0.8987221,0.13857152341830092,0.13857152341830092
1007,-0.798297922191035,-0.8102324,0.011934478703130025,0.011934478703130025
1008,-0.876825603691938,-0.67739695,-0.19942865058601145,0.19942865058601145
1009,-0.8434420348263882,-0.6700148,-0.1734272361851834,0.1734272361851834
1010,-0.8869113864818645,-0.48125073,-0.4056606533447338,0.4056606533447338
1011,0.10309565408947265,-0.050570376,0.1536660303068379,0.1536660303068379
1012,1.3487084371007154,0.51925206,0.8294563752568433,0.8294563752568433
1013,0.8227590555979851,0.71373695,0.10902210424681935,0.10902210424681935
1014,0.9210489166614377,0.42327693,0.49777198561399816,0.49777198561399816
1015,0.3353291766324275,0.2968526,0.03847658797886305,0.03847658797886305
1016,0.13473002815381746,-0.092405535,0.22713556343452196,0.22713556343452196
1017,-0.3552678176475518,-0.32804906,-0.027218753964995623,0.027218753964995623
1018,-0.6708300031670574,-0.34582222,-0.3250077880867962,0.3250077880867962
1019,-0.5594025726392358,-0.67949,0.1200873975679786,0.1200873975679786
1020,-0.04205029749987405,-0.5023082,0.46025789236905296,0.46025789236905296
1021,0.4572517759674788,-0.47050217,0.9277539439076186,0.9277539439076186
1022,0.4519297577425362,-0.15896359,0.610893348602903,0.610893348602903
1023,-0.18507488518137669,-0.005993068,-0.17908181696314548,0.17908181696314548
1024,0.04358581393784031,-0.2776934,0.3212792047840928,0.3212792047840928
1025,1.2294654553334678,0.5717011,0.6577643459241356,0.6577643459241356
1026,1.9317485595619233,0.62552065,1.3062279129898102,1.3062279129898102
1027,0.5631338868063741,0.6669302,-0.10379631186305949,0.10379631186305949
1028,0.020511329326200624,-0.464709,0.4852203430266859,0.4852203430266859
1029,-0.6563526249187867,-0.49709383,-0.15925879838642276,0.15925879838642276
1030,-0.8044387124505843,-0.7720191,-0.03241962418230426,0.03241962418230426
1031,-0.8548304094895524,-0.8017718,-0.05305858989803014,0.05305858989803014
1032,-0.8294856933274125,-0.6872851,-0.1422005680718278,0.1422005680718278
1033,-0.7929014701447644,-0.70119953,-0.09170193858958864,0.09170193858958864
1034,-0.13952138652872006,-0.6727437,0.5332222915642365,0.5332222915642365
1035,-0.704846259513894,-0.35570621,-0.34914004460910886,0.34914004460910886
1036,-0.7194352884941566,-0.46589646,-0.25353883106045605,0.25353883106045605
1037,-0.4926726518188001,-0.5004339,0.0077612699951647435,0.0077612699951647435
1038,0.9339259677511593,-0.33040485,1.2643308156114956,1.2643308156114956
1039,1.5491215010260064,0.5501613,0.9989601989363153,0.9989601989363153
1040,1.0062756420818493,0.67370695,0.33256869332467764,0.33256869332467764
1041,0.35818035978008383,0.34915888,0.009021476685296237,0.009021476685296237
1042,0.38415776342351043,0.089270435,0.2948873281498631,0.2948873281498631
1043,0.3391625184308129,-0.0028365627,0.34199908112393196,0.34199908112393196
1044,0.29945207475239405,-0.23354524,0.5329973184924759,0.5329973184924759
1045,0.7421100101892377,-0.1795176,0.9216276071493055,0.9216276071493055
1046,1.8880559064424633,0.5490261,1.3390298344171643,1.3390298344171643
1047,2.6834557211520833,1.1317854,1.5516703283908528,1.5516703283908528
1048,0.1848984237288021,0.91063553,-0.7257371072198369,0.7257371072198369
1049,-0.03192729779928383,-0.38996914,0.35804184249193016,0.35804184249193016
1050,0.19930136815574465,-0.3932989,0.592600262322691,0.592600262322691
1051,0.4172808139144127,-0.109038524,0.526319338244075,0.526319338244075
1052,0.24708788144823748,0.07460888,0.17247900414702136,0.17247900414702136
1053,-0.07156330765637454,-0.37306315,0.30149983941164915,0.30149983941164915
1054,-0.685902851985951,-0.38309678,-0.3028060676326948,0.3028060676326948
1055,0.18921558536581862,-0.71873564,0.9079512206464277,0.9079512206464277
1056,0.169341755071277,-0.51261514,0.6819568993240541,0.6819568993240541
1057,-0.7944273634819858,-0.5083197,-0.28610768755959204,0.28610768755959204
1058,-0.765658691538764,-0.71227354,-0.0533851534261236,0.0533851534261236
1059,-0.8704615119684052,-0.6527532,-0.217708337663443,0.217708337663443
1060,-0.8333934689471257,-0.58193976,-0.25145371207685596,0.25145371207685596
1061,-0.6763753228559836,-0.48971847,-0.18665685585883696,0.18665685585883696
1062,-0.6629400181063031,-0.3913642,-0.2715758311041211,0.2715758311041211
1063,1.036198038255653,-0.41068155,1.4468795839900586,1.4468795839900586
1064,1.1626611006917045,0.3108409,0.8518201959790275,0.8518201959790275
1065,-0.19977556489363102,0.25458163,-0.45435719512358097,0.45435719512358097
1066,0.03457932155716827,-0.08322067,0.1177999896942418,0.1177999896942418
1067,1.5969824481398271,0.18312374,1.4138587105662035,1.4138587105662035
1068,-0.5201387318887842,0.044640917,-0.5647796492197645,0.5647796492197645
1069,-0.33137456100130547,-0.076989,-0.25438555847549904,0.25438555847549904
1070,-0.35884064107128966,0.029385846,-0.3882264871794878,0.3882264871794878
1071,-0.2186817555109102,0.13581292,-0.3544946788230974,0.3544946788230974
1072,1.8729086238022417,0.39595208,1.4769565480824083,1.4769565480824083
1073,2.1416519357065162,0.51661974,1.6250321937898597,1.6250321937898597
1074,1.6565295052021227,0.82912505,0.8274044584720812,0.8274044584720812
1075,1.7106801102181484,0.3391125,1.3715676198025752,1.3715676198025752
1076,-0.30104277881019836,0.47122827,-0.7722710505329919,0.7722710505329919
1077,-0.809835164496855,-0.6377541,-0.17208108181710646,0.17208108181710646
1078,-0.8055552197705025,-0.94331735,0.13776213395493087,0.13776213395493087
1079,-0.8239775905491502,-0.75947094,-0.06450665091291974,0.06450665091291974
1080,-0.7749257022940838,-0.66698354,-0.10794215746757618,0.10794215746757618
1081,-0.6867216240205577,-0.68878686,0.0020652402601429865,0.0020652402601429865
1082,-0.2298096117994267,-0.46000817,0.2301985623815578,0.2301985623815578
1083,-0.5395659592553583,0.29066488,-0.8302308407231775,0.8302308407231775
1084,1.2980562216870997,0.2579858,1.0400704211824152,1.0400704211824152
1085,0.3555379591229443,0.6151094,-0.2595714249369617,0.2595714249369617
1086,0.4156432698451995,0.13133684,0.28430643183822624,0.28430643183822624
1087,0.3781286238959531,0.021802634,0.3563259898951749,0.3563259898951749
1088,0.43477276192646225,-0.07415547,0.5089282341454526,0.5089282341454526
1089,0.42531966661782256,-0.1036258,0.5289454633531092,0.5289454633531092
1090,0.48207545538032376,-0.032658614,0.5147340695985587,0.5147340695985587
1091,0.36871274549797706,0.024455272,0.34425747383669547,0.34425747383669547
1092,0.41821123668101096,-0.19121763,0.6094288677826192,0.6094288677826192
1093,0.4080510200697566,-0.29617313,0.704224145575204,0.704224145575204
1094,0.4374523794942653,-0.12336796,0.5608203372650897,0.5608203372650897
1095,-0.2182723694936067,0.10824494,-0.3265173101321489,0.3265173101321489
1096,-0.27279514361627166,-0.00094584376,-0.2718492998600728,0.2718492998600728
1097,0.4961062307006269,0.30577216,0.19033407517732676,0.19033407517732676
1098,1.0635896845043094,0.4064109,0.6571787817657382,0.6571787817657382
1099,-0.24127242028391865,0.06636101,-0.30763343035853413,0.30763343035853413
1100,-0.5640919033828916,-0.6241867,0.06009479123914818,0.06009479123914818
1101,-0.6775290470865657,-0.6069193,-0.07060975845131179,0.07060975845131179
1102,-0.7188026010128696,-0.7240207,0.005218118515328607,0.005218118515328607
1103,-0.7556101256595015,-0.6161813,-0.13942881166795484,0.13942881166795484
1104,-0.7148576084824926,-0.57661027,-0.13824734132016958,0.13824734132016958
1105,-0.6310079087566469,-0.52100384,-0.11000406640282612,0.11000406640282612
1106,0.13283196570995673,-0.28062668,0.41345865013721805,0.41345865013721805
1107,-0.6388234599960732,0.31189153,-0.9507149859798836,0.9507149859798836
1108,1.6603628470005083,0.09312797,1.5672348736228037,1.5672348736228037
1109,1.7158160438897714,0.9169487,0.7988673677804574,0.7988673677804574
1110,1.0316947920653168,0.8228304,0.20886441305606995,0.20886441305606995
1111,0.7507443334632707,0.46488693,0.28585739989813097,0.28585739989813097
1112,0.43406564062384734,0.58683527,-0.1527696245357596,0.1527696245357596
1113,0.40016103500900246,-0.052470125,0.45263116026697137,0.45263116026697137
1114,1.295860423957928,-0.13285282,1.4287132465001187,1.4287132465001187
1115,0.5066386164185207,0.3897876,0.11685100207297017,0.11685100207297017
1116,0.06044507446860303,-0.027864419,0.08830949339245786,0.08830949339245786
1117,-0.22779989862357417,-0.37693334,0.1491334376343604,0.1491334376343604
1118,-0.21187106085941007,0.036538344,-0.24840940473601034,0.24840940473601034
1119,-0.458916913846611,0.106905125,-0.5658220389281501,0.5658220389281501
1120,-0.15671559925545817,-0.23780912,0.08109352235327597,0.08109352235327597
1121,0.7494789585006971,0.27765313,0.47182583059199046,0.47182583059199046
1122,2.1003783817802124,0.66293865,1.4374397273574524,1.4374397273574524
1123,1.3216517430480355,0.7434529,0.5781988364394539,0.5781988364394539
1124,-0.6738445729308361,-0.17124537,-0.5025992065959209,0.5025992065959209
1125,-0.6947232598133037,-0.8657207,0.17099742948341867,0.17099742948341867
1126,-0.8535650345269786,-0.87232065,0.018755617481078013,0.018755617481078013
1127,-0.8440375053970113,-0.74386275,-0.10017475725095415,0.10017475725095415
1128,-0.8838968167180857,-0.6417479,-0.24214892481516215,0.24214892481516215
1129,-0.8862042651792497,-0.65069455,-0.23550971609553994,0.23550971609553994
1130,-0.5124720482920136,-0.3477414,-0.164730653056952,0.164730653056952
1131,-0.04592085620892337,0.4787522,-0.5246730520440369,0.5246730520440369
1132,0.843526091748461,0.59315675,0.2503693367779105,0.2503693367779105
1133,1.2414865174779186,0.56178474,0.6797017732152233,0.6797017732152233
1134,1.3040853612146575,0.5311946,0.7728907339296538,0.7728907339296538
1135,0.35390041505373104,0.5011484,-0.1472479876371564,0.1472479876371564
1136,0.9493337687660285,-0.035065882,0.9843996506739684,0.9843996506739684
1137,1.0251073988778008,0.54892135,0.47618605221337207,0.47618605221337207
1138,2.284378788102708,0.43958294,1.844795844186387,1.844795844186387
1139,-0.6671083121006638,0.046309285,-0.71341759696652,0.71341759696652
1140,-0.12954725447078547,-0.69274986,0.5632026034317414,0.5632026034317414
1141,1.0846916728507603,-0.052121483,1.1368131556402767,1.1368131556402767
1142,-0.2665427026247305,-0.06586566,-0.2006770444011015,0.2006770444011015
1143,0.023004862340684495,0.2054112,-0.1824063334143204,0.1824063334143204
1144,0.9476590077861514,0.3741215,0.5735375206454959,0.5735375206454959
1145,1.2040463053500001,0.8585872,0.34545909993999646,0.34545909993999646
1146,1.709228650702255,0.7268939,0.9823347488773038,0.9823347488773038
1147,0.15300353128980979,0.4955295,-0.34252597134042395,0.34252597134042395
1148,-0.7222637737046157,-0.647025,-0.0752387845765029,0.0752387845765029
1149,-0.8050341830212073,-0.85805666,0.05302248144565058,0.05302248144565058
1150,-0.7979257530843956,-0.847662,0.04973621896150282,0.04973621896150282
1151,-0.8712802840030117,-0.726892,-0.14438828952669336,0.14438828952669336
1152,-0.8638741187808887,-0.6037914,-0.260082703089513,0.260082703089513
1153,-0.7558334271234851,-0.6049361,-0.150897304229198,0.150897304229198
1154,-0.14852787890939248,-0.34108573,0.19255785307379233,0.19255785307379233
1155,-0.4215139186293564,0.5757157,-0.9972296392828903,0.9972296392828903
1156,0.9028126304361098,0.4370438,0.46576884438722066,0.46576884438722066
1157,0.7261811724250739,0.58089566,0.1452855101173346,0.1452855101173346
1158,0.3591107825466821,0.3232632,0.03584758440939878,0.03584758440939878
1159,0.37827749153860857,0.012669221,0.365608270971859,0.365608270971859
1160,0.33852983094952604,-0.11954831,0.4580781442692091,0.4580781442692091
1161,0.3603761575092558,-0.09445398,0.4548301405181173,0.4548301405181173
1162,0.30503461135198423,-0.16317207,0.46820667756368467,0.46820667756368467
1163,0.03491427375314365,-0.101837255,0.13675152881381641,0.13675152881381641
1164,-0.8041409771652728,-0.6575849,-0.14655607154088313,0.14655607154088313
1165,-0.7276230088402222,-0.60191727,-0.12570574199451912,0.12570574199451912
1166,-0.8353659652123143,-0.5394705,-0.29589547141882677,0.29589547141882677
1167,-0.44027124160397957,-0.6764431,0.23617185837160637,0.23617185837160637
1168,1.0072804986697752,-0.05650539,1.0637858881813604,1.0637858881813604
1169,1.9647227424101696,0.95096624,1.0137565034346447,1.0137565034346447
1170,1.5621474197583833,0.7502843,0.8118631056028047,0.8118631056028047
1171,1.386967421263241,0.15842876,1.2285386628804438,1.2285386628804438
1172,0.3638745471116658,-0.392665,0.7565395458814259,0.7565395458814259
1173,-0.4032776324040281,-0.63115287,0.22787523586684594,0.22787523586684594
1174,-0.8841945520033971,-0.6409493,-0.24324524313117424,0.24324524313117424
1175,-0.803508289683986,-0.84147024,0.03796195186264484,0.03796195186264484
1176,-0.82293551705056,-0.7168231,-0.10611241600685883,0.10611241600685883
1177,-0.8822964895595365,-0.7057452,-0.17655126937521037,0.17655126937521037
1178,-0.8902236915309547,-0.65234697,-0.23787672288013684,0.23787672288013684
1179,-0.01387709612727532,-0.06325372,0.049376626957651285,0.049376626957651285
1180,0.9273013576529792,0.51307195,0.41422940340264347,0.41422940340264347
1181,0.7353365324484018,0.4963062,0.23903032169209992,0.23903032169209992
1182,0.9088417699636672,0.3797627,0.5290790608228896,0.5290790608228896
1183,0.493240528579504,0.5658111,-0.07257056904241371,0.07257056904241371
1184,0.4479475483014951,0.025313362,0.4226341858222852,0.4226341858222852
1185,0.8271134341456658,-0.05854421,0.8856576452352769,0.8856576452352769
1186,-0.6718348597549836,0.22618791,-0.8980227743648926,0.8980227743648926
1187,-0.3966530223058476,-0.6899277,0.29327467487585407,0.29327467487585407
1188,0.49971627103502875,-0.4131306,0.9128468822162878,0.9128468822162878
1189,0.5463118431862756,-0.23287857,0.7791904089745446,0.7791904089745446
1190,0.4751903269074955,-0.018418595,0.4936089221023121,0.4936089221023121
1191,-0.23803454905615642,-0.10162344,-0.13641111075745418,0.13641111075745418
1192,0.48706252140929096,-0.37268367,0.8597461955063521,0.8597461955063521
1193,1.3108216220448299,0.8481841,0.462637513310699,0.462637513310699
1194,0.5108069104128814,0.96948856,-0.45868165074053047,0.45868165074053047
1195,0.0843383311148492,-0.03868042,0.12301875044067775,0.12301875044067775
1196,-0.750697493451862,-0.6648245,-0.08587300767305339,0.08587300767305339
1197,-0.3687403393078963,-0.85319734,0.4844569968890031,0.4844569968890031
1198,-0.5795369213084247,-0.7503348,0.17079787798127866,0.17079787798127866
1199,-0.8808078131329791,-0.79239225,-0.08841555925724665,0.08841555925724665
1200,-0.8386782702614046,-0.6912607,-0.14741757480394613,0.14741757480394613
1201,-0.8805100778476677,-0.7063372,-0.1741728643314323,0.1741728643314323
1202,-0.8966622170758154,-0.617652,-0.2790102180790808,0.2790102180790808
1203,-0.4840011116341033,-0.38171524,-0.10228587353977348,0.10228587353977348
1204,1.5970568819611546,-0.27796653,1.8750234110920903,1.8750234110920903
1205,0.9932125064388081,0.71328664,0.2799258681789204,0.2799258681789204
1206,0.6070498413898177,0.49233738,0.11471246551052994,0.11471246551052994
1207,1.145615755607622,0.2834115,0.8622042527694873,0.8622042527694873
1208,1.3648605763288635,0.39960277,0.9652578055235046,0.9652578055235046
1209,0.7061956913985407,0.66285336,0.04334233122245423,0.04334233122245423
1210,0.6394657705781049,0.53657,0.10289575800867745,0.10289575800867745
1211,0.5438927439931198,0.24290007,0.30099267046483,0.30099267046483
1212,0.44772424683751144,0.24746698,0.20025726542653122,0.20025726542653122
1213,0.522120851254718,0.019073687,0.5030471637609168,0.5030471637609168
1214,0.47846541504592194,-0.013946779,0.49241219411820664,0.49241219411820664
1215,0.48516445896543026,-0.106063955,0.5912284134975767,0.5912284134975767
1216,0.47552527910347087,-0.05225279,0.5277780709254275,0.5277780709254275
1217,0.5597099310252922,0.047280945,0.5124289861414688,0.5124289861414688
1218,0.07484801889554606,-0.029155634,0.10400365323917017,0.10400365323917017
1219,-0.7192492039408368,-0.43768457,-0.2815646381582898,0.2815646381582898
1220,-0.5811000315563098,-0.7654902,0.18439014273720822,0.18439014273720822
1221,-0.5952796745192691,-0.60164106,0.006361384402544856,0.006361384402544856
1222,-0.8373384614775029,-0.6692817,-0.1680567403623906,0.1680567403623906
1223,-0.14287090848847422,-0.84132886,0.6984579508407494,0.6984579508407494
1224,-0.5711258994983752,-0.54554546,-0.025580440704735086,0.025580440704735086
1225,-0.7555356918381736,-0.6654079,-0.09012779579630348,0.09012779579630348
1226,-0.887730158516471,-0.6900007,-0.19772944564491945,0.19772944564491945
1227,-0.8725084420549216,-0.70542186,-0.16708657706850194,0.16708657706850194
1228,-0.5934560458967363,-0.4573286,-0.13612745812627425,0.13612745812627425
1229,-0.5870175203518755,-0.35681862,-0.23019890396164722,0.23019890396164722
1230,0.2675943992240657,-0.42824057,0.6958349666698207,0.6958349666698207
1231,0.6000530621849975,0.40710422,0.19294883821839903,0.19294883821839903
1232,-0.06720892910869412,0.49977645,-0.566985381888464,0.566985381888464
1233,1.0817515369083095,0.17866498,0.9030865545894313,0.9030865545894313
1234,0.5166127484764554,0.71749175,-0.20087899747233606,0.20087899747233606
1235,0.4531951327051098,-0.15990496,0.6131000895227368,0.6131000895227368
1236,1.8953504209325942,-0.18223712,2.077587539415184,2.077587539415184
1237,1.4024868730101019,1.3132348,0.08925206694931087,0.08925206694931087
1238,1.868033208505266,0.87685287,0.9911803385177782,0.9911803385177782
1239,1.0290523914081773,0.91067463,0.11837775981256571,0.11837775981256571
1240,1.0347465787397596,0.52722824,0.5075183425413343,0.5075183425413343
1241,0.07540627255550503,0.2578196,-0.18241332039722324,0.18241332039722324
1242,-0.7368528026848782,-0.45459506,-0.28225774352846034,0.28225774352846034
1243,-0.6508817390511882,-0.76275176,0.11187001904741412,0.11187001904741412
1244,-0.6527798014950489,-0.68336475,0.030584947459724066,0.030584947459724066
1245,-0.8113238409234123,-0.5374336,-0.27389021665583413,0.27389021665583413
1246,-0.8933871289373893,-0.7183064,-0.1750807067038077,0.1750807067038077
1247,-0.7164579356410418,-0.6635688,-0.052889140913716326,0.052889140913716326
1248,-0.2877191247925096,-0.5919973,0.30427820062787003,0.30427820062787003
1249,-0.8809566807756348,-0.58666486,-0.29429182529544073,0.29429182529544073
1250,-0.8735877324641756,-0.5078321,-0.36575562253604454,0.36575562253604454
1251,-0.816720292969683,-0.054433547,-0.7622867460093291,0.7622867460093291
1252,-0.25861550065331246,0.032535046,-0.2911505469923475,0.2911505469923475
1253,-0.7497298537745998,0.5295315,-1.2792613326564357,1.2792613326564357
1254,0.03889648319418476,-0.5237765,0.5626729548090224,0.5626729548090224
1255,1.8748066862461024,-0.32722697,2.2020336528655937,2.2020336528655937
1256,0.261639693517836,1.0013874,-0.739747664193956,0.739747664193956
1257,-0.26576114750078783,0.31515267,-0.5809138224141942,0.5809138224141942
1258,-0.8264339066529699,-0.77266705,-0.053766856291336595,0.053766856291336595
1259,-0.8826314417555119,-0.6278451,-0.25478633324644817,0.25478633324644817
1260,-0.5899948732049902,-0.8379472,0.24795231660290162,0.24795231660290162
1261,-0.5813977668416214,-0.40296677,-0.1784309992921066,0.1784309992921066
1262,-0.7194352884941566,-0.31351262,-0.4059226651840675,0.4059226651840675
1263,0.32941168783686176,-0.33716515,0.6665768349029781,0.6665768349029781
1264,-0.48999303425099683,0.32950494,-0.8194979711845143,0.8194979711845143
1265,0.13417177449385823,0.12366608,0.01050569664160908,0.01050569664160908
1266,1.0520524421984891,0.27979267,0.7722597757632474,0.7722597757632474
1267,-0.5434365179644076,-0.1985552,-0.34488131667236965,0.34488131667236965
1268,-0.8656977474034214,-0.7779961,-0.08770162456635477,0.08770162456635477
1269,-0.8639485526022165,-0.8069932,-0.056955366128370044,0.056955366128370044
1270,-0.7804338050723462,-0.82713616,0.046702353870830104,0.046702353870830104
1271,-0.8211863222493552,-0.7180373,-0.10314901498693452,0.10314901498693452
1272,-0.8848272394846841,-0.72373295,-0.16109429118146146,0.16109429118146146
1273,-0.8543838065615851,-0.69527364,-0.15911016878997863,0.15911016878997863
1274,-0.1459971289842448,-0.43803933,0.29204220364400535,0.29204220364400535
1275,-0.6590322424865901,0.08517905,-0.744211295733565,0.744211295733565
1276,-0.17197453262767148,-0.30899158,0.13701704857388186,0.13701704857388186
1277,0.713415772067344,-0.20921451,0.9226302806008218,0.9226302806008218
1278,0.8319888494426413,0.2498408,0.5821480534488364,0.5821480534488364
1279,1.0749036253461453,0.50530934,0.5695942820081326,0.5695942820081326
1280,0.9301670597741021,0.8564045,0.07376257645577322,0.07376257645577322
1281,0.5104347413062421,0.460279,0.05015575342172063,0.05015575342172063
1282,0.537491435358923,-0.13350472,0.670996153901022,0.670996153901022
1283,1.0107044544508574,0.06916486,0.941539597182524,0.941539597182524
1284,0.9951105688826686,0.486417,0.5086935733573085,0.5086935733573085
1285,-0.3483454722640599,0.5271854,-0.8755308527228917,0.8755308527228917
1286,-0.3919636915621918,-0.68023956,0.28827586665771787,0.28827586665771787
1287,-0.41503817617383165,-0.22902271,-0.18601546465840502,0.18601546465840502
1288,-0.257722294797378,-0.3379127,0.08019041372351127,0.08019041372351127
1289,2.355909690398791,-0.013384327,2.3692940176912334,2.3692940176912334
1290,1.5897251505603593,1.0653254,0.5243997711887163,0.5243997711887163
1291,1.1149118043098758,0.55058914,0.5643226600799869,0.5643226600799869
1292,-0.27543754427341116,0.10860553,-0.38404307066110266,0.38404307066110266
1293,-0.8313465388606093,-0.77596337,-0.055383172828962546,0.055383172828962546
1294,-0.8087558740876007,-0.83918524,0.03042936379692074,0.03042936379692074
1295,-0.17249556937696664,-0.72852427,0.5560286982965258,0.5560286982965258
1296,-0.6814740396169429,-0.5816429,-0.09983111387765453,0.09983111387765453
1297,-0.7704968899250755,-0.6378226,-0.13267426190383524,0.13267426190383524
1298,-0.7361084644715995,-0.4894794,-0.24662907170464698,0.24662907170464698
1299,-0.10338376627403913,0.23462003,-0.33800380096871074,0.33800380096871074
1300,1.5352395933483585,0.82758427,0.7076553266857608,0.7076553266857608
1301,0.3627208228810839,0.6491017,-0.28638085167564825,0.28638085167564825
1302,0.30853300095439423,0.1843861,0.12414689660907258,0.12414689660907258
1303,0.3726577380283542,0.061663218,0.31099452018577534,0.31099452018577534
1304,0.9426719417571842,-0.04815749,0.9908294325470745,0.9908294325470745
1305,0.5713216071524398,0.2859534,0.2853682046332138,0.2853682046332138
1306,0.5870271434526205,0.18520792,0.401819225166297,0.401819225166297
1307,1.0313226229586774,0.17411283,0.8572097963729077,0.8572097963729077
1308,-0.5027212176980626,-0.17478418,-0.3279370341958653,0.3279370341958653
1309,-0.7349547402410175,-0.21113637,-0.5238183693437244,0.5238183693437244
1310,-0.7955438708019038,-0.48491225,-0.3106316243362208,0.3106316243362208
1311,-0.7287395161601403,-0.47228286,-0.25645665945733576,0.25645665945733576
1312,-0.32314962374457584,-0.40612948,0.08297985566368832,0.08297985566368832
1313,1.8101609124228466,0.03425555,1.7759053631112087,1.7759053631112087
1314,0.7502977305353038,0.92050046,-0.17020272675153092,0.17020272675153092
1315,0.26677562718945896,-0.042401828,0.30917745506125843,0.30917745506125843
1316,-0.8140034584912156,-0.68251026,-0.13149320172394263,0.13149320172394263
1317,-0.7678172723572722,-0.8543303,0.08651302892751789,0.08651302892751789
1318,-0.13516700798103978,-0.844914,0.7097470111267788,0.7097470111267788
1319,-0.6378558203188108,-0.677671,0.03981519494379293,0.03981519494379293
1320,-0.831532623413929,-0.70593894,-0.12559368813408278,0.12559368813408278
1321,-0.8746670228734297,-0.66928333,-0.20538369243290844,0.20538369243290844
1322,-0.8104678519781419,-0.3928368,-0.41763104281981667,0.41763104281981667
1323,-0.45664668229611094,0.1480398,-0.6046864852050083,0.6046864852050083
1324,1.032848516295899,0.57130736,0.46154115516995287,0.46154115516995287
1325,0.8662284072534615,0.7802372,0.08599120937748495,0.08599120937748495
1326,0.41277756772407653,0.38801333,0.024764234641877436,0.024764234641877436
1327,0.40611574071523193,0.052441683,0.3536740580486918,0.3536740580486918
1328,0.4012775423289204,0.05451376,0.34676378241786004,0.34676378241786004
1329,0.5370820493416194,-0.03958433,0.5766663805560474,0.5766663805560474
1330,0.5322066340446442,-0.041159473,0.573366107404229,0.573366107404229
1331,0.15947927374533427,-0.048672713,0.20815198708466304,0.20815198708466304
1332,-0.765100437878805,-0.44422147,-0.32087897109909613,0.32087897109909613
1333,-0.8175018480936255,-0.7799153,-0.037586574904080794,0.037586574904080794
1334,-0.5928233584154494,-0.63877857,0.04595520889869853,0.04595520889869853
1335,-0.26747312539132895,-0.53053516,0.2630620361038798,0.2630620361038798
1336,0.5376775199122426,0.04393036,0.4937471607275006,0.4937471607275006
1337,1.747599285596772,0.7365329,1.0110663590373237,1.0110663590373237
1338,1.5970568819611546,0.8210289,0.7760279937355992,0.7760279937355992
1339,0.9763532459080454,0.28718385,0.6891693949043985,0.6891693949043985
1340,-0.7420259532671651,-0.35347268,-0.3885532734137258,0.3885532734137258
1341,-0.863725251138233,-0.90028936,0.03656410557029366,0.03656410557029366
1342,-0.84582391710888,-0.843851,-0.0019729468406305406,0.0019729468406305406
1343,-0.8972949045571024,-0.80947226,-0.08782264169775789,0.08782264169775789
1344,-0.8079371020529943,-0.6733449,-0.13459219190818839,0.13459219190818839
1345,-0.8184694877708878,-0.67167217,-0.14679732237705845,0.14679732237705845
1346,-0.800009900081576,-0.4827172,-0.31729271386903635,0.31729271386903635
1347,-0.250874383235214,-0.0067260787,-0.24414830454611564,0.24414830454611564
1348,1.0389148727341204,0.45156723,0.5873476401253253,0.5873476401253253
1349,1.1222063188000069,0.5705602,0.5516461018963204,0.5516461018963204
1350,0.9387641661374709,0.54124844,0.39751572539497826,0.39751572539497826
1351,0.396513777763937,0.33431527,0.0621985075784664,0.0621985075784664
1352,0.4205559020528386,-0.029628277,0.4501841788777898,0.4501841788777898
1353,0.13056173415945668,-0.08878397,0.21934570612476964,0.21934570612476964
1354,-0.840166946687962,-0.39018676,-0.44998018983867305,0.44998018983867305
1355,-0.6846746939340412,-0.7967456,0.11207090438215139,0.11207090438215139
1356,-0.7259482478603453,-0.657804,-0.0681442355617613,0.0681442355617613
1357,0.3461592976356327,-0.6494887,0.9956479851508915,0.9956479851508915
1358,0.2285910768482618,-0.12166641,0.35025748592352196,0.35025748592352196
1359,-0.7062977190297876,0.013822511,-0.7201202298682962,0.7201202298682962
1360,-0.624011129551827,-0.5671942,-0.05681690614789636,0.05681690614789636
1361,-0.769082647319846,-0.5067006,-0.2623820719681309,0.2623820719681309
1362,-0.6038395639719744,-0.6162032,0.012363624924204841,0.012363624924204841
1363,0.09483349992207897,-0.57163465,0.6664681501524867,0.6664681501524867
1364,-0.710019410096181,-0.31350932,-0.3965100948438769,0.3965100948438769
1365,-0.7426214238377882,-0.7239447,-0.018676700231678556,0.018676700231678556
1366,-0.855686398434823,-0.7816356,-0.07405081598777097,0.07405081598777097
1367,-0.8399436452239784,-0.8054966,-0.0344470717757972,0.0344470717757972
1368,-0.8917123679575121,-0.70377666,-0.18793571037618273,0.18793571037618273
1369,-0.8228610832292322,-0.6712761,-0.15158499069993536,0.15158499069993536
1370,-0.2931900106601081,-0.67064005,0.3774500407047906,0.3774500407047906
1371,-0.32724348391760866,-0.16797039,-0.15927309478987733,0.15927309478987733
1372,1.032364696457268,-0.3502802,1.3826448919318926,1.3826448919318926
1373,0.4322047950906505,0.6334672,-0.20126240232756237,0.20126240232756237
1374,0.3311236657274028,0.27898267,0.05214099661233629,0.05214099661233629
1375,0.5597099310252922,0.043259207,0.5164507238660114,0.5164507238660114
1376,-0.6314545116846141,0.16371295,-0.7951674602453288,0.7951674602453288
1377,-0.6354367211256551,-0.6315366,-0.0039001181517170913,0.0039001181517170913
1378,-0.7694548164264853,-0.56655073,-0.20290408476754973,0.20290408476754973
1379,-0.8845667211100365,-0.7399158,-0.144650932936361,0.144650932936361
1380,-0.808607006444945,-0.79777235,-0.010834658517851481,0.010834658517851481
1381,-0.6405354378866143,-0.7191001,0.07856467979679638,0.07856467979679638
1382,0.28307663406026273,-0.49955496,0.7826315959800473,0.7826315959800473
1383,1.1893084087270815,0.2942579,0.895050499667557,0.895050499667557
1384,0.29468831018741043,0.33799368,-0.04330537124340622,0.04330537124340622
1385,-0.34983414869061724,-0.27511513,-0.0747190163587691,0.0747190163587691
1386,-0.8182834032175682,-0.75458586,-0.0636975410578392,0.0636975410578392
1387,-0.27461877223880443,-0.7875724,0.5129536116418107,0.5129536116418107
1388,-0.5703071274637687,-0.24356139,-0.3267457404016959,0.3267457404016959
1389,0.2539730099210655,-0.6468486,0.9008216289052879,0.9008216289052879
1390,-0.8502899463885523,-0.52602714,-0.32426280338699587,0.32426280338699587
1391,-0.8593336556798886,-0.8351816,-0.024152061784930123,0.024152061784930123
1392,-0.853899986722954,-0.79706734,-0.05683264253426379,0.05683264253426379
1393,-0.887692941605807,-0.6683416,-0.21935136455273696,0.21935136455273696
1394,-0.7947623156779612,-0.7100405,-0.08472180597718604,0.08472180597718604
1395,-0.821223539160019,-0.46330717,-0.3579163671000062,0.3579163671000062
1396,-0.7713900957810099,-0.58275163,-0.18863846404425455,0.18863846404425455
1397,-0.4879461041644805,-0.5781597,0.0902135857387788,0.0902135857387788
1398,1.0535039017143828,-0.33958632,1.3930902192535979,1.3930902192535979
1399,0.07842084231928367,0.6181231,-0.5397022717897556,0.5397022717897556
1400,0.21977066902090917,-0.053752698,0.2735233670251549,0.2735233670251549
1401,0.5932795844441616,-0.1695416,0.7628211818104946,0.7628211818104946
1402,0.4795447054551759,-0.0032139793,0.48275868475901274,0.48275868475901274
1403,-0.7746279670087723,-0.03644591,-0.7381820587603478,0.7381820587603478
1404,-0.8484663177660196,-0.7551477,-0.09331862222463772,0.09331862222463772
1405,-0.6146602230487394,-0.74910474,0.13444451518673428,0.13444451518673428
1406,-0.7408722290365832,-0.44128194,-0.2995902845232623,0.2995902845232623
1407,0.7617233221091316,-0.6167187,1.3784420315779733,1.3784420315779733
1408,0.6530871598811052,0.50271493,0.15037222791623095,0.15037222791623095
1409,3.044831923698893,0.33827025,2.7065616767163188,2.7065616767163188
1410,3.1196379141334027,1.24521,1.8744278625968427,1.8744278625968427
1411,0.5331742737219064,0.92824024,-0.39506596589830234,0.39506596589830234
1412,-0.8317559248779126,-0.65419906,-0.17755686109998903,0.17755686109998903
1413,-0.7808431910896495,-0.8245769,0.04373372322080582,0.04373372322080582
1414,-0.8121426129580188,-0.92987794,0.11773532388203856,0.11773532388203856
1415,-0.7974791501564285,-0.71837294,-0.07910620913927757,0.07910620913927757
1416,-0.3508390052785435,-0.6787048,0.32786579294304463,0.32786579294304463
1417,-0.7845276652453791,-0.5593524,-0.22517526732667792,0.22517526732667792
1418,-0.8760440485679954,-0.36615613,-0.5098879175388664,0.5098879175388664
1419,-0.3109052601361412,0.16976145,-0.48066670923472826,0.48066670923472826
1420,1.0137562411253,0.5948009,0.41895535163326514,0.41895535163326514
1421,0.441099636739331,0.46115667,-0.02005702953950811,0.02005702953950811
1422,0.352858341555141,0.2533198,0.09953854165508608,0.09953854165508608
1423,0.41742968155706844,0.12907028,0.28835939957464657,0.28835939957464657
1424,0.7211196725747785,0.023589361,0.6975303111157617,0.6975303111157617
1425,0.7200775990761884,0.13902095,0.5810566494740613,0.5810566494740613
1426,0.42360768872728144,0.1062197,0.3173879872583369,0.3173879872583369
1427,0.2803597995817955,-0.12914279,0.40950259061458666,0.40950259061458666
1428,-0.8458983509302079,-0.291706,-0.554192355132097,0.554192355132097
1429,-0.8880278938017824,-0.7725241,-0.11550377537832046,0.11550377537832046
1430,-0.6017926338854578,-0.63254255,0.030749916678354472,0.030749916678354472
1431,-0.4006352317468887,-0.396907,-0.003728230013108791,0.003728230013108791
1432,0.3783891422706004,0.11338018,0.26500896346143443,0.26500896346143443
1433,1.3135384565232975,0.5163097,0.7972287779687626,0.7972287779687626
1434,0.30131292028559065,0.7085225,-0.40720957832204485,0.40720957832204485
1435,-0.46516935483815214,-0.30804026,-0.15712909356953642,0.15712909356953642
1436,-0.8455633987342326,-0.75036323,-0.09520016802897135,0.09520016802897135
1437,-0.09966207520764578,-0.82329607,0.7236339948912311,0.7236339948912311
1438,-0.8729550449828889,-0.57609,-0.2968650667648103,0.2968650667648103
1439,-0.767928923089264,-0.821952,0.054023062269927924,0.054023062269927924
1440,-0.826396689742306,-0.6753893,-0.15100739988634893,0.15100739988634893
1441,-0.8612317181237491,-0.7093982,-0.15183350807507356,0.15183350807507356
1442,-0.9046266359578975,-0.23672849,-0.6678981465589412,0.6678981465589412
1443,-0.09374458641207989,0.015016779,-0.10876136571563061,0.10876136571563061
1444,1.1466206121955484,0.6829347,0.46368591075282994,0.46368591075282994
1445,1.1111901132434823,0.59776336,0.5134267536968209,0.5134267536968209
1446,0.44619835350029,0.5269773,-0.08077894714363087,0.08077894714363087
1447,0.5121839361074472,0.13198331,0.38020062612324,0.38020062612324
1448,0.7734466489682714,0.248299,0.5251476463208715,0.5251476463208715
1449,0.40261735111282215,0.25050375,0.15211360245750294,0.15211360245750294
1450,0.5365610125923247,-0.19438219,0.7309432032966704,0.7309432032966704
1451,-0.22601348691170534,-0.090384685,-0.13562880240862688,0.13562880240862688
1452,-0.7409838797685749,-0.6631522,-0.0778316619035847,0.0778316619035847
1453,-0.09437727389336696,-0.68294626,0.588568990850438,0.588568990850438
1454,-0.15072367663856454,-0.16739786,0.016674180073776773,0.016674180073776773
1455,-0.5426177459298009,-0.15839949,-0.3842182534275884,0.3842182534275884
1456,0.5461629755436198,-0.31739414,0.8635571129261271,0.8635571129261271
1457,0.2762659394087626,0.40578547,-0.1295195317921804,0.1295195317921804
1458,0.6870289824066139,-0.29771402,0.9847430071887947,0.9847430071887947
1459,-0.4587680462039552,-0.0664446,-0.39232344806562286,0.39232344806562286
1460,-0.83097436975397,-0.7749903,-0.05598404954828151,0.05598404954828151
1461,-0.8147850136151583,-0.83325094,0.018465926230880503,0.018465926230880503
1462,-0.847647545731413,-0.81317145,-0.03447609940801821,0.03447609940801821
1463,-0.8894049194963481,-0.74418,-0.1452248958261516,0.1452248958261516
1464,-0.8033222051306663,-0.6165202,-0.18680197912892682,0.18680197912892682
1465,-0.7843043637813953,-0.68082887,-0.10347549443859139,0.10347549443859139
1466,-0.09754071129980134,-0.2616599,0.16411917911348295,0.16411917911348295
1467,-0.21700699453103306,0.4402459,-0.6572528911088682,0.6572528911088682
1468,1.5688836805885555,0.40939918,1.1594844989841702,1.1594844989841702
1469,0.3841949803341743,0.7966345,-0.412439514924157,0.412439514924157
1470,0.4215235417301011,0.12931164,0.29221190563982247,0.29221190563982247
1471,0.514528601479275,0.11917651,0.39535209448312025,0.39535209448312025
1472,1.2236596172698941,-0.07240447,1.2960640838393178,1.2960640838393178
1473,-0.7201051928861075,0.5014585,-1.2215637185437613,1.2215637185437613
1474,1.3602084624958715,-0.6691638,2.029372285623618,2.029372285623618
1475,1.422360703304643,0.22207114,1.2002895623000807,1.2002895623000807
1476,0.46335534931636424,-0.14499867,0.6083540189406929,0.6083540189406929
1477,-0.7597412027431983,0.06277023,-0.8225114353014488,0.8225114353014488
1478,-0.8096118630328712,-0.3912031,-0.41840875758319473,0.41840875758319473
1479,-0.7955810877125676,-0.34448555,-0.45109553659371693,0.45109553659371693
1480,0.04678646825493887,-0.5282542,0.5750406792038829,0.5750406792038829
1481,1.4887556719291035,0.25945836,1.2292973088729207,1.2292973088729207
1482,0.7475808960568366,0.8407158,-0.0931349295008721,0.0931349295008721
1483,0.3690849146046166,-0.02357325,0.3926581641830926,0.3926581641830926
1484,-0.7568755006220752,-0.6435282,-0.11334727758435548,0.11334727758435548
1485,-0.7753350883113871,-0.854352,0.07901690906410119,0.07901690906410119
1486,-0.8226749986759124,-0.78785086,-0.03482414189490657,0.03482414189490657
1487,-0.22657174057166418,-0.78177786,0.5552061181624667,0.5552061181624667
1488,-0.7431052436764193,-0.5441435,-0.1989617457325411,0.1989617457325411
1489,-0.8823337064702005,-0.6580339,-0.22429979905671782,0.22429979905671782
1490,-0.810914454906109,-0.39149556,-0.41941889926684206,0.41941889926684206
1491,-0.09162322250423582,0.14538784,-0.23701106575546416,0.23701106575546416
1492,1.0020329142661606,0.559781,0.4422518993468796,0.4422518993468796
1493,0.8532024885210844,0.63060457,0.22259792337749917,0.22259792337749917
1494,0.3271414562863617,0.38886738,-0.06172592194850157,0.06172592194850157
1495,0.32263821009602556,0.1255495,0.19708871487584123,0.19708871487584123
1496,0.30741649363447604,-0.027886756,0.33530324939896045,0.33530324939896045
1497,0.4693472719332576,-0.09680631,0.5661535820505024,0.5661535820505024
1498,0.6937652432367862,-0.13100615,0.8247713946745456,0.8247713946745456
1499,0.6600095052645973,0.22707751,0.4329319913314156,0.4329319913314156
1500,0.37708655039736255,-0.014349893,0.3914364431328438,0.3914364431328438
1501,0.21965901828891737,-0.23300543,0.45266445256359084,0.45266445256359084
1502,-0.19865905757371297,-0.3909868,0.19232774262007366,0.19232774262007366
1503,0.050917545338635704,-0.46520862,0.5161261651716282,0.5161261651716282
1504,0.7623560095904187,0.41744485,0.344911154615672,0.344911154615672
1505,1.1128648742233593,0.37582174,0.7370431347881634,0.7370431347881634
1506,2.1650613725141317,0.84801626,1.3170451104596883,1.3170451104596883
1507,1.3451356136769776,0.7204948,0.6246408069104676,0.6246408069104676
1508,-0.46088941011179957,-0.13853604,-0.3223533740972427,0.3223533740972427
1509,-0.7767493309166166,-0.8290735,0.052324157795694215,0.052324157795694215
1510,-0.7998610324389203,-0.8299688,0.030107777642561673,0.030107777642561673
1511,-0.7772703676659116,-0.80145556,0.024185189680432373,0.024185189680432373
1512,-0.7417654348925176,-0.6861318,-0.05563365951333665,0.05563365951333665
1513,-0.8684890157032166,-0.65026635,-0.21822266638757326,0.21822266638757326
1514,-0.818357837038896,-0.5299603,-0.2883975623425459,0.2883975623425459
1515,0.21779817275572058,0.0753886,0.1424095698432946,0.1424095698432946
1516,1.098201411421769,0.7229121,0.3752893382863931,0.3752893382863931
1517,0.8221635850273622,0.5142625,0.30790108760228285,0.30790108760228285
1518,1.4091859169296101,0.39345017,1.0157357461742238,1.0157357461742238
1519,0.10603579003192369,0.66912276,-0.5630869654955727,0.5630869654955727
1520,-0.7714645296023378,-0.27695656,-0.49450797137479874,0.49450797137479874
1521,1.113088175687343,-0.7124823,1.8255704492659868,1.8255704492659868
1522,0.41393129195465844,0.35226816,0.06166313256516259,0.06166313256516259
1523,-0.31153794761742803,-0.12081038,-0.19072756554927084,0.19072756554927084
1524,0.005475697417970773,-0.2823749,0.28785058607649433,0.28785058607649433
1525,0.5209671270241356,-0.18468475,0.7056518804421044,0.7056518804421044
1526,0.3799150356078218,0.15070277,0.22921226108313308,0.22921226108313308
1527,0.5603054015959151,-0.1522071,0.7125125079477675,0.7125125079477675
1528,1.1031512605400722,0.04925614,1.0538951220365207,1.0538951220365207
1529,-0.4433602451890862,0.48149952,-0.9248597681135093,0.9248597681135093
1530,-0.19664934439786044,-0.64031553,0.44366618828646576,0.44366618828646576
1531,-0.8025778669173875,-0.47045568,-0.33212219060017256,0.33212219060017256
1532,-0.556388002875457,-0.73075694,0.17436893558203204,0.17436893558203204
1533,-0.7789451286457888,-0.5948708,-0.18407432290543235,0.18407432290543235
1534,-0.7823690844268707,-0.776091,-0.006278104850759858,0.006278104850759858
1535,-0.24369151947707454,-0.8075169,0.5638253534057684,0.5638253534057684
1536,-0.6231923575172205,-0.5919549,-0.031237470603920903,0.031237470603920903
1537,-0.821819009730642,-0.67167324,-0.15014577145320673,0.15014577145320673
1538,-0.879765739634389,-0.6921042,-0.18766151924406915,0.18766151924406915
1539,-0.49356585767473465,-0.45775446,-0.03581139471735245,0.03581139471735245
1540,1.06303143084435,-0.28079063,1.343822057847066,1.343822057847066
1541,0.7261811724250739,0.62793237,0.09824880271605896,0.09824880271605896
1542,0.8002800415569686,0.40035802,0.3999220202976608,0.3999220202976608
1543,2.7872909019044623,0.74238455,2.044906348948835,2.044906348948835
1544,0.14809089908217016,0.84787524,-0.6997843383827347,0.6997843383827347
1545,0.18430295315817896,-0.095296405,0.2795993584139735,0.2795993584139735
1546,-0.5454090142295962,-0.0064859986,-0.5389230155990725,0.5389230155990725
1547,0.5783928201785877,-0.26873723,0.8471300469032124,0.8471300469032124
1548,0.6146048742545965,0.6841995,-0.06959463775025576,0.06959463775025576
1549,0.4973716056632009,0.060508877,0.4368627286242452,0.4368627286242452
1550,0.437750114779577,0.061868615,0.3758814993311021,0.3758814993311021
1551,0.42803650109628977,-0.20526475,0.6333012482390815,0.6333012482390815
1552,-0.38284554844952773,-0.13929394,-0.24355160957432936,0.24355160957432936
1553,-0.8019823963467646,-0.5278167,-0.2741656834904719,0.2741656834904719
1554,-0.8518158397257736,-0.7771178,-0.07469805093411708,0.07469805093411708
1555,-0.7880632717584529,-0.7288277,-0.059235556838408976,0.059235556838408976
1556,-0.46706741728201284,-0.6896788,0.2226113709031068,0.2226113709031068
1557,-0.45631173010013554,-0.22363755,-0.2326741790308759,0.2326741790308759
1558,-0.8496572589072655,-0.53711087,-0.3125463937911461,0.3125463937911461
1559,-0.35590050512883875,-0.72906125,0.3731607407894352,0.3731607407894352
1560,-0.31622727836108394,-0.64790404,0.3316767600681763,0.3316767600681763
1561,-0.8084581388022893,-0.5197433,-0.2887148154761785,0.2887148154761785
1562,-0.7521861698784195,-0.76417136,0.01198519204479831,0.01198519204479831
1563,-0.8605618137317984,-0.63815755,-0.22240426721156525,0.22240426721156525
1564,-0.6427312356157864,-0.5639507,-0.07878051816659815,0.07878051816659815
1565,-0.7671473679653215,-0.3724547,-0.39469266511116496,0.39469266511116496
1566,-0.7595551181898785,-0.53150016,-0.22805495749575622,0.22805495749575622
1567,1.0179617520303244,-0.5221199,1.5400816317529196,1.5400816317529196
1568,0.9055666818252407,0.7533276,0.15223907371672019,0.15223907371672019
1569,1.3304349339647237,0.5264387,0.8039962208909932,0.8039962208909932
1570,0.4512598533505854,0.686966,-0.2357061486368719,0.2357061486368719
1571,0.3633535103623705,-0.20530483,0.5686583416287737,0.5686583416287737
1572,0.06104054503922593,-0.19573838,0.2567789202261461,0.2567789202261461
1573,-0.7625696879536574,-0.42523137,-0.3373383206040328,0.3373383206040328
1574,-0.7751490037580674,-0.70000833,-0.07514067102872779,0.07514067102872779
1575,0.17708287248937563,-0.61841875,0.7955016256365008,0.7955016256365008
1576,0.6435224138404742,-0.05215489,0.6956773050333872,0.6956773050333872
1577,0.8190001476209279,0.23496392,0.5840362239282246,0.5840362239282246
1578,1.23515964266505,-0.010520466,1.245680108337066,1.245680108337066
1579,0.04440458597244679,0.29089704,-0.24649245558677257,0.24649245558677257
1580,-0.6560921065441391,-0.67909056,0.022998452938435388,0.022998452938435388
1581,-0.7929759039660923,-0.81920165,0.026225744269228746,0.026225744269228746
1582,-0.8121426129580188,-0.8718866,0.05974399802678343,0.05974399802678343
1583,-0.7232314133818779,-0.71541446,-0.007816948908153543,0.007816948908153543
1584,-0.7813642278389445,-0.6860557,-0.09530850798649704,0.09530850798649704
1585,-0.8201814656614288,-0.68307483,-0.13710663369884335,0.13710663369884335
1586,-0.8594453064118804,-0.24240682,-0.6170384911214294,0.6170384911214294
1587,-0.02675414721699693,0.13949393,-0.16624807457657792,0.16624807457657792
1588,-0.5682974142879162,0.14575157,-0.7140489799827252,0.7140489799827252
1589,-0.7976280177990841,-0.49628505,-0.3013429666916775,0.3013429666916775
1590,-0.017226618087029605,-0.64980185,0.6325752322318791,0.6325752322318791
1591,1.345135613676978,-0.26683718,1.6119727933377752,1.6119727933377752
1592,0.7918690197469191,0.9582491,-0.16638007235513164,0.16638007235513164
1593,0.6818558318243271,0.5630319,0.11882391997435149,0.11882391997435149
1594,0.47414825340890543,0.24850497,0.22564328691148416,0.22564328691148416
1595,0.3634279441836986,-0.11260631,0.4760342535380039,0.4760342535380039
1596,0.40410602753937963,-0.16307294,0.5671789712268186,0.5671789712268186
1597,0.42945074370151937,-0.21538153,0.6448322766090053,0.6448322766090053
1598,1.7793825273037724,-0.2116336,1.9910161201477818,1.9910161201477818
1599,1.1829443170035492,0.54694724,0.6359970761740814,0.6359970761740814
1600,1.2331127125785335,0.39162913,0.8414835829303249,0.8414835829303249
1601,0.8402882205206988,0.1940194,0.6462688134867786,0.6462688134867786
1602,0.6492166011720562,0.01846131,0.6307552917986774,0.6307552917986774
1603,-0.5315643234626124,0.21358484,-0.7451491637603114,0.7451491637603114
1604,-0.8316442741459209,-0.6379325,-0.19371179476435962,0.19371179476435962
1605,-0.02318132379325906,-0.7498203,0.7266389682027431,0.7266389682027431
1606,-0.7370761041488617,-0.56363016,-0.17344594047927553,0.17344594047927553
1607,-0.7540097985009523,-0.7893006,0.0352908220549254,0.0352908220549254
1608,-0.8239775905491502,-0.6433024,-0.18067520951048444,0.18067520951048444
1609,-0.8201070318401009,-0.6361825,-0.1839245448291451,0.1839245448291451
1610,-0.8795424381704052,-0.16245112,-0.7170913199395855,0.7170913199395855
1611,-0.7196958068688041,0.22015008,-0.9398458901722556,0.9398458901722556
1612,0.7738188180749107,0.1312334,0.6425854239289451,0.6425854239289451
1613,0.5603426185065793,0.45341069,0.10693193344417085,0.10693193344417085
1614,0.889972796257052,0.25040227,0.6395705245094628,0.6395705245094628
1615,0.865781804325494,0.49587554,0.3699062669300167,0.3699062669300167
1616,0.5534947069444149,0.4564748,0.0970198961057156,0.0970198961057156
1617,0.5431111888691772,0.13263443,0.4104767577454437,0.4104767577454437
1618,0.6373444066702606,-0.039786942,0.6771313489734413,0.6771313489734413
1619,0.4429232653618639,-0.015229486,0.4581527512908762,0.4581527512908762
1620,0.40429211209269933,-0.15372345,0.5580155606076377,0.5580155606076377
1621,0.4901515249943975,-0.068861924,0.5590134491062406,0.5590134491062406
1622,0.5286710275315702,-0.02126962,0.5499406469964445,0.5499406469964445
1623,0.1860149310487198,0.009760387,0.17625454380687944,0.17625454380687944
1624,0.35390041505373104,-0.18766633,0.5415667418149768,0.5415667418149768
1625,1.4809029037790133,-0.20148346,1.6823863620595767,1.6823863620595767
1626,1.3191954269442154,0.5777511,0.7414443268808915,0.7414443268808915
1627,0.37347651006296123,0.2134965,0.15998000384881939,0.15998000384881939
1628,-0.7066326712257629,-0.6707988,-0.03583389269182735,0.03583389269182735
1629,-0.15429650006230242,-0.86194134,0.7076448375231468,0.7076448375231468
1630,-0.38318050064550313,-0.5270435,0.14386302075876323,0.14386302075876323
1631,-0.8145617121511746,-0.662025,-0.15253673732817652,0.15253673732817652
1632,-0.8611945012130852,-0.70645565,-0.1547388532676811,0.1547388532676811
1633,-0.7499531552385833,-0.66542315,-0.08453000040765069,0.08453000040765069
1634,-0.7469013685641407,-0.26275074,-0.4841506237444996,0.4841506237444996
1635,-0.6880614328044593,0.29924464,-0.9873060750621497,0.9873060750621497
1636,0.038301012623561864,0.2617874,-0.22348640192721939,0.22348640192721939
1637,0.4563213532008805,0.18394864,0.27237271714588784,0.27237271714588784
1638,0.18132560030506426,0.13694456,0.04438103810833269,0.04438103810833269
1639,0.779326920853173,-0.2218782,1.0012051216225974,1.0012051216225974
1640,0.6885176588331714,0.2997122,0.3888054479395404,0.3888054479395404
1641,0.41601543895183857,0.18749031,0.22852512470661457,0.22852512470661457
1642,0.40533418559128936,0.003849648,0.4014845376520842,0.4014845376520842
1643,0.4831919627002414,-0.17494783,0.6581397907546696,0.6581397907546696
1644,-0.16695024968804031,-0.08827353,-0.07867671699942261,0.07867671699942261
1645,-0.7047346087819022,-0.4952751,-0.2094594987755698,0.2094594987755698
1646,0.20957323549899085,-0.6235863,0.8331595325342082,0.8331595325342082
1647,0.2518144291025572,-0.1471684,0.3989828270059996,0.3989828270059996
1648,-0.5579138962126783,-0.29652286,-0.2613910404540113,0.2613910404540113
1649,0.17872041655858859,-0.495132,0.6738524158128153,0.6738524158128153
1650,0.6614609647804907,0.650118,0.011342971425693293,0.011342971425693293
1651,0.4759718820314383,0.5577558,-0.08178394587230925,0.08178394587230925
1652,0.8198189196555343,-0.2619234,1.0817423222033706,1.0817423222033706
1653,-0.48950921441236556,-0.44529966,-0.04420955921331465,0.04420955921331465
1654,-0.8030244698453549,-0.64667857,-0.1563459029126767,0.1563459029126767
1655,-0.7223009906152796,-0.74974895,0.027447954620926418,0.027447954620926418
1656,-0.7503625412558866,-0.6802499,-0.07011261182778605,0.07011261182778605
1657,-0.17930626402846675,-0.6323964,0.4530901359463563,0.4530901359463563
1658,-0.7562800300514524,-0.3993341,-0.3569459271824186,0.3569459271824186
1659,-0.826917726491601,-0.06236016,-0.7645575664388247,0.7645575664388247
1660,-0.6998591934849268,-0.4470215,-0.25283767930760437,0.25283767930760437
1661,-0.2299584794420824,-0.44545522,0.21549674387983228,0.21549674387983228
1662,0.6943979307180733,-0.025623932,0.7200218631988854,0.7200218631988854
1663,0.8985326857097571,0.42314374,0.4753889412410681,0.4753889412410681
1664,1.070623680619793,0.58740646,0.48321722414930357,0.48321722414930357
1665,1.248557730504066,0.70532316,0.5432345708093944,0.5432345708093944
1666,0.9513434819418808,0.34546375,0.6058797291952988,0.6058797291952988
1667,0.5462001924542838,0.26934063,0.27685955810827545,0.27685955810827545
1668,0.36409784857564936,0.008178122,0.3559197262340165,0.3559197262340165
1669,0.4197743469288963,-0.18790022,0.6076745623162407,0.6076745623162407
1670,-0.0658691203247926,-0.24314877,0.17727965358382253,0.17727965358382253
1671,-0.6704578340604179,-0.3390364,-0.3314214289739006,0.3314214289739006
1672,-0.6407959562612617,-0.37417704,-0.26661891759167555,0.26661891759167555
1673,-0.23937435784005792,-0.28202862,0.042654257634643006,0.042654257634643006
1674,0.4364103059956752,0.17617904,0.26023126949760544,0.26023126949760544
1675,-0.8038804587906253,0.039161198,-0.8430416566317928,0.8430416566317928
1676,-0.7486877802760096,-0.7840467,0.03535892926149653,0.03535892926149653
1677,-0.7697525517117969,-0.7845585,0.014805923305750701,0.014805923305750701
1678,-0.8706475965217249,-0.8205454,-0.0501022211745874,0.0501022211745874
1679,-0.8275876308835519,-0.7787283,-0.04885932459006437,0.04885932459006437
1680,-0.8305277668260028,-0.65090835,-0.17961941588148378,0.17961941588148378
1681,-0.8039176757012892,-0.67716247,-0.12675520726790912,0.12675520726790912
1682,-0.771985566351633,-0.3883978,-0.3835877535083102,0.3835877535083102
1683,0.3107287986835667,-0.13761407,0.4483428700527378,0.4483428700527378
1684,-0.23814619978814822,0.41230044,-0.6504466374769757,0.6504466374769757
1685,0.707200547986467,-0.0836808,0.7908813490800454,0.7908813490800454
1686,0.4936499145968075,0.34785783,0.14579208168817714,0.14579208168817714
1687,0.5289687628168818,0.09515257,0.43381619101951086,0.43381619101951086
1688,0.3855347891180761,0.16090432,0.22463047102382255,0.22463047102382255
1689,0.3953972704440188,0.03327985,0.36211741936503167,0.36211741936503167
1690,0.413633556669347,0.083717704,0.3299158528500721,0.3299158528500721
1691,0.5256936746784555,-0.15734512,0.6830387908169138,0.6830387908169138
1692,-0.38038923234570804,-0.16282389,-0.21756534666646304,0.21756534666646304
1693,-0.7477573575094112,-0.4135554,-0.3342019440248378,0.3342019440248378
1694,-0.7621230850256902,-0.5370145,-0.22510860062017257,0.22510860062017257
1695,-0.8238287229064946,-0.66230196,-0.16152676529922527,0.16152676529922527
1696,-0.2510232508778696,-0.7262247,0.4752014696001883,0.4752014696001883
1697,-0.5079315851910136,-0.52506024,0.017128651262996453,0.017128651262996453
1698,-0.7563544638727803,-0.34142882,-0.4149256475542683,0.4149256475542683
1699,-0.8095746461222073,-0.42414,-0.3854346398184201,0.3854346398184201
1700,-0.8231216016038797,-0.7045797,-0.11854189064349152,0.11854189064349152
1701,-0.8781281955651757,-0.7406068,-0.1375214107446191,0.1375214107446191
1702,-0.7775308860405592,-0.80037427,0.022843383444914434,0.022843383444914434
1703,-0.7307120124253288,-0.7900573,0.059345289095972475,0.059345289095972475
1704,-0.794873966409953,-0.66872615,-0.12614782018879211,0.12614782018879211
1705,-0.8230099508718879,-0.66860074,-0.15440921282333442,0.15440921282333442
1706,0.0022378261902085295,-0.57180816,0.5740459855415574,0.5740459855415574
1707,-0.7922315657528136,-0.01298631,-0.7792452559264396,0.7792452559264396
1708,-0.7548285705355589,-0.6597426,-0.09508597677030006,0.09508597677030006
1709,-0.83097436975397,-0.5320003,-0.29897406648553737,0.29897406648553737
1710,-0.8202931163934206,-0.6911326,-0.12916051131758444,0.12916051131758444
1711,-0.8317187079672487,-0.7271409,-0.10457780449434828,0.10457780449434828
1712,-0.8198092965547895,-0.73892933,-0.08087996525214669,0.08087996525214669
1713,-0.6245693832117861,-0.7375765,0.11300710146838966,0.11300710146838966
1714,-0.5428782643044485,-0.49480715,-0.048071110364247716,0.048071110364247716
1715,-0.6096454020355482,-0.40120852,-0.20843688209994027,0.20843688209994027
1716,0.17094208222982651,-0.44750157,0.6184436522161699,0.6184436522161699
1717,-0.43569356159231554,-0.11032928,-0.32536428377888094,0.32536428377888094
1718,0.6607538434778757,-0.32647714,0.9872309836660929,0.9872309836660929
1719,1.514286472644563,0.84013283,0.6741536401174024,0.6741536401174024
1720,1.550870695827211,0.685313,0.8655577094533096,0.8655577094533096
1721,1.0478097143828011,0.6698604,0.37794929177156456,0.37794929177156456
1722,2.2936457988580274,0.46154487,1.8321009275277662,1.8321009275277662
1723,2.1684481113845497,1.1896445,0.9788036554748207,0.9788036554748207
1724,0.7315031906500165,0.88472426,-0.15322106872650942,0.15322106872650942
1725,0.611404219937498,0.48449457,0.12690965302007862,0.12690965302007862
1726,1.866916701185348,0.7186364,1.14828030763829,1.14828030763829
1727,0.9428952432211677,0.66664565,0.2762495971258918,0.2762495971258918
1728,0.6271469731483426,0.3717768,0.25537018372153897,0.25537018372153897
1729,0.8674937822160351,0.41837135,0.44912243264289975,0.44912243264289975
1730,0.7640679874809597,0.70859414,0.0554738440903042,0.0554738440903042
1731,-0.7399790231806487,0.21197772,-0.9519567434412688,0.9519567434412688
1732,-0.7507347103625259,-0.65287673,-0.09785797562894438,0.09785797562894438
1733,-0.7457848612442226,-0.5490479,-0.19673697391893574,0.19673697391893574
1734,-0.7469385854748045,-0.43411115,-0.31282743735583174,0.31282743735583174
1735,0.911781905906118,-0.40471977,1.3165016758607995,1.3165016758607995
1736,0.8205260409581493,0.48617274,0.33435330526707874,0.33435330526707874
1737,0.9992044290557015,1.0062082,-0.007003752325524082,0.007003752325524082
1738,0.9212350012147574,0.94481665,-0.023581647745356094,0.023581647745356094
1739,-0.4269848044969547,0.57567364,-1.0026584442712771,1.0026584442712771
1740,-0.7374482732555012,-0.57536876,-0.16207951123920483,0.16207951123920483
1741,-0.7202540605287632,-0.70625323,-0.014000829957016347,0.014000829957016347
1742,-0.8493595236219539,-0.61192155,-0.2374379747785701,0.2374379747785701
1743,-0.788547091597084,-0.5017097,-0.2868373919663467,0.2868373919663467
1744,-0.7298188065693945,-0.6017129,-0.12810592405062615,0.12810592405062615
1745,-0.8046620139145678,-0.44340715,-0.36125486579178034,0.36125486579178034
1746,-0.8052202675745269,-0.5652896,-0.23993065098974908,0.23993065098974908
1747,-0.18712181526789312,-0.48694983,0.2998280159794366,0.2998280159794366
1748,-0.7735858935101821,-0.46977076,-0.3038151341660812,0.3038151341660812
1749,-0.7475340560454276,-0.74995005,0.0024159952622506697,0.0024159952622506697
1750,-0.8166458591483551,-0.807575,-0.009070871736856057,0.009070871736856057
1751,-0.8223400464799371,-0.71726066,-0.10507938773893977,0.10507938773893977
1752,-0.8123286975113386,-0.6551432,-0.15718549616017286,0.15718549616017286
1753,-0.7704968899250755,-0.65690583,-0.11359106001861186,0.11359106001861186
1754,-0.8176507157362812,-0.29962355,-0.5180271667517536,0.5180271667517536
1755,-0.8186183554135436,0.013978243,-0.8325965982876891,0.8325965982876891
1756,-0.8158270871137484,-0.47168598,-0.3441411113237246,0.3441411113237246
1757,0.09289822056755456,-0.6845554,0.7774536319063607,0.7774536319063607
1758,-0.5732844803168835,-0.38625258,-0.18703189824367183,0.18703189824367183
1759,-0.7704224561037476,-0.47238466,-0.29803779466766667,0.29803779466766667
1760,-0.640051618047983,-0.69183546,0.05178384499904454,0.05178384499904454
1761,-0.7529305080916981,-0.51868767,-0.23424284262920425,0.23424284262920425
1762,-0.5565368705181128,-0.7619959,0.20545904108009272,0.20545904108009272
1763,-0.7416537841605257,-0.43426153,-0.30739225352278465,0.30739225352278465
1764,0.6948445336460405,-0.70679677,1.401641298973494,1.401641298973494
1765,-0.12441132079916248,0.019705713,-0.14411703359442005,0.14411703359442005
1766,-0.7961021244618628,-0.55035275,-0.24574937225315308,0.24574937225315308
1767,-0.6742539589481393,-0.69029325,0.0160392935199698,0.0160392935199698
1768,0.4399086955980852,-0.7085899,1.1484986070589618,1.1484986070589618
1769,0.4189927918049538,-0.26161957,0.6806123596760476,0.6806123596760476
1770,0.37597004307744486,-0.24405438,0.6200244201564549,0.6200244201564549
1771,1.2229152790566153,-0.3381535,1.5610687903423972,1.5610687903423972
1772,-0.22858145374751684,0.11647695,-0.3450584067771494,0.3450584067771494
1773,-0.20472541401193434,-0.74229586,0.5375704472322673,0.5375704472322673
1774,-0.27253462524162414,-0.54972285,0.27718822508109925,0.27718822508109925
1775,-0.2810945146943293,-0.31946313,0.038368619117621405,0.038368619117621405
1776,-0.3395250644367074,-0.32254115,-0.016983916966233137,0.016983916966233137
1777,-0.22843258610486097,-0.2019574,-0.0264751814913661,0.0264751814913661
1778,-0.27860098167984565,0.088484965,-0.36708594694464286,0.36708594694464286
1779,-0.2895799703257064,0.81900656,-1.1085865325586777,1.1085865325586777
1780,-0.31712048421701844,0.1651338,-0.4822542882998889,0.4822542882998889
1781,1.3109332727768213,-0.287284,1.5982172595836908,1.5982172595836908
1782,0.46517897793889706,0.63806695,-0.1728879695212775,0.1728879695212775
1783,0.43797341624356056,0.05671613,0.38125728705979134,0.38125728705979134
1784,0.40176136216755176,0.04987871,0.3518826531493213,0.3518826531493213
1785,0.49327774549016795,-0.037304945,0.5305826907802567,0.5305826907802567
1786,-0.07926720816380925,-0.13190877,0.05264156621210628,0.05264156621210628
1787,-0.6502862684805651,-0.4501808,-0.20010546971156795,0.20010546971156795
1788,-0.7188026010128696,-0.597372,-0.12143060556380347,0.12143060556380347
1789,-0.7340243174744191,-0.5907981,-0.14322623750692032,0.14322623750692032
1790,-0.838343318065429,-0.60133696,-0.23700636204125913,0.23700636204125913
1791,-0.754195883054272,-0.6784675,-0.07572837092353468,0.07572837092353468
1792,-0.8377478474948062,-0.5803902,-0.2573576325747623,0.2573576325747623
1793,-0.7522233867890834,-0.57677174,-0.17545165064406387,0.17545165064406387
1794,-0.8254662669757076,-0.4693103,-0.3561559535124965,0.3561559535124965
1795,-0.7211472663846975,-0.6283188,-0.09282847976360376,0.09282847976360376
1796,0.11024130093694838,-0.65513957,0.7653808664047829,0.7653808664047829
1797,-0.7516279162184605,-0.41735062,-0.33427729618710367,0.33427729618710367
1798,-0.8389015717253883,-0.7724603,-0.06644128987648079,0.06644128987648079
1799,-0.8240148074598141,-0.7833574,-0.040657425639135436,0.040657425639135436
1800,-0.8555375307921672,-0.7175896,-0.13794791401665452,0.13794791401665452
1801,-0.7647654856828295,-0.68933445,-0.07543103353057734,0.07543103353057734
1802,-0.8320536601632241,-0.49138138,-0.3406722831814889,0.3406722831814889
1803,-0.821856226641306,-0.028870925,-0.7929853013340321,0.7929853013340321
1804,-0.8029872529346909,-0.31905913,-0.4839281194050278,0.4839281194050278
1805,-0.7905195878622726,-0.6713841,-0.11913549171664273,0.11913549171664273
1806,-0.3836271035734704,-0.6985483,0.314921213382096,0.314921213382096
1807,0.398784009314437,-0.3543584,0.7531424141892387,0.7531424141892387
1808,-0.08708275940323575,-0.21277562,0.12569285843467015,0.12569285843467015
1809,-0.7015711713754678,-0.5162603,-0.18531084546680687,0.18531084546680687
1810,-0.8531928654203393,-0.7782877,-0.07490515666103148,0.07490515666103148
1811,-0.7824435182481987,-0.80604106,0.023597543630005657,0.023597543630005657
1812,-0.7841182792280758,-0.75694937,-0.027168914089068186,0.027168914089068186
1813,-0.7243851376124599,-0.71965957,-0.0047255707331874675,0.0047255707331874675
1814,-0.7922687826634776,-0.57675815,-0.2155106363774668,0.2155106363774668
1815,-0.6861633703605987,-0.70387053,0.017707164536251874,0.017707164536251874
1816,0.2902967147290663,-0.5629958,0.853292506164308,0.853292506164308
1817,0.8267040481283623,0.0015684292,0.8251356189563233,0.8251356189563233
1818,-0.020576140046783643,0.2829192,-0.3034953383213961,0.3034953383213961
1819,-0.7752234375793952,-0.44436774,-0.3308557010014075,0.3308557010014075
1820,-0.6751843817147378,-0.8346841,0.15949969221028049,0.15949969221028049
1821,0.5064153149545371,-0.77296555,1.2793808653772056,1.2793808653772056
1822,-0.3301091860387316,-0.37022886,0.04011967076325512,0.04011967076325512
1823,-0.4303715433673728,-0.5128003,0.08242873291207664,0.08242873291207664
1824,-0.43253012418588105,-0.46718732,0.03465719103972015,0.03465719103972015
1825,-0.40651550363179045,-0.3481316,-0.05838390658970671,0.05838390658970671
1826,-0.5390077055953993,-0.2825526,-0.25645510568847796,0.25645510568847796
1827,-0.3311884764479858,0.015670605,-0.3468590814518196,0.3468590814518196
1828,0.3977047189051828,-0.29276636,0.6904710813338479,0.6904710813338479
1829,0.5870643603632845,0.022900142,0.5641642185876764,0.5641642185876764
1830,0.829309231874838,0.30972904,0.5195801922058011,0.5195801922058011
1831,0.20082726149296606,0.48402724,-0.28319997520709195,0.28319997520709195
1832,-0.8210746715173632,-0.16916001,-0.6519146630868823,0.6519146630868823
1833,-0.8377478474948062,-0.8489238,0.011175954880987216,0.011175954880987216
1834,-0.7878399702944693,-0.78594023,-0.00189974040173857,0.00189974040173857
1835,-0.7372621887021814,-0.7616909,0.024428725928708483,0.024428725928708483
1836,-0.7972930656031088,-0.58817977,-0.20911329847130333,0.20911329847130333
1837,-0.8250568809584042,-0.72924113,-0.09581574822219818,0.09581574822219818
1838,-0.5877618585651543,-0.7499873,0.16222544564550856,0.16222544564550856
1839,-0.3179392562516249,-0.56600624,0.24806698697728746,0.24806698697728746
1840,0.20019457401167923,-0.22523916,0.425433731688376,0.425433731688376
1841,-0.7932736392514037,-0.03189774,-0.7613759006754683,0.7613759006754683
1842,-0.8282203183648389,-0.6961848,-0.13203550438855105,0.13203550438855105
1843,-0.8163109069523796,-0.7589824,-0.057328486984728255,0.057328486984728255
1844,-0.7452266075842636,-0.770141,0.024914397931788623,0.024914397931788623
1845,-0.7519256515037719,-0.6571335,-0.09479213185426627,0.09479213185426627
1846,-0.8279225830795273,-0.70292693,-0.12499564931411589,0.12499564931411589
1847,-0.8089791755515844,-0.73639727,-0.07258190916364493,0.07258190916364493
1848,-0.8251313147797322,-0.702979,-0.12215228655478716,0.12215228655478716
1849,-0.05433187801897276,-0.6427191,0.588387211965921,0.588387211965921
1850,-0.6249787692290893,-0.4493123,-0.17566646973911437,0.17566646973911437
1851,-0.8308999359326421,-0.42589483,-0.4050051092820226,0.4050051092820226
1852,-0.8469776413394621,-0.69325477,-0.15372287249104288,0.15372287249104288
1853,-0.8143011937765271,-0.7589567,-0.0553445230154187,0.0553445230154187
1854,-0.1676573709906551,-0.69131064,0.5236532731591251,0.5236532731591251
1855,0.19249067350424454,-0.06543893,0.2579296071747653,0.2579296071747653
1856,-0.5284008860561777,0.005159974,-0.5335608601543833,0.5335608601543833
1857,1.015542652837169,-0.66118604,1.6767286922849534,1.6767286922849534
1858,-0.12508122519111337,0.4733541,-0.5984353263721436,0.5984353263721436
1859,0.4424766624338967,-0.35757577,0.8000524366267068,0.8000524366267068
1860,-0.2551171110509026,0.3534668,-0.6085839198468316,0.6085839198468316
1861,-0.10989672564022779,-0.42665377,0.31675704695231677,0.31675704695231677
1862,1.9590285550785873,-0.5455779,2.5046064387989855,2.5046064387989855
1863,-0.42337476416255304,0.81526357,-1.2386383335175641,1.2386383335175641
1864,-0.8099095983181829,-0.029091127,-0.7808184711013669,0.7808184711013669
1865,-0.8245358442091092,-0.5708041,-0.25373172509900177,0.25373172509900177
1866,-0.8236426383531749,-0.7475177,-0.07612493338949078,0.07612493338949078
1867,-0.7352896924369929,-0.6172417,-0.1180480118148921,0.1180480118148921
1868,-0.7870584151705267,-0.46615335,-0.32090506171784416,0.32090506171784416
1869,-0.8255779177076995,-0.6174677,-0.2081102162726104,0.2081102162726104
1870,-0.6869077085738773,-0.75116545,0.06425774104541593,0.06425774104541593
1871,-0.3502807516185845,-0.7174075,0.36712677296713936,0.36712677296713936
1872,-0.7816619631242561,-0.6813669,-0.10029504265306466,0.10029504265306466
1873,-0.8242008920131338,-0.70720744,-0.11699345068317779,0.11699345068317779
1874,-0.8404274650626095,-0.6498686,-0.19055885754155233,0.19055885754155233
1875,-0.7992655618682973,-0.39413768,-0.40512788133774924,0.40512788133774924
1876,-0.7517395669504523,-0.56597006,-0.1857695037409186,0.1857695037409186
1877,-0.8683029311498969,-0.50818807,-0.36011486228316714,0.36011486228316714
1878,-0.834398325535052,-0.69094074,-0.1434575878107478,0.1434575878107478
1879,0.1337251715658913,-0.7254728,0.8591979794501077,0.8591979794501077
1880,1.6988451326270169,0.0014828071,1.6973623255271977,1.6973623255271977
1881,0.5460885417222919,0.57614106,-0.03005251767635919,0.03005251767635919
1882,-0.648053253840729,0.4310688,-1.0791220616810762,1.0791220616810762
1883,1.631296439771975,-0.55083203,2.1821284729293238,2.1821284729293238
1884,0.08954869860780028,0.4494383,-0.35988960510122986,0.35988960510122986
1885,-0.6527053676737209,-0.077716805,-0.5749885626328846,0.5749885626328846
1886,-0.7524466882530669,-0.25846782,-0.4939788649860839,0.4939788649860839
1887,-0.8395342592066751,-0.40766034,-0.4318739239043222,0.4318739239043222
1888,-0.6308218242033271,-0.663031,0.03220915781418998,0.03220915781418998
1889,-0.2264228729290086,-0.5942522,0.36782935580786885,0.36782935580786885
1890,0.5363004942176771,-0.40087193,0.9371724267242384,0.9371724267242384
1891,1.6772221075312708,0.44787398,1.2293481277243707,1.2293481277243707
1892,0.38400889578085445,0.47450453,-0.09049563464898563,0.09049563464898563
1893,-0.8155665687391008,-0.41320315,-0.40236341870515,0.40236341870515
1894,-0.8178368002896009,-0.81574166,-0.0020951420788465347,0.0020951420788465347
1895,-0.7795405992164117,-0.81746835,0.03792774594884096,0.03792774594884096
1896,-0.7876166688304856,-0.75378066,-0.03383600581702739,0.03383600581702739
1897,-0.8094629953902156,-0.6959306,-0.1135323952238948,0.1135323952238948
1898,-0.8114354916554041,-0.75726724,-0.054168254945809347,0.054168254945809347
1899,-0.8250940978690683,-0.5303795,-0.29471462370601287,0.29471462370601287
1900,0.47920975325920057,-0.5830411,1.0622508251509852,1.0622508251509852
1901,0.5045916863320042,0.20032941,0.3042622782824208,0.3042622782824208
1902,0.6106970986348831,0.3034734,0.307223685644313,0.307223685644313
1903,-0.2852628086886899,0.30023018,-0.585492983945419,0.585492983945419
1904,0.5863200221500056,-0.18896377,0.7752837930163996,0.7752837930163996
1905,2.762281137938298,0.6720399,2.0902412118862044,2.0902412118862044
1906,2.720039944334732,1.201366,1.5186739966113434,1.5186739966113434
1907,0.9217932548747166,0.8465619,0.07523134615279281,0.07523134615279281
1908,1.3303232832327316,0.858009,0.47231430248169404,0.47231430248169404
1909,0.7824531413489436,1.3075314,-0.5250782154625798,0.5250782154625798
1910,0.7928366594241814,0.30193505,0.49090161251294173,0.49090161251294173
1911,0.7865097846113126,0.59291905,0.19359073296412632,0.19359073296412632
1912,2.9976780978876874,0.4197556,2.5779224900442883,2.5779224900442883
1913,1.6097478484975567,0.99482286,0.6149249887334576,0.6149249887334576
1914,1.8835154433414631,1.0439687,0.8395467658207112,0.8395467658207112
1915,-0.525981786863022,0.9323418,-1.4583236009041598,1.4583236009041598
1916,-0.7783868749858297,-0.62174255,-0.15664432842744958,0.15664432842744958
1917,-0.7556473425701655,-0.6890055,-0.06664184845242871,0.06664184845242871
1918,-0.7972558486924448,-0.7590197,-0.03823617582180883,0.03823617582180883
1919,-0.8319420094312323,-0.7543705,-0.07757149885307679,0.07757149885307679
1920,-0.835589266676298,-0.5904302,-0.2451590665763529,0.2451590665763529
1921,0.012174741337479093,-0.5507651,0.562939838478745,0.562939838478745
1922,-0.85159253826179,-0.23071074,-0.620881793404002,0.620881793404002
1923,-0.354597913255601,0.26703462,-0.6216325333022166,0.6216325333022166
1924,1.1206059916414575,0.8491792,0.27142678336280146,0.27142678336280146
1925,0.36584704337685414,0.5628451,-0.19699806751639537,0.19699806751639537
1926,0.3271414562863617,0.16998385,0.1571576073569565,0.1571576073569565
1927,0.31500874340991897,0.25626186,0.05874688804607314,0.05874688804607314
1928,0.2608209214832295,0.118216515,0.14260440689582715,0.14260440689582715
1929,-0.11864269964625256,0.030593913,-0.14923661269475835,0.14923661269475835
1930,-0.7969953303177973,-0.4639316,-0.33306373999911754,0.33306373999911754
1931,-0.8343238917137242,-0.83159524,-0.002728649690256213,0.002728649690256213
1932,-0.847573111910085,-0.6237104,-0.22386271800444535,0.22386271800444535
1933,-0.821856226641306,-0.74438655,-0.07746967287696271,0.07746967287696271
1934,-0.8028011683813712,-0.8489864,0.04618521887143645,0.04618521887143645
1935,-0.6142230820472122,-0.6865945,0.07237140418936006,0.07237140418936006
1936,1.1922113277588686,-0.4348015,1.62701281687363,1.62701281687363
1937,1.7366575138615752,0.83442545,0.9022320644902373,0.9022320644902373
1938,1.4556698383488655,0.33962312,1.1160467149415016,1.1160467149415016
1939,0.37087132631648556,0.2686148,0.10225652753222958,0.10225652753222958
1940,-0.8136312893845763,-0.5417066,-0.2719246677376952,0.2719246677376952
1941,-0.7939807605540186,-0.8190994,0.02511866571551269,0.02511866571551269
1942,-0.8435164686477161,-0.87798494,0.034468472357990665,0.034468472357990665
1943,-0.8758207471040118,-0.6774466,-0.1983741433289874,0.1983741433289874
1944,-0.7924548672167973,-0.58856964,-0.203885226103516,0.203885226103516
1945,-0.8370407261921915,-0.55064285,-0.28639787817735995,0.28639787817735995
1946,-0.8888466658363892,-0.17777371,-0.7110729517708374,0.7110729517708374
1947,-0.21466232915920516,0.20632124,-0.4209835686306407,0.4209835686306407
1948,0.10815715393976776,0.6752147,-0.5670575539116421,0.5670575539116421
1949,0.9302787105060939,0.26361984,0.6666588703609828,0.6666588703609828
1950,0.947286838679512,0.5290854,0.4182014409591751,0.4182014409591751
1951,0.8971184431045277,0.54423726,0.35288118705441784,0.35288118705441784
1952,0.3994911306170517,0.6438166,-0.24432545969209135,0.24432545969209135
1953,0.337487757450936,0.13796338,0.1995243730610587,0.1995243730610587
1954,0.2619374288031477,0.06289265,0.1990447757551092,0.1990447757551092
1955,0.3163857691044847,-0.09847864,0.41486440674019254,0.41486440674019254
1956,0.33488257370446006,-0.19173983,0.5266224010989455,0.5266224010989455
1957,-0.3736901884261996,-0.21757153,-0.15611866166037625,0.15611866166037625
1958,-0.633761960145778,-0.59923613,-0.03452582943136151,0.03452582943136151
1959,-0.4297760727967498,-0.57943755,0.1496614810858491,0.1496614810858491
1960,0.33823209566421436,-0.4147561,0.7529881851131432,0.7529881851131432
1961,0.993249723349472,0.45710307,0.5361466497525177,0.5361466497525177
1962,0.3506253269153049,0.5073538,-0.1567284557385037,0.1567284557385037
1963,0.10477041506934955,0.062268212,0.042502202631719846,0.042502202631719846
1964,-0.5898832224729985,-0.47462162,-0.11526159871849717,0.11526159871849717
1965,-0.8124775651539944,-0.7430642,-0.06941334043399316,0.06941334043399316
1966,-0.8824825741128562,-0.838954,-0.043528602250063275,0.043528602250063275
1967,-0.7931619885194119,-0.69386774,-0.09929424550412258,0.09929424550412258
1968,-0.27383721711486186,-0.61889744,0.34506022093445454,0.34506022093445454
1969,-0.5794997043977607,-0.54529834,-0.034201366461359295,0.034201366461359295
1970,-0.8898515224243153,-0.39155617,-0.49829534886131177,0.49829534886131177
1971,-0.5333135182638172,-0.03974361,-0.49356990853738825,0.49356990853738825
1972,0.4806612127750939,0.3792699,0.10139131483731922,0.10139131483731922
1973,0.1703838285698673,0.41223454,-0.241850716184161,0.241850716184161
1974,1.4283154090108732,0.10479102,1.3235243861737112,1.3235243861737112
1975,1.22920493695882,0.7212648,0.5079401573911015,0.5079401573911015
1976,0.4800285252938073,0.47514042,0.004888102711180953,0.004888102711180953
1977,0.43637308908501127,0.34735024,0.08902284933128812,0.08902284933128812
1978,0.41058176999490414,0.11171587,0.29886590187947903,0.29886590187947903
1979,1.4944498592606856,-0.06927564,1.5637254992119147,1.5637254992119147
1980,0.9468774526622088,0.5598589,0.38701853447220635,0.38701853447220635
1981,-0.7084935167589597,0.11687155,-0.8253650674381665,0.8253650674381665
1982,-0.5632731313482849,-0.7564414,0.19316828300794675,0.19316828300794675
1983,-0.35779856757269946,-0.51696104,0.15916247053994093,0.15916247053994093
1984,0.2688597741866396,-0.23147577,0.5003355446601199,0.5003355446601199
1985,0.8860650206373389,0.48851404,0.39755098469716865,0.39755098469716865
1986,2.272841545796888,0.343583,1.9292585580115484,1.9292585580115484
1987,0.7973399056145175,0.8205549,-0.023215006475784006,0.023215006475784006
1988,-0.495612787761251,-0.5329962,0.03738338991208884,0.03738338991208884
1989,-0.8290390903994453,-0.72653097,-0.10250812125653153,0.10250812125653153
1990,-0.7808431910896495,-0.84345,0.06260681873319596,0.06260681873319596
1991,-0.8395342592066751,-0.6492526,-0.19028166568937166,0.19028166568937166
1992,-0.5264656067016532,-0.6839857,0.15752010344238976,0.15752010344238976
1993,-0.34402831062704337,-0.54135454,0.1973262263831495,0.1973262263831495
1994,-0.8549792771322081,-0.3824865,-0.4724927847368071,0.4724927847368071
1995,-0.6272862176902533,-0.17412794,-0.45315828132703306,0.45315828132703306
1996,0.15173815632723564,0.35978138,-0.20804322814084297,0.20804322814084297
1997,0.7114432758021554,0.3897195,0.3217237895655831,0.3217237895655831
1998,0.3394602537161243,0.42331538,-0.08385512232719539,0.08385512232719539
1999,0.25393579301040153,0.22637841,0.027557381955790328,0.027557381955790328
2000,0.38289238846093676,0.1634702,0.219422194717231,0.219422194717231
2001,0.4576611619847823,0.15988207,0.2977790933507491,0.2977790933507491
2002,0.17767834305999852,0.18361709,-0.005938742158431043,0.005938742158431043
2003,-0.7073770094390416,-0.20469114,-0.5026858675952458,0.5026858675952458
2004,-0.6223735854826139,-0.5999421,-0.02243149735547767,0.02243149735547767
2005,-0.8282947521861668,-0.5775527,-0.2507420759853001,0.2507420759853001
2006,-0.7114708696120745,-0.81141263,0.09994176285328804,0.09994176285328804
2007,0.16152620383185073,-0.6302878,0.7918140298930996,0.7918140298930996
2008,0.813752563217313,0.6244425,0.18931004545989727,0.18931004545989727
2009,0.35397484887505914,0.3295757,0.0243991612281933,0.0243991612281933
2010,-0.1832140396481799,-0.2430425,0.0598284591788007,0.0598284591788007
2011,-0.2348711116497219,-0.35470095,0.1198298411186039,0.1198298411186039
2012,-0.7190631193875172,-0.583094,-0.135969118571172,0.135969118571172
2013,-0.8462333031261835,-0.756125,-0.09010832982906436,0.09010832982906436
2014,-0.8511831522444868,-0.8403999,-0.010783231304087648,0.010783231304087648
2015,-0.8330585167511504,-0.7208842,-0.11217431284032275,0.11217431284032275
2016,-0.8134452048312566,-0.69241196,-0.12103324565996143,0.12103324565996143
2017,-0.059653896243915386,-0.5865458,0.5268919287606623,0.5268919287606623
2018,-0.812030962226027,-0.26207402,-0.5499569387408433,0.5499569387408433
2019,0.15188702396989162,-0.41284302,0.5647300427401095,0.5647300427401095
2020,1.0654133131268422,0.6210571,0.44435621998337904,0.44435621998337904
2021,0.7018785297615242,0.6126205,0.08925805685350419,0.08925805685350419
2022,0.8641442602562811,0.47440317,0.38974108752488157,0.38974108752488157
2023,0.25985328180596706,0.46066442,-0.20081113951399449,0.20081113951399449
2024,0.32334533139864047,0.028537355,0.2948079760352715,0.2948079760352715
2025,0.6038119701620553,0.013467871,0.5903440995093797,0.5903440995093797
2026,-0.46412728133956194,0.2744107,-0.7385379761771321,0.7385379761771321
2027,-0.4703052885097752,-0.5582281,0.08792278699452777,0.08792278699452777
2028,0.28564460089607446,-0.67681396,0.9624585609714529,0.9624585609714529
2029,-0.20059433692823764,-0.21827617,0.017681835948120395,0.017681835948120395
2030,-0.8032105543986744,-0.4260392,-0.3771713652984089,0.3771713652984089
2031,-0.5877618585651543,-0.7838677,0.19610585822409132,0.19610585822409132
2032,0.43153489069869977,-0.5998714,1.0314062877171324,1.0314062877171324
2033,1.3419721762705437,0.5686169,0.7733552496004692,0.7733552496004692
2034,1.352020742149806,0.58769476,0.764325978012538,0.764325978012538
2035,0.5238700460559227,0.6813543,-0.15748423823057633,0.15748423823057633
2036,0.24679014616292602,-0.5075876,0.7543777578381885,0.7543777578381885
2037,-0.06486426373686646,-0.49317572,0.4283114514711871,0.4283114514711871
2038,1.1687646740405897,-0.32565752,1.4944221907585005,1.4944221907585005
2039,0.13272031497796494,0.14111641,-0.00839609551588577,0.00839609551588577
2040,-0.20826102052500828,-0.26507697,0.05681594456860439,0.05681594456860439
2041,-0.8595197402332082,-0.60144085,-0.2580788933131948,0.2580788933131948
2042,-0.7796150330377396,-0.68007183,-0.09954320228822788,0.09954320228822788
2043,-0.8433676010050604,-0.56799316,-0.27537443694256036,0.27537443694256036
2044,-0.8148594474364862,-0.31278157,-0.5020778750945672,0.5020778750945672
2045,-0.656166540365467,-0.56417453,-0.09199200747514713,0.09199200747514713
2046,1.4885323704651199,-0.351726,1.8402583660057388,1.8402583660057388
2047,1.7917013247335354,1.0045385,0.787162788661758,0.787162788661758
2048,1.1721886298216717,0.6830014,0.48918723078144954,0.48918723078144954
2049,0.4156432698451995,0.92646766,-0.5108243872440339,0.5108243872440339
2050,0.3955089211760106,0.46388823,-0.0683793067635951,0.0683793067635951
2051,0.407827718605773,0.067018345,0.3408093736074133,0.3408093736074133
2052,-0.5368119078662272,-0.18399537,-0.35281654176973065,0.35281654176973065
2053,-0.8209630207853714,-0.61386496,-0.20709806249908602,0.20709806249908602
2054,-0.819474344358814,-0.57406557,-0.2454087782958868,0.2454087782958868
2055,-0.794315712749994,-0.5790472,-0.21526850968602917,0.21526850968602917
2056,-0.8515181044404622,-0.4323621,-0.41915599501777845,0.41915599501777845
2057,-0.7448544384776243,-0.48145172,-0.263402718478311,0.263402718478311
2058,2.4384567982513987,-0.39774042,2.8361972219307505,2.8361972219307505
2059,-0.5534850838436701,0.75393814,-1.3074232223286248,1.3074232223286248
2060,-0.7104660130241482,-0.5226851,-0.187780902455148,0.187780902455148
2061,-0.7487249971866735,-0.6592473,-0.08947771801949822,0.08947771801949822
2062,-0.6528170184057128,-0.8192161,0.16639905415364387,0.16639905415364387
2063,-0.7635745445415836,-0.73975134,-0.023823205582843343,0.023823205582843343
2064,-0.764504967308182,-0.72322375,-0.041281221485275466,0.041281221485275466
2065,-0.8431070826304129,-0.7342787,-0.10882840373636993,0.10882840373636993
2066,-0.8347704946416915,-0.71178144,-0.12298905247631675,0.12298905247631675
2067,-0.19780306862844244,-0.49199674,0.2941936667059539,0.2941936667059539
2068,-0.5697860907144736,-0.17679504,-0.3929910551138114,0.3929910551138114
2069,-0.6845630432020494,-0.53812915,-0.14643389233458726,0.14643389233458726
2070,-0.411316485107438,-0.41600814,0.004691659509642676,0.004691659509642676
2071,1.674728574516787,-0.018594138,1.6933227128410477,1.6933227128410477
2072,1.1065007824998263,1.1286237,-0.02212294148393834,0.02212294148393834
2073,0.48308031196824985,0.61007947,-0.1269991553283505,0.1269991553283505
2074,0.45952200751797884,0.31025112,0.14927089076535432,0.14927089076535432
2075,0.6520450863825151,0.14671454,0.505330548046715,0.505330548046715
2076,-0.12273655981928534,0.18885346,-0.3115900173893613,0.3115900173893613
2077,-0.5910369467035805,-0.3249469,-0.266090036560682,0.266090036560682
2078,-0.09136270412958805,-0.63717574,0.5458130346819049,0.5458130346819049
2079,-0.18384672712946684,-0.29978076,0.11593402910565584,0.11593402910565584
2080,0.8021781040008293,0.03835299,0.7638251153404938,0.7638251153404938
2081,1.5633011439889655,0.5591548,1.0041463354676947,1.0041463354676947
2082,1.418229626220947,0.6121443,0.8060853348200376,0.8060853348200376
2083,0.0292573033322254,0.47688574,-0.4476284326563915,0.4476284326563915
2084,-0.7603738902244851,-0.6402033,-0.12017059308627098,0.12017059308627098
2085,-0.743291328229739,-0.7675225,0.02423118563668558,0.02423118563668558
2086,-0.825280182422388,-0.8548355,0.029555327831518263,0.029555327831518263
2087,-0.7576570557460178,-0.6991916,-0.058465485464035405,0.058465485464035405
2088,-0.7975535839777563,-0.6734291,-0.12412451207452757,0.12412451207452757
2089,-0.8150827489004697,-0.69380885,-0.1212738952742185,0.1212738952742185
2090,-0.2822854558355752,-0.23315388,-0.04913157619308861,0.04913157619308861
2091,-0.5091597432429235,0.5791646,-1.088324367457096,1.088324367457096
2092,0.868238120429314,0.17728007,0.6909580520317921,0.6909580520317921
2093,0.42989734662948653,0.47444808,-0.04455073820175126,0.04455073820175126
2094,0.313371199340706,0.1286734,0.18469779488552107,0.18469779488552107
2095,0.4371918611196178,0.02197788,0.41521398201261933,0.41521398201261933
2096,0.4003471195623221,0.06920862,0.33113849758356234,0.33113849758356234
2097,0.07715546735670978,0.08521883,-0.008063364540072143,0.008063364540072143
2098,-0.7728415552969033,-0.36400756,-0.4088339928979928,0.4088339928979928
2099,-0.49892509281034125,-0.83616775,0.3372426599324261,0.3372426599324261
2100,-0.7623836034003376,-0.34787402,-0.4145095878306507,0.4145095878306507
2101,-0.7391230342353782,-0.7166178,-0.022505211588283447,0.022505211588283447
2102,-0.7472735376707801,-0.59075063,-0.15652290300052252,0.15652290300052252
2103,-0.734619788045042,-0.51232564,-0.222294143551939,0.222294143551939
2104,0.08984643389311173,-0.4770091,0.5668555216940914,0.5668555216940914
2105,1.4756181024647341,0.5345817,0.9410363816357241,0.9410363816357241
2106,2.039491515934015,0.70423335,1.3352581675644166,1.3352581675644166
2107,0.6271097562376786,0.8117441,-0.18463433765727988,0.18463433765727988
2108,0.36059945897323936,-0.40887788,0.7694773383544191,0.7694773383544191
2109,0.4351449310331013,-0.52550703,0.9606519639043476,0.9606519639043476
2110,0.40038433647298605,-0.09955347,0.4999378097667673,0.4999378097667673
2111,0.4115866265828305,-0.29304114,0.7046277664239102,0.7046277664239102
2112,-0.7744418824554526,-0.5985516,-0.1758903110862815,0.1758903110862815
2113,-0.7614531806337392,-0.8138408,0.05238762585048318,0.05238762585048318
2114,-0.8715780192883232,-0.48879996,-0.3827780598671654,0.3827780598671654
2115,-0.40093296703220016,0.04364176,-0.4445747279775203,0.4445747279775203
2116,1.1509749907432287,0.5877712,0.5632038134513586,0.5632038134513586
2117,1.2886403432891245,0.61690915,0.6717311969802255,0.6717311969802255
2118,0.5664461918554644,0.5560947,0.010351485796962212,0.010351485796962212
2119,0.6235369328139407,0.18491125,0.4386256817458255,0.4386256817458255
2120,0.5750432982188335,0.2562511,0.3187922014933696,0.3187922014933696
2121,0.1958029785533349,0.18684426,0.008958719052831354,0.008958719052831354
2122,-0.06467817918354682,-0.32650512,0.2618269453853924,0.2618269453853924
2123,-0.6921180760668282,-0.11537468,-0.5767433991836075,0.5767433991836075
2124,-0.6738445729308361,-0.7346466,0.06080204543540535,0.06080204543540535
2125,-0.36717722906001105,-0.5900201,0.22284289108387934,0.22284289108387934
2126,-0.2339406888831234,-0.041106783,-0.19283390602952002,0.19283390602952002
2127,0.054267067298389746,0.15715784,-0.10289077104618423,0.10289077104618423
2128,1.0868130367586046,0.47789362,0.6089194160291582,0.6089194160291582
2129,-0.0010744788588815757,0.6241917,-0.6252661802710825,0.6252661802710825
2130,-0.5952796745192692,-0.37790057,-0.217379103888242,0.217379103888242
2131,-0.7199563252434517,-0.70843685,-0.011519478510358394,0.011519478510358394
2132,-0.5732472634062196,-0.7881724,0.21492516043334953,0.21492516043334953
2133,-0.8514808875297982,-0.6585382,-0.19294266521687098,0.19294266521687098
2134,-0.1148465747585311,-0.79455024,0.6797036652812943,0.6797036652812943
2135,-0.6560176727228111,-0.5537907,-0.10222698420810161,0.10222698420810161
2136,-0.824126458191806,-0.8008647,-0.02326176168912042,0.02326176168912042
2137,-0.8643207217088559,-0.73071176,-0.1336089635721066,0.1336089635721066
2138,-0.8588870527519213,-0.5628039,-0.2960831286682116,0.2960831286682116
2139,-0.160846676339155,0.03350984,-0.19435651566529827,0.19435651566529827
2140,1.532187806673916,0.8296996,0.7024882307728846,0.7024882307728846
2141,1.1340040794804742,0.7072152,0.42678888954669736,0.42678888954669736
2142,0.6439690167684413,0.51301324,0.13095577309320938,0.13095577309320938
2143,0.4777955106539709,0.41326025,0.06453525937032528,0.06453525937032528
2144,0.9306508796127332,0.22598442,0.7046664552600873,0.7046664552600873
2145,0.8463173600482562,0.3792746,0.4670427533435443,0.4670427533435443
2146,0.3927920866975434,0.3955255,-0.0027333985796325067,0.0027333985796325067
2147,2.117460943774959,-0.2377592,2.3552201464936937,2.3552201464936937
2148,0.854318995841002,0.50382984,0.35048915899560407,0.35048915899560407
2149,0.4151594500065684,0.2059904,0.20916904611595866,0.20916904611595866
2150,2.218542073138207,0.12534496,2.0931971112565693,2.0931971112565693
2151,-0.44894278178867636,0.6230437,-1.0719864977425033,1.0719864977425033
2152,-0.6116923321220645,-0.17251348,-0.43917884716723055,0.43917884716723055
2153,0.7079821031104095,0.12866977,0.5793123345385559,0.5793123345385559
2154,0.7791780532105173,0.7248859,0.054292172263404215,0.054292172263404215
2155,0.5269590496410292,0.5730973,-0.04613823896752178,0.04613823896752178
2156,0.5080156421130864,-0.24404234,0.7520579790538517,0.7520579790538517
2157,-0.8282575352755028,-0.5404715,-0.2877860410776574,0.2877860410776574
2158,-0.809165260104904,-0.85250264,0.043337383957138265,0.043337383957138265
2159,-0.8375245460308226,-0.7552426,-0.08228195989495835,0.08228195989495835
2160,-0.8186555723242075,-0.7251012,-0.09355439940016574,0.09355439940016574
2161,-0.825280182422388,-0.63446635,-0.19081383234380522,0.19081383234380522
2162,-0.8600779938931673,-0.56814253,-0.2919354605908602,0.2919354605908602
2163,-0.8033966389519942,0.04837869,-0.8517753300292266,0.8517753300292266
2164,-0.8777560264585365,0.2931381,-1.1708941132543433,1.1708941132543433
2165,0.4266222584910604,-0.16803557,0.5946578252978536,0.5946578252978536
2166,-0.8070811131077237,0.37793335,-1.1850144662933775,1.1850144662933775
2167,0.42993456354015047,-0.7085489,1.1384834670054214,1.1384834670054214
2168,0.9699519372738485,0.10328093,0.8666710055626516,0.8666710055626516
2169,0.9949989181506768,0.2221044,0.7728945177543297,0.7728945177543297
2170,0.35564960985493604,0.3018997,0.05374990849804823,0.05374990849804823
2171,0.4406902507220278,-0.056617983,0.4973082334075937,0.4973082334075937
2172,-0.0900973291670144,-0.028196856,-0.061900472787505434,0.061900472787505434
2173,-0.466955766550021,-0.5297131,0.06275732768444553,0.06275732768444553
2174,-0.22251509730929533,-0.42845216,0.2059370666254123,0.2059370666254123
2175,2.110426947659475,0.25750118,1.8529257627191367,1.8529257627191367
2176,0.30447635769202525,1.1674868,-0.8630104291503209,0.8630104291503209
2177,0.800614993752944,-0.16147313,0.9620881189722891,0.9620881189722891
2178,0.8783182260633764,0.3332837,0.5450345334650335,0.5450345334650335
2179,1.0373517624862347,-0.063519455,1.1008712179787312,1.1008712179787312
2180,-0.7596295520112064,-0.17492655,-0.5847030028149631,0.5847030028149631
2181,-0.7957671722658874,-0.7691608,-0.0266063651331665,0.0266063651331665
2182,-0.7723949523689362,-0.83027375,0.05787879507521665,0.05787879507521665
2183,-0.7891425621677068,-0.7937829,0.00464032767528022,0.00464032767528022
2184,-0.7860535585826004,-0.6928565,-0.09319706797057037,0.09319706797057037
2185,-0.7921571319314857,-0.66809124,-0.12406589438647231,0.12406589438647231
2186,-0.8403530312412816,-0.4555184,-0.38483463653264816,0.38483463653264816
2187,-0.06166360941976791,0.062219195,-0.12388280448765045,0.12388280448765045
2188,0.5776856988759725,0.35050282,0.22718288005311182,0.22718288005311182
2189,1.3595385581039208,0.4563917,0.9031468659423607,0.9031468659423607
2190,1.461512893323103,0.59508157,0.8664313255588207,0.8664313255588207
2191,0.4472032100882162,0.7259141,-0.2787109105859171,0.2787109105859171
2192,0.47098481600247083,0.28683972,0.1841450924154347,0.1841450924154347
2193,0.6154608631998667,0.21445313,0.4010077322394022,0.4010077322394022
2194,0.5308668252607425,0.13112022,0.39974660543404417,0.39974660543404417
2195,0.5115512486261601,-0.08242089,0.5939721416396374,0.5939721416396374
2196,0.45903818767934773,-0.16544488,0.6244830684033009,0.6244830684033009
2197,0.5678232175500298,-0.06608411,0.6339073267967607,0.6339073267967607
2198,0.5679720851926858,0.22715524,0.34081684680271696,0.34081684680271696
2199,0.715164966868549,0.48586938,0.22929558901706282,0.22929558901706282
2200,0.9027381966147817,0.42779732,0.4749408791098989,0.4749408791098989
2201,0.6121113412401127,0.108443476,0.5036678649804043,0.5036678649804043
2202,-0.5324575293185467,-0.36705238,-0.16540515304825254,0.16540515304825254
2203,-0.787988837937125,-0.73814756,-0.04984128115535624,0.04984128115535624
2204,-0.7770098492912642,-0.82488805,0.04787820126491871,0.04787820126491871
2205,-0.7756328235966986,-0.7932534,0.01762059818674866,0.01762059818674866
2206,-0.82066528550006,-0.7791987,-0.041466579350005084,0.041466579350005084
2207,-0.792045481199494,-0.8039453,0.011899821763762808,0.011899821763762808
2208,-0.8297462117020602,-0.68208706,-0.14765914791269252,0.14765914791269252
2209,-0.8130730357246172,-0.6755965,-0.1374765601234209,0.1374765601234209
2210,0.017199024277110272,-0.5392783,0.556477352695842,0.556477352695842
2211,-0.5015302765568167,0.13524562,-0.6367758977611929,0.6367758977611929
2212,0.9980507048251194,-0.27009922,1.268149927485184,1.268149927485184
2213,0.8613529919564857,0.6192994,0.2420535801828041,0.2420535801828041
2214,1.0361608213449889,0.4188584,0.6173024124170714,0.6173024124170714
2215,0.21370431258268793,0.4750654,-0.26136109755448855,0.26136109755448855
2216,-0.6524820662097375,-0.14284775,-0.509634319599096,0.509634319599096
2217,-0.3387435093127647,-0.59672916,0.2579856500423989,0.2579856500423989
2218,0.6223832085833586,-0.2957476,0.9181308165297545,0.9181308165297545
2219,-0.22727886187427912,0.19930409,-0.4265829508244363,0.4265829508244363
2220,-0.5892877519023756,-0.28983054,-0.2994572162521223,0.2994572162521223
2221,-0.6528914522270407,-0.53539926,-0.11749219409029144,0.11749219409029144
2222,-0.5984058950150396,-0.52484727,-0.07355862595681206,0.07355862595681206
2223,-0.3056204588218624,-0.41272753,0.10710707594910318,0.10710707594910318
2224,0.9895280322830784,-0.05249966,1.0420276916425335,1.0420276916425335
2225,2.2275857824295433,0.57269675,1.654889037033883,1.654889037033883
2226,3.015170045899737,1.3615859,1.653584190415728,1.653584190415728
2227,1.8746950355141103,1.6069913,0.26770374446796774,0.26770374446796774
2228,3.04896300078259,1.0943937,1.9545692706190159,1.9545692706190159
2229,0.8781378186659207,1.3545686,-0.4764307819886814,0.4764307819886814
2230,0.7577038957574268,0.47245523,0.2852486624219318,0.2852486624219318
2231,0.9687237792219388,0.43216854,0.5365552358831631,0.5365552358831631
2232,0.398784009314437,0.13309139,0.265692619181533,0.265692619181533
2233,-0.8252057486010601,-0.40297276,-0.4222329907847454,0.4222329907847454
2234,-0.7349547402410175,-0.64307064,-0.09188410206123843,0.09188410206123843
2235,-0.8326491307338472,-0.5773163,-0.25533284655415966,0.25533284655415966
2236,-0.7969208964964695,-0.49596927,-0.30095163079708287,0.30095163079708287
2237,-0.6691552421871803,-0.34008142,-0.3290738186661384,0.3290738186661384
2238,0.7415517565292788,-0.24425301,0.9858047660870028,0.9858047660870028
2239,0.4479475483014951,0.6294503,-0.18150277289601469,0.18150277289601469
2240,-0.48854157473510335,0.32834974,-0.816891314048229,0.816891314048229
2241,-0.4429136422611189,-0.21485287,-0.22806077275046827,0.22806077275046827
2242,0.9160246337218065,-0.08347272,0.999497355000474,0.999497355000474
2243,2.6764217250366,0.69394344,1.982478284122446,1.982478284122446
2244,0.09877849245245615,0.69937605,-0.6005975542051061,0.6005975542051061
2245,-0.6815484734382706,-0.36769113,-0.31385734399224097,0.31385734399224097
2246,-0.5996340530669495,-0.31308737,-0.2865466790950104,0.2865466790950104
2247,0.0025355614755199775,-0.37764448,0.38018004075026973,0.38018004075026973
2248,2.3221539524266017,0.36422545,1.9579285052487148,1.9579285052487148
2249,1.66151657123109,1.0563884,0.6051281930877794,0.6051281930877794
2250,1.8897678843330041,0.8531224,1.0366454711745874,1.0366454711745874
2251,1.6672479754733358,0.9441342,0.7231137996959005,0.7231137996959005
2252,0.5480982548981445,-0.0037063733,0.5518046281724708,0.5518046281724708
2253,-0.12552782811908053,-0.55268025,0.4271524258634634,0.4271524258634634
2254,-0.7895147312743463,-0.56207496,-0.22743977199623966,0.22743977199623966
2255,-0.7552379565528621,-0.84001523,0.08477727601015672,0.08477727601015672
2256,-0.8418044907571752,-0.7350631,-0.10674141473788812,0.10674141473788812
2257,-0.7517767838611162,-0.65711915,-0.09465762893100149,0.09465762893100149
2258,-0.8459727847515359,-0.6893617,-0.15661109327662137,0.15661109327662137
2259,-0.27532589354141923,-0.0064203367,-0.26890555687769624,0.26890555687769624
2260,0.9798144185997912,0.99996257,-0.020148149683289818,0.020148149683289818
2261,0.43882940518883096,0.43440697,0.004422439217837915,0.004422439217837915
2262,0.4429604822725278,0.2867841,0.15617636981906713,0.15617636981906713
2263,0.4836013487175449,0.21581277,0.267788576205109,0.267788576205109
2264,0.4143406779719619,0.173248,0.24109268497956077,0.24109268497956077
2265,0.5371192662522836,0.0044374242,0.5326818420097871,0.5326818420097871
2266,0.44478411089506065,0.12593363,0.3188504786404601,0.3188504786404601
2267,0.36394898093299366,-0.030953541,0.39490252233104206,0.39490252233104206
2268,0.4257290526351258,-0.0054103807,0.43113943329661336,0.43113943329661336
2269,0.6355207780477278,-0.10372821,0.7392489904638998,0.7392489904638998
2270,0.5799559304264726,0.21748176,0.362474168255681,0.362474168255681
2271,-0.47886517796248035,-0.014618792,-0.4642463863226755,0.4642463863226755
2272,-0.3178276055196331,-0.6488947,0.3310671217104389,0.3310671217104389
2273,0.5633571882703576,0.13855964,0.4247975488164697,0.4247975488164697
2274,0.7390210066041313,0.31350836,0.4255126450261436,0.4255126450261436
2275,-0.009746019043578486,-0.24640924,0.23666321834121765,0.23666321834121765
2276,-0.7412443981432225,-0.7096353,-0.031609080817630475,0.031609080817630475
2277,-0.830937152843306,-0.7803387,-0.050598448257276996,0.050598448257276996
2278,-0.7629418570602967,-0.83284247,0.06990061215509635,0.06990061215509635
2279,-0.8344355424457159,-0.6997657,-0.13466986022525695,0.13466986022525695
2280,-0.7591829490832392,-0.6452585,-0.1139244628123347,0.1139244628123347
2281,-0.102304475864785,-0.67004836,0.5677438801914284,0.5677438801914284
2282,-0.7220776891512959,-0.204335,-0.5177426850600331,0.5177426850600331
2283,-0.299554102383641,0.23078442,-0.5303385185823715,0.5303385185823715
2284,0.8889307227584619,0.34123886,0.5476918664428491,0.5476918664428491
2285,0.4062273914472237,0.5791627,-0.17293532541831586,0.17293532541831586
2286,0.4079393693377648,0.13303459,0.2749047824313317,0.2749047824313317
2287,0.4911191646716597,0.11218643,0.3789327327868941,0.3789327327868941
2288,0.517915340349693,0.041398115,0.4765172248935887,0.4765172248935887
2289,0.4316093245200276,0.06740488,0.3642044434002995,0.3642044434002995
2290,0.42275169978201105,-0.12779337,0.5505450714594098,0.5505450714594098
2291,0.05791432454345523,-0.083840065,0.14175438924787342,0.14175438924787342
2292,-0.43453983736173346,-0.2829836,-0.15155623626844122,0.15155623626844122
2293,-0.4062922021678067,-0.43188033,0.02558812291115753,0.02558812291115753
2294,-0.49096067392825915,-0.24104825,-0.24991242730617358,0.24991242730617358
2295,-0.534020639566432,-0.30170482,-0.2323158155956373,0.2323158155956373
2296,-0.2601786109011977,-0.48771754,0.22753892817083904,0.22753892817083904
2297,1.001772395891513,-0.06232766,1.0641000565117256,1.0641000565117256
2298,0.023972502017946453,0.58377755,-0.559805044864683,0.559805044864683
2299,-0.3356172888169941,-0.34241986,0.006802573930198286,0.006802573930198286
2300,-0.6128832732633104,-0.6649092,0.052025910715724044,0.052025910715724044
2301,-0.6228201884105811,-0.77418554,0.1513653498813501,0.1513653498813501
2302,-0.21585327030045107,-0.74218875,0.5263354813970892,0.5263354813970892
2303,-0.37220151199964224,-0.5559059,0.18370436654421152,0.18370436654421152
2304,-0.6676665657606229,-0.63182276,-0.03584380088711825,0.03584380088711825
2305,-0.7041391382112794,-0.5044563,-0.19968285654929208,0.19968285654929208
2306,-0.6697134958471392,-0.18919095,-0.4805225418771838,0.4805225418771838
2307,-0.5473815104947847,0.28023487,-0.827616383789615,0.827616383789615
2308,0.16119125163587536,0.2063001,-0.04510884308782612,0.04510884308782612
2309,0.6821535671096385,0.45611313,0.2260404372554362,0.2260404372554362
2310,0.8188884968889361,0.27732363,0.5415648634565478,0.5415648634565478
2311,0.4426255300765524,0.36359653,0.07902900130801299,0.07902900130801299
2312,0.7033299892774177,0.036470257,0.6668597325316025,0.6668597325316025
2313,0.5133748772486931,0.20382346,0.3095514151200539,0.3095514151200539
2314,-0.8306766344686586,-0.020280734,-0.8103959007640916,0.8103959007640916
2315,-0.21056846898617212,-0.7778791,0.5673106499332005,0.5673106499332005
2316,-0.16244700349770416,-0.4446284,0.2821813841918863,0.2821813841918863
2317,-0.7701991546397641,-0.30063,-0.4695691514258816,0.4695691514258816
2318,-0.755907860944813,-0.60122615,-0.15468170995528052,0.15468170995528052
2319,-0.6434383569184011,-0.62560815,-0.01783021072775781,0.01783021072775781
2320,-0.0201667540294804,-0.57206386,0.5518971092479549,0.5518971092479549
2321,1.3744997561908223,-0.04162935,1.4161291078663327,1.4161291078663327
2322,0.028289663654962945,0.7606384,-0.732348752158483,0.732348752158483
2323,-0.351173957474519,-0.18732896,-0.163844993002702,0.163844993002702
2324,0.1878385596712529,-0.6592556,0.8470941834886967,0.8470941834886967
2325,-0.7649887871468132,-0.5716236,-0.1933651637756889,0.1933651637756889
2326,-0.7251666927364026,-0.7940222,0.0688555097553577,0.0688555097553577
2327,-0.779987202144379,-0.7689033,-0.01108388707708774,0.01108388707708774
2328,-0.7463431149041816,-0.6870413,-0.059301832250373,0.059301832250373
2329,-0.848764053051331,-0.67974067,-0.1690233857081913,0.1690233857081913
2330,-0.7642072320228704,-0.5113155,-0.25289170744477596,0.25289170744477596
2331,-0.5437714701603831,0.16488671,-0.7086581831883372,0.7086581831883372
2332,0.682562953126942,0.26957622,0.412986731422459,0.412986731422459
2333,0.7757168805187712,0.46945602,0.3062608635014067,0.3062608635014067
2334,0.3722483520110513,0.5043973,-0.1321489210526084,0.1321489210526084
2335,0.44281161462987206,0.07091161,0.3719000059934928,0.3719000059934928
2336,0.39815132183314994,0.02572392,0.37242740256072715,0.37242740256072715
2337,0.3843438479768301,-0.038916834,0.4232606816755796,0.4232606816755796
2338,-0.2395976593040415,-0.15737769,-0.0822199692272135,0.0822199692272135
2339,-0.4506547596792174,-0.6278763,0.17722152205906383,0.17722152205906383
2340,-0.8061879072517892,-0.38280705,-0.4233808610767862,0.4233808610767862
2341,-0.7038041860153038,-0.72433597,0.02053178247911147,0.02053178247911147
2342,-0.7504741919878783,-0.6230067,-0.12746749051845696,0.12746749051845696
2343,0.43064168484276516,-0.701974,1.1326156595475076,1.1326156595475076
2344,-0.2776333420025833,0.008223906,-0.28585724816198427,0.28585724816198427
2345,-0.72088674801005,-0.5405278,-0.18035892742289183,0.18035892742289183
2346,-0.7392719018780339,-0.6596619,-0.07961001280180102,0.07961001280180102
2347,-0.7538237139476327,-0.69643945,-0.05738426892886439,0.05738426892886439
2348,-0.580467344075023,-0.69737345,0.1169061057273757,0.1169061057273757
2349,-0.7574337542820342,-0.51150274,-0.2459310115147002,0.2459310115147002
2350,-0.2993308009196574,-0.7233672,0.42403641328322345,0.42403641328322345
2351,-0.437666057857504,-0.6413281,0.2036620385322665,0.2036620385322665
2352,-0.7479806589733947,-0.65482,-0.09316063400620112,0.09316063400620112
2353,-0.832760781465839,-0.7023023,-0.1304585043776737,0.1304585043776737
2354,-0.7565033315154359,-0.6018276,-0.15467571005547498,0.15467571005547498
2355,-0.7603738902244851,-0.017615728,-0.7427581621442124,0.7427581621442124
2356,0.3495460365060509,-0.41494516,0.7644911918882072,0.7644911918882072
2357,1.1273050355609662,0.5181755,0.6091295528110272,0.6091295528110272
2358,1.0294989943361446,0.62510794,0.4043910503244563,0.4043910503244563
2359,0.518622461652308,0.4389135,0.07970896730378196,0.07970896730378196
2360,0.5135609618020126,0.11450044,0.3990605211448738,0.3990605211448738
2361,-0.2968372679051737,0.11870647,-0.4155437401232103,0.4155437401232103
2362,-0.7800988528763707,-0.5219879,-0.2581109378373082,0.2581109378373082
2363,-0.4819169646369228,-0.6956084,0.21369141281974224,0.21369141281974224
2364,0.29494882856205795,-0.46145728,0.7564061108668217,0.7564061108668217
2365,-0.6163072290443924,-0.06006711,-0.5562401192807701,0.5562401192807701
2366,-0.8155293518284369,-0.52259374,-0.2929356151798773,0.2929356151798773
2367,-0.7161229834450664,-0.7451731,0.029050113211732898,0.029050113211732898
2368,-0.23327078449117264,-0.5711366,0.3378658093274919,0.3378658093274919
2369,0.7240970254278934,-0.21986791,0.9439649403429783,0.9439649403429783
2370,-0.2016364104268278,0.11870645,-0.32034286029312264,0.32034286029312264
2371,-0.20100372294554086,-0.2384643,0.03746057291856436,0.03746057291856436
2372,-0.7179093951569353,-0.5188512,-0.19905817454917774,0.19905817454917774
2373,-0.7070792741537302,-0.7707853,0.06370599796769927,0.06370599796769927
2374,-0.6619723784290409,-0.7864918,0.12451943284644129,0.12451943284644129
2375,-0.14975603696130232,-0.7185244,0.5687683594582228,0.5687683594582228
2376,-0.5728378773889163,-0.53834766,-0.0344902158937076,0.0344902158937076
2377,-0.6984449508796972,-0.6254566,-0.07298837930071767,0.07298837930071767
2378,-0.7413188319645504,-0.5851993,-0.1561195354900936,0.1561195354900936
2379,-0.25321904860704175,-0.44904688,0.1958278313997484,0.1958278313997484
2380,0.8935456196807898,0.0561653,0.8373803193711318,0.8373803193711318
2381,1.1441270791810643,0.5811561,0.5629710041803013,0.5629710041803013
2382,1.039659210947399,0.7479548,0.29170442512357697,0.29170442512357697
2383,1.1337063441951631,0.8701452,0.2635611425121187,0.2635611425121187
2384,2.1087521866795984,0.6261561,1.482596094989535,1.482596094989535
2385,2.0540061110929497,1.4696836,0.584322463937188,0.584322463937188
2386,0.2614908258751805,1.3308972,-1.069406386153323,1.069406386153323
2387,0.7040743274906963,0.06046418,0.6436101464847416,0.6436101464847416
2388,0.6912717102223026,0.3976055,0.2936662016563999,0.2936662016563999
2389,0.5972617938852027,0.3579101,0.2393516972398475,0.2393516972398475
2390,0.31780001170971406,0.23761138,0.08018862851002229,0.08018862851002229
2391,-0.603392961044007,0.36474416,-0.9681371176430518,0.9681371176430518
2392,0.6105482309922273,-0.61340827,1.2239564984902436,1.2239564984902436
2393,1.6923321732608287,0.228003,1.4643291780082195,1.4643291780082195
2394,0.8659678888788139,1.016143,-0.15017507548428422,0.15017507548428422
2395,0.6002391467383175,-0.15384904,0.7540881822397976,0.7540881822397976
2396,-0.5094946954388989,-0.5065848,-0.0029098723073376354,0.0029098723073376354
2397,-0.48950921441236556,-0.71636367,0.2268544540294069,0.2268544540294069
2398,-0.6151535048138105,-0.6781581,0.06300459960589777,0.06300459960589777
2399,-0.8072299807503794,-0.7272074,-0.08002255849390971,0.08002255849390971
2400,-0.7259482478603452,-0.745875,0.01992675309332914,0.01992675309332914
2401,-0.7798755514123871,-0.6363397,-0.14353582734851378,0.14353582734851378
2402,-0.011532430755447421,-0.6808562,0.6693237971193085,0.6693237971193085
2403,-0.7552007396421982,-0.21636048,-0.5388402600489213,0.5388402600489213
2404,-0.5770433882939409,-0.6232643,0.04622092445019976,0.04622092445019976
2405,-0.5705304289277523,-0.29230988,-0.27822054867109947,0.27822054867109947
2406,1.0596074750632685,-0.19292337,1.2525308420867365,1.2525308420867365
2407,0.3686010947659855,0.69551677,-0.32691567035165975,0.32691567035165975
2408,0.2616769104284999,0.23343635,0.02824056437442274,0.02824056437442274
2409,-0.4483100943073895,0.4348402,-0.8831502966389324,0.8831502966389324
2410,0.44887797106809335,-0.18805233,0.6369302975089045,0.6369302975089045
2411,0.8493319298120349,0.4098538,0.4394781435819476,0.4394781435819476
2412,0.781038898743714,0.5519051,0.22913380316647403,0.22913380316647403
2413,0.7744142886455335,0.52132326,0.2530910250003614,0.2530910250003614
2414,-0.19623995838055722,0.46466628,-0.6609062355507385,0.6609062355507385
2415,-0.5297406948400795,-0.14554131,-0.3841993845297157,0.3841993845297157
2416,-0.4779347551958818,-0.42338398,-0.05455077420642562,0.05455077420642562
2417,-0.3861950704092819,-0.2803346,-0.10586047854374236,0.10586047854374236
2418,0.9712545291470863,-0.07664362,1.0478981525587416,1.0478981525587416
2419,0.5383474243041936,0.38907754,0.14926988009185227,0.14926988009185227
2420,-0.18340012420149954,-0.1257635,-0.05763661850424917,0.05763661850424917
2421,-0.6858284181646231,-0.6680505,-0.017777890591991308,0.017777890591991308
2422,-0.6877636975191478,-0.82872903,0.14096533595100602,0.14096533595100602
2423,-0.698556601611689,-0.6488737,-0.04968291482122267,0.04968291482122267
2424,-0.735847946096952,-0.6618139,-0.07403403132110364,0.07403403132110364
2425,-0.7699758531757804,-0.6570785,-0.1128973486134025,0.1128973486134025
2426,-0.7329078101545011,-0.23775378,-0.49515403145844095,0.49515403145844095
2427,-0.04967976418598089,0.4150088,-0.4646885773287574,0.4646885773287574
2428,-0.566697087129367,0.23425952,-0.8009566031301146,0.8009566031301146
2429,-0.28414630136877184,-0.5293323,0.24518597879022475,0.24518597879022475
2430,-0.46941208265384077,-0.079586856,-0.38982522658666013,0.38982522658666013
2431,0.22379009537261396,-0.39000565,0.6137957435087529,0.6137957435087529
2432,-0.5539316867716373,0.23770374,-0.7916354273684085,0.7916354273684085
2433,0.4508876842439461,-0.51942706,0.9703147453248787,0.9703147453248787
2434,-0.6831488005968199,-0.22597358,-0.4571752242895232,0.4571752242895232
2435,-0.7103915792028204,-0.72006816,0.009676577516387397,0.009676577516387397
2436,-0.7687104782132066,-0.5667493,-0.20196120348252422,0.20196120348252422
2437,-0.14514114003897427,-0.653539,0.5083978619027066,0.5083978619027066
2438,0.6757522584754418,0.20573187,0.47002038973154536,0.47002038973154536
2439,0.6886665264758272,0.3507945,0.33787203232375806,0.33787203232375806
2440,0.24090987427802418,0.43771297,-0.1968030931177583,0.1968030931177583
2441,1.3005125377909197,-0.15638524,1.456897780729915,1.456897780729915
2442,1.5161845350884238,0.10952672,1.406657811465148,1.406657811465148
2443,0.01835274850769263,0.27781895,-0.25946619952277916,0.25946619952277916
2444,-0.7946134480353055,-0.54422987,-0.2503835829611478,0.2503835829611478
2445,-0.850438814031208,-0.8415052,-0.00893358455809401,0.00893358455809401
2446,-0.7886959592397397,-0.82716304,0.038467081398230296,0.038467081398230296
2447,-0.8476847626420769,-0.7240617,-0.12362303511827322,0.12362303511827322
2448,-0.8075649329463549,-0.74061567,-0.06694926703372672,0.06694926703372672
2449,-0.8317931417885767,-0.75083417,-0.08095897478494507,0.08095897478494507
2450,-0.8329096491084946,-0.2740713,-0.5588383431182755,0.5588383431182755
2451,-0.6195823171828188,0.13438943,-0.7539717474673189,0.7539717474673189
2452,0.6695742513052283,0.115143284,0.5544309671036063,0.5544309671036063
2453,0.6977474526778273,0.41255325,0.285194201888185,0.285194201888185
2454,0.4606012979272328,0.38298258,0.07761871607336623,0.07761871607336623
2455,0.49294279329419255,0.14690343,0.34603936783909917,0.34603936783909917
2456,0.3779797562532971,0.2059342,0.17204555954271056,0.17204555954271056
2457,-0.32664801334698573,-0.10975564,-0.2168923706348695,0.2168923706348695
2458,-0.825242965511724,-0.67570674,-0.14953622131769329,0.14953622131769329
2459,-0.839645909938667,-0.8426037,0.002957773533012742,0.002957773533012742
2460,-0.8282575352755028,-0.72275513,-0.10550240116982046,0.10550240116982046
2461,-0.6852329475940002,-0.71956265,0.03432970213286746,0.03432970213286746
2462,-0.5607795983338012,-0.42135468,-0.13942491708036797,0.13942491708036797
2463,-0.6673316135646474,-0.23525292,-0.4320786967517507,0.4320786967517507
2464,0.26889699109730353,-0.4524887,0.7213856817120039,0.7213856817120039
2465,0.9328094604312411,0.35018203,0.5826274338065616,0.5826274338065616
2466,0.8927268476461833,0.29785967,0.5948671789144938,0.5948671789144938
2467,-0.5496517420452848,0.06111624,-0.6107679829639211,0.6107679829639211
2468,-0.8090536093729122,-0.76590353,-0.04315007686787675,0.04315007686787675
2469,-0.8337284211431012,-0.8164003,-0.017328131607578734,0.017328131607578734
2470,-0.8402413805092899,-0.84463423,0.00439285439595305,0.00439285439595305
2471,-0.8250196640477403,-0.7286371,-0.09638256478168805,0.09638256478168805
2472,-0.85159253826179,-0.7262531,-0.1253394459728191,0.1253394459728191
2473,-0.8372640276561751,-0.706443,-0.13082101589546347,0.13082101589546347
2474,-0.8404646819732734,-0.32592097,-0.5145437127254554,0.5145437127254554
2475,-0.2785637647691816,0.060984842,-0.33954860724841057,0.33954860724841057
2476,0.5418830308172673,0.4593667,0.08251632182335555,0.08251632182335555
2477,1.405985262612512,0.45673472,0.9492505457202696,0.9492505457202696
2478,1.3822780905195853,0.6794957,0.7027823982664725,0.7027823982664725
2479,0.6075336612284487,0.6059196,0.0016140616953675968,0.0016140616953675968
2480,0.6056728156952519,0.30859053,0.29708228434606976,0.29708228434606976
2481,-0.3655024680801339,0.34248126,-0.707983723611445,0.707983723611445
2482,0.36383733020100184,-0.5523698,0.9162071035889108,0.9162071035889108
2483,-0.7819969153202314,0.006380886,-0.7883778011596937,0.7883778011596937
2484,-0.7824063013375347,-0.52031183,-0.26209446890955623,0.26209446890955623
2485,-0.8374501122094947,-0.46317688,-0.3742732359029609,0.3742732359029609
2486,-0.7521117360570916,-0.6093746,-0.142737153289605,0.142737153289605
2487,-0.5600724770311866,-0.4417313,-0.11834117310090397,0.11834117310090397
2488,1.787719115292494,-0.21962646,2.0073455717915936,2.0073455717915936
2489,1.2066887060071396,0.9334096,0.2732791343594956,0.2732791343594956
2490,-0.4035381507786756,0.23585057,-0.6393887233647352,0.6393887233647352
2491,-0.6186518944162205,-0.33511284,-0.2835390544790104,0.2835390544790104
2492,-0.8484291008553556,-0.6536461,-0.19478298936701333,0.19478298936701333
2493,-0.8667026039913477,-0.6931156,-0.17358701198847903,0.17358701198847903
2494,-0.8707220303430526,-0.82070136,-0.050020669640537974,0.050020669640537974
2495,-0.8633158651209295,-0.79363424,-0.06968162926201227,0.06968162926201227
2496,-0.5184639709089073,-0.711261,0.19279700349828877,0.19279700349828877
2497,-0.46985868558180793,-0.6287847,0.15892603054749505,0.15892603054749505
2498,-0.9055942756351598,-0.4916863,-0.4139079612907537,0.4139079612907537
2499,-0.6565759263827702,-0.20473814,-0.451837786276569,0.451837786276569
2500,-0.007289702939758794,0.10571414,-0.11300384526229908,0.11300384526229908
2501,0.6504075423133019,0.3074329,0.3429746523749474,0.3429746523749474
2502,0.6635451117776711,0.38209304,0.2814520696424324,0.2814520696424324
2503,0.2779407003886397,0.39451215,-0.11657144632270977,0.11657144632270977
2504,0.29699575864857436,-0.011258081,0.30825383925026656,0.30825383925026656
2505,0.5056709767412585,-0.10938703,0.6150580094289225,0.6150580094289225
2506,0.6987150923550898,-0.039043874,0.7377589659035975,0.7377589659035975
2507,-0.7095355902575499,0.10795041,-0.817486001994515,0.817486001994515
2508,-0.3873487946398639,-0.71633184,0.3289830449215985,0.3289830449215985
2509,-0.8651022768327985,-0.594731,-0.2703713035890851,0.2703713035890851
2510,-0.6887685541070742,-0.69712484,0.008356284721966367,0.008356284721966367
2511,-0.5235999045805302,-0.51936835,-0.004231554074701327,0.004231554074701327
2512,-0.02887551112484124,-0.2925667,0.2636911757438264,0.2636911757438264
2513,0.8929501491101669,0.4717087,0.4212414639504837,0.4212414639504837
2514,0.3519279187885427,0.80186,-0.44993205607260234,0.44993205607260234
2515,-0.2258646192690495,-0.100341536,-0.12552308316437039,0.12552308316437039
2516,-0.30699748451642794,-0.65369403,0.34669654910631376,0.34669654910631376
2517,-0.5486841023680225,-0.74282473,0.19414063088927125,0.19414063088927125
2518,-0.788026054847789,-0.7310171,-0.05700894211585539,0.05700894211585539
2519,-0.8731411295362084,-0.79187715,-0.08126397900062488,0.08126397900062488
2520,-0.8637624680488968,-0.7645983,-0.09916415805515288,0.09916415805515288
2521,-0.9306040396013242,-0.73541355,-0.1951904882707578,0.1951904882707578
2522,-0.9121816688226764,-0.62402433,-0.28815733725300474,0.28815733725300474
2523,-0.10245334350744086,-0.23738083,0.13492748892625972,0.13492748892625972
2524,0.24604580794964742,0.36607775,-0.12003194297160197,0.12003194297160197
2525,0.5698701476365463,0.19085672,0.379013422659053,0.379013422659053
2526,0.804671637015313,0.32643995,0.47823169012543565,0.47823169012543565
2527,0.4963667490752747,0.49213845,0.004228303697924873,0.004228303697924873
2528,0.1922673720402612,0.120153025,0.07211434724759,0.07211434724759
2529,-0.3250476861884365,-0.21137124,-0.11367644318840597,0.11367644318840597
2530,-0.33963671516869914,-0.4176658,0.07802909422422993,0.07802909422422993
2531,-0.11253912629736726,-0.2590293,0.14649017272339995,0.14649017272339995
2532,0.3097983759169681,-0.3333005,0.6430988770251377,0.6430988770251377
2533,0.41322417065204375,0.05156356,0.36166060968936675,0.36166060968936675
2534,0.2474600505548768,-0.0018783808,0.24933843133032846,0.24933843133032846
2535,-0.2251574979664348,-0.23987755,0.014720053827617319,0.014720053827617319
2536,-0.40595724997183136,-0.46622732,0.0602700728450174,0.0602700728450174
2537,-0.5429154812151126,-0.37002963,-0.17288585293828762,0.17288585293828762
2538,-0.23535493148835301,-0.53592145,0.30056652294127345,0.30056652294127345
2539,0.49279392565153685,-0.21804836,0.7108422895755633,0.7108422895755633
2540,0.2688225572759754,-0.45168993,0.7205124860460408,0.7205124860460408
2541,-0.5554947970195225,-0.46045688,-0.0950379190726689,0.0950379190726689
2542,-0.6797620617264019,-0.654095,-0.025667067658256104,0.025667067658256104
2543,-0.8503643802098801,-0.673401,-0.1769633820943406,0.1769633820943406
2544,-0.8807705962223151,-0.78484213,-0.09592846270028144,0.09592846270028144
2545,-0.954795031532882,-0.73654693,-0.21824809788191157,0.21824809788191157
2546,-0.8703870781470773,-0.7555459,-0.11484116397395105,0.11484116397395105
2547,-0.5578766793020143,-0.37752703,-0.1803496509797945,0.1803496509797945
2548,0.810254173614903,-0.4110138,1.2212679854416089,1.2212679854416089
2549,0.3762305614520921,0.5317616,-0.15553102521401507,0.15553102521401507
2550,0.2684131712586724,0.23073119,0.03768198200772638,0.03768198200772638
2551,1.750502204628559,-0.0069176704,1.7574198749977072,1.7574198749977072
2552,-0.0032330596773898204,0.8506553,-0.8538883769839084,0.8538883769839084
2553,1.1264862635263595,-0.06935211,1.1958383762368354,1.1958383762368354
2554,0.6408055793620068,0.51534915,0.12545642965802728,0.12545642965802728
2555,1.0517547069131779,0.10031431,0.9514403952299999,0.9514403952299999
2556,-0.03151791178198059,0.29711744,-0.3286353536746045,0.3286353536746045
2557,-0.24443585769035303,-0.37273797,0.1283021162380985,0.1283021162380985
2558,0.18013465916381846,-0.40548468,0.5856193355249024,0.5856193355249024
2559,2.5936140988093443,0.4286162,2.164997902892215,2.164997902892215
2560,1.4698122644011609,1.6312411,-0.16142881874398074,0.16142881874398074
2561,0.6272958407909983,1.1348915,-0.5075956692187673,0.5075956692187673
2562,1.2831694574215264,-0.18110302,1.4642724783279748,1.4642724783279748
2563,1.0717029710290473,0.4872437,0.5844592590806525,0.5844592590806525
2564,1.3404090660226582,-0.21102276,1.5514318304670094,1.5514318304670094
2565,-0.23561544986300054,-0.09951074,-0.1361047130995232,0.1361047130995232
2566,0.37388589608026424,-0.40667304,0.7805589400465576,0.7805589400465576
2567,-0.629742533794073,0.027565297,-0.6573078305334128,0.6573078305334128
2568,-0.6967701898998201,-0.80378324,0.10701304803429246,0.10701304803429246
2569,-0.7143737886438614,-0.6080135,-0.10636027793982084,0.10636027793982084
2570,-0.6847119108447052,-0.56517917,-0.11953274166669614,0.11953274166669614
2571,-0.69572811640123,-0.5177705,-0.17795758760789504,0.17795758760789504
2572,-0.405026827205233,-0.4764125,0.07138567770618975,0.07138567770618975
2573,0.31802331317369786,-0.16281158,0.48083489049379674,0.48083489049379674
2574,-0.5096435630815545,0.48278412,-0.9924276853101769,0.9924276853101769
2575,0.6414754837539575,-0.2330775,0.8745529800441644,0.8745529800441644
2576,0.29264138010089397,0.6204822,-0.3278408262437105,0.3278408262437105
2577,-0.29378548123073095,0.17637107,-0.4701565489931058,0.4701565489931058
2578,-0.3430978878604451,-0.4298385,0.08674062050709336,0.08674062050709336
2579,-0.7623091695790098,-0.08360151,-0.678707657564144,0.678707657564144
2580,0.6424803403418836,-0.5707945,1.213274863104182,1.213274863104182
2581,-0.09661028853320307,0.32673147,-0.42334176174067684,0.42334176174067684
2582,1.671379052557033,-0.31151778,1.9828968276157792,1.9828968276157792
2583,0.8210098607967804,0.6311107,0.18989913300976258,0.18989913300976258
2584,1.167052696150049,0.5517689,0.6152837971861207,0.6152837971861207
2585,2.1384884983000823,0.44111606,1.6973724335131712,1.6973724335131712
2586,1.3319236103912815,0.5135972,0.818326420011185,0.818326420011185
2587,-0.6626050659103276,0.27067357,-0.933278638927448,0.933278638927448
2588,-0.8540488543656097,-0.7221447,-0.13190413142707214,0.13190413142707214
2589,-0.8936104304013728,-0.83526593,-0.058344495934057106,0.058344495934057106
2590,-0.9192528818488239,-0.93218213,0.012929251348960502,0.012929251348960502
2591,-0.8872091217671759,-0.76338243,-0.12382668692220522,0.12382668692220522
2592,-0.920964859739365,-0.7038309,-0.2171339619312901,0.2171339619312901
2593,-0.9015748492834549,-0.7443572,-0.1572176210043411,0.1572176210043411
2594,-0.9188807127421846,-0.260346,-0.6585347173160067,0.6585347173160067
2595,0.23234998482531932,0.1647127,0.06763728755778697,0.06763728755778697
2596,0.79934961879037,0.5332535,0.2660961278655348,0.2660961278655348
2597,0.8305746068374116,0.44439742,0.38617718714632576,0.38617718714632576
2598,0.3094634237209927,0.59662414,-0.2871607122500766,0.2871607122500766
2599,0.2782384356739512,0.2686743,0.00956412165188697,0.00956412165188697
2600,0.29692132482724654,0.041045316,0.2558760092635678,0.2558760092635678
2601,-0.017710437925660707,-0.08460034,0.06688989892402877,0.06688989892402877
2602,-0.8487268361406671,-0.5556971,-0.29302975266746156,0.29302975266746156
2603,-0.9101347387361599,-0.84766537,-0.062469369225509275,0.062469369225509275
2604,-0.673360753092205,-0.7667629,0.09340215918120198,0.09340215918120198
2605,0.5537552253190625,-0.32743886,0.8811940864507306,0.8811940864507306
2606,0.11757303233774329,0.19577703,-0.07820399646131372,0.07820399646131372
2607,0.7016180113868764,0.19412297,0.5074950412826589,0.5074950412826589
2608,0.20406513272072854,-0.07031188,0.274377014322539,0.274377014322539
2609,-0.5458556171575633,-0.543371,-0.002484595409974144,0.002484595409974144
2610,0.18166055250103963,-0.41251677,0.5941773252480794,0.5941773252480794
2611,0.3502159408980016,0.026991166,0.32322477472358985,0.32322477472358985
2612,-0.6563898418294506,-0.33598757,-0.32040227392783927,0.32040227392783927
2613,-0.8805845116689954,-0.7429507,-0.13763383379729133,0.13763383379729133
2614,-0.8660326995993969,-0.8458832,-0.020149508967530427,0.020149508967530427
2615,-0.9343629475783817,-0.7568418,-0.1775211688231937,0.1775211688231937
2616,-0.8692705708271592,-0.71380085,-0.1554697232967942,0.1554697232967942
2617,-0.9573257814580296,-0.751047,-0.2062787662679051,0.2062787662679051
2618,-0.8809194638649709,-0.37473142,-0.5061880423943288,0.5061880423943288
2619,-0.529963996304063,0.1258221,-0.6557860933671276,0.6557860933671276
2620,0.5761225886280877,0.3241201,0.252002484315191,0.252002484315191
2621,0.9423742064718726,0.41518945,0.5271847614531043,0.5271847614531043
2622,1.0140539764106118,0.46953598,0.5445179997622811,0.5445179997622811
2623,0.2944277918127629,0.3567374,-0.062309613248958895,0.062309613248958895
2624,0.2848630457721316,0.07559956,0.20926348712068432,0.20926348712068432
2625,0.6563250311088674,-0.007148683,0.6634737141800039,0.6634737141800039
2626,0.5728102835789971,0.21985936,0.35295092193043753,0.35295092193043753
2627,0.39785358654783876,-0.006459318,0.40431290464924485,0.40431290464924485
2628,0.4348099788371259,-0.06551143,0.5003214066568548,0.5003214066568548
2629,-0.2006315538389017,-0.1345753,-0.06605624646966951,0.06605624646966951
2630,-0.8345099762670438,-0.5137292,-0.3207807615987699,0.3207807615987699
2631,-0.8225261310332567,-0.7642906,-0.058235559820488114,0.058235559820488114
2632,-0.7854953049226414,-0.6305683,-0.15492697940307965,0.15492697940307965
2633,-0.5577278116593588,-0.64012575,0.08239793983600252,0.08239793983600252
2634,-0.6332781403071469,-0.27869794,-0.3545802025801724,0.3545802025801724
2635,-0.48984416660834107,-0.3701519,-0.1196922594027594,0.1196922594027594
2636,-0.49952056338096423,-0.3566288,-0.1428917579820232,0.1428917579820232
2637,-0.8582915821812983,-0.55876577,-0.29952581317647653,0.29952581317647653
2638,-0.36758661507731427,-0.78130466,0.41371804238194476,0.41371804238194476
2639,0.012435259712126858,-0.48281178,0.49524703849592505,0.49524703849592505
2640,-0.9374147342528244,-0.6022419,-0.3351728605116745,0.3351728605116745
2641,-0.9029890918886844,-0.7904543,-0.11253476382853422,0.11253476382853422
2642,-0.9247237677164226,-0.59264153,-0.33208223529531056,0.33208223529531056
2643,-0.49397524369203794,-0.0118753165,-0.4820999271913742,0.4820999271913742
2644,0.7293073929208446,0.31089056,0.41841683753906966,0.41841683753906966
2645,0.28817535082122175,0.502942,-0.21476667484024675,0.21476667484024675
2646,0.26908307565062317,0.14409223,0.12499084366171631,0.12499084366171631
2647,0.05355994599577506,0.031634644,0.021925302321878268,0.021925302321878268
2648,-0.4094184226635773,-0.30044174,-0.10897668072021793,0.10897668072021793
2649,-0.754158666143608,-0.47461423,-0.27954443336505885,0.27954443336505885
2650,-0.7238641008631649,-0.7824849,0.05862078816729166,0.05862078816729166
2651,-0.9128515732146271,-0.66582906,-0.24702251075277404,0.24702251075277404
2652,-0.029768716980775586,-0.7877104,0.7579417112571395,0.7579417112571395
2653,-0.8784259308504873,-0.40690553,-0.4715203989672475,0.4715203989672475
2654,-0.8697543906657903,-0.7037761,-0.16597826952626393,0.16597826952626393
2655,-0.903249610263332,-0.7332362,-0.17001341660641056,0.17001341660641056
2656,-0.8257640022610191,-0.72850937,-0.09725463574872051,0.09725463574872051
2657,-0.19828688846707365,-0.67943174,0.48114484800219515,0.48114484800219515
2658,0.16554563018355578,-0.2176584,0.3832040307191393,0.3832040307191393
2659,-0.5327924815145222,-0.11301749,-0.4197749895182339,0.4197749895182339
2660,-0.9236072603965044,-0.62215835,-0.3014489118361712,0.3014489118361712
2661,-0.6314545116846141,-0.7918067,0.1603521861608449,0.1603521861608449
2662,-0.9302318704946848,-0.73595834,-0.19427353271087133,0.19427353271087133
2663,-0.8743692875881183,-0.8086417,-0.06572761545371886,0.06572761545371886
2664,-0.09311189893079305,-0.75149024,0.6583783363978812,0.6583783363978812
2665,-0.9728452332048906,-0.6859377,-0.28690753054909834,0.28690753054909834
2666,-0.8710569825390282,-0.62600267,-0.24505431320461657,0.24505431320461657
2667,-0.16959265034517965,-0.104575135,-0.0650175155313941,0.0650175155313941
2668,0.6946956660033847,0.32204705,0.3726486112357761,0.3726486112357761
2669,1.2996937657563137,0.43982217,0.8598715985981868,0.8598715985981868
2670,0.8687219402679451,0.6547423,0.21397963975753864,0.21397963975753864
2671,0.3199585925282223,0.3473366,-0.027377997761847295,0.027377997761847295
2672,0.26778048377738534,0.16195512,0.10582536559806405,0.10582536559806405
2673,0.9432301954171431,-0.03213448,0.9753646761915458,0.9753646761915458
2674,1.3574171941960769,0.23877466,1.1186425369466262,1.1186425369466262
2675,0.3199958094388862,0.5780275,-0.25803167736226124,0.25803167736226124
2676,0.300159196055009,-0.036000468,0.33615966389186586,0.33615966389186586
2677,-0.8856087946086266,-0.20078924,-0.6848195516257622,0.6848195516257622
2678,-0.8713919347350035,-0.78944415,-0.08194778619450671,0.08194778619450671
2679,-0.7704596730144115,-0.6972836,-0.07317604741168937,0.07317604741168937
2680,0.17700843866804775,-0.6292923,0.8063007479522579,0.8063007479522579
2681,-0.7742930148127969,0.32663295,-1.100925961542457,1.100925961542457
2682,-0.5455578818722518,-0.4465846,-0.09897326974113307,0.09897326974113307
2683,-0.5699349583571294,-0.44065508,-0.12927987589291123,0.12927987589291123
2684,-0.826917726491601,-0.49169222,-0.3352255112873621,0.3352255112873621
2685,-0.8807333793116512,-0.6818022,-0.1989311661196651,0.1989311661196651
2686,0.29565594986467286,-0.82842827,1.12408421829729,1.12408421829729
2687,-0.8723223575016019,-0.6342385,-0.23808387597999547,0.23808387597999547
2688,-0.9295991830133981,-0.87669945,-0.05289973538156212,0.05289973538156212
2689,-0.9031379595313401,-0.75497746,-0.1481604948554368,0.1481604948554368
2690,-0.8423627444171341,-0.6136635,-0.22869924983018952,0.22869924983018952
2691,0.1419501088226208,-0.056835316,0.198785424944199,0.198785424944199
2692,0.6212294843527768,0.6616337,-0.0404041859772708,0.0404041859772708
2693,0.5377147368229065,0.36248845,0.17522628820306396,0.17522628820306396
2694,0.8469872644402072,0.35646027,0.4905269911743686,0.4905269911743686
2695,0.27224651305705755,0.3312846,-0.05903809936016352,0.05903809936016352
2696,0.11552610225122684,-0.06824253,0.18376862979572528,0.18376862979572528
2697,-0.5676275098959653,-0.33186617,-0.23576133495967078,0.23576133495967078
2698,-0.11320903068931802,-0.51609355,0.4028845214232613,0.4028845214232613
2699,-0.06754388130466975,-0.12166373,0.05411984556157552,0.05411984556157552
2700,0.34314472787185374,-0.2436564,0.5868011247376985,0.5868011247376985
2701,0.4339539898918555,0.0031910017,0.4307629881785796,0.4307629881785796
2702,-0.3198001017848217,-0.0052311495,-0.31456895229017373,0.31456895229017373
2703,-0.6620840291610326,-0.5914853,-0.07059870763927356,0.07059870763927356
2704,-0.8008658890268466,-0.5514023,-0.24946361823293184,0.24946361823293184
2705,-0.7185048657275582,-0.6073597,-0.11114515837205896,0.11114515837205896
2706,0.7947347218680422,-0.54287994,1.337614660947327,1.337614660947327
2707,0.2683015205266806,0.5844732,-0.3161716721651224,0.3161716721651224
2708,0.2588484252180409,-0.09253321,0.3513816336478543,0.3513816336478543
2709,0.9969341975052014,-0.20038664,1.1973208409149305,1.1973208409149305
2710,-0.17063472384376996,0.14935678,-0.31999150628014084,0.31999150628014084
2711,-0.817799583378937,-0.71713185,-0.1006677302752993,0.1006677302752993
2712,-0.9150845878544632,-0.8025381,-0.11254649094970859,0.11254649094970859
2713,-0.809165260104904,-0.81003195,0.0008666903688814287,0.0008666903688814287
2714,-0.8610084166597657,-0.71377033,-0.1472380867075257,0.1472380867075257
2715,-0.4764832956799884,-0.6273524,0.15086912083536197,0.15086912083536197
2716,0.5551322510136282,0.07796585,0.47716640286575907,0.47716640286575907
2717,0.45259966213448694,0.4543717,-0.001772028615635135,0.001772028615635135
2718,0.3911917595389941,0.28753147,0.10366029424701717,0.10366029424701717
2719,0.05977517007665227,0.13981153,-0.08003636063261439,0.08003636063261439
2720,0.6082407825310636,-0.014433093,0.6226738759000707,0.6226738759000707
2721,1.4345306330917498,0.6120073,0.8225233131645342,0.8225233131645342
2722,-0.20703286247309832,0.7589666,-0.9659994872098843,0.9659994872098843
2723,0.3202935447241979,-0.17148277,0.49177631635925345,0.49177631635925345
2724,0.1319015429433582,0.43487152,-0.30296998162901423,0.30296998162901423
2725,1.1031512605400722,0.08992352,1.013227737173621,1.013227737173621
2726,-0.2108662042714837,0.76991653,-0.9807827386953119,0.9807827386953119
2727,1.0297222958001282,0.102279335,0.927442960539737,0.927442960539737
2728,0.8015081996088783,0.717684,0.08382422868068617,0.08382422868068617
2729,0.7171002462230737,0.39022353,0.3268767133079583,0.3268767133079583
2730,-0.4913700599455624,0.44735998,-0.9387300390982418,0.9387300390982418
2731,2.1610419461624266,-0.07558202,2.2366239661471488,2.2366239661471488
2732,2.4108790674494234,1.4879854,0.9228936949060884,0.9228936949060884
2733,1.8797193184537413,0.56732273,1.3123965874356749,1.3123965874356749
2734,0.3441123675491162,0.3838919,-0.03977954276544371,0.03977954276544371
2735,-0.7509952287371734,-0.4210311,-0.32996414110022576,0.32996414110022576
2736,-0.7400162400913126,-0.522666,-0.21735026261328527,0.21735026261328527
2737,-0.7904823709516087,-0.68764603,-0.10283633957190896,0.10283633957190896
2738,-0.765100437878805,-0.7519584,-0.013142067670064761,0.013142067670064761
2739,-0.8577333285213393,-0.6841574,-0.17357595700034323,0.17357595700034323
2740,-0.7234547148458615,-0.6907459,-0.0327088247053281,0.0327088247053281
2741,-0.7441101002643455,-0.41752723,-0.32658287167051925,0.32658287167051925
2742,0.2540102268317294,-0.39634386,0.6503540838816715,0.6503540838816715
2743,-0.3315234286439612,0.35118556,-0.6827089888704017,0.6827089888704017
2744,-0.8330585167511504,-0.34653583,-0.4865226850613158,0.4865226850613158
2745,1.5546296038042686,-0.54768395,2.1023135580431602,2.1023135580431602
2746,0.9912027932629556,0.847873,0.14332982077455225,0.14332982077455225
2747,0.48803016108655317,0.3667162,0.12131395501279219,0.12131395501279219
2748,0.4055947039659371,0.3846753,0.020919409805094213,0.020919409805094213
2749,1.841534768112544,0.17752765,1.6640071169217863,1.6640071169217863
2750,1.695979430505894,0.9045877,0.7913917444440348,0.7913917444440348
2751,-0.6280305559035321,0.9963006,-1.6243311340209026,1.6243311340209026
2752,-0.7595551181898785,-0.22570977,-0.5338453520403577,0.5338453520403577
2753,-0.6579901689879998,-0.49236438,-0.1656257922046288,0.1656257922046288
2754,1.1747193797468192,-0.34815797,1.522877351844216,1.522877351844216
2755,1.6560829022741554,0.94963694,0.7064459660864113,0.7064459660864113
2756,-0.3802775816137162,1.0254824,-1.4057599977666704,1.4057599977666704
2757,-0.9173920363156272,-0.51631916,-0.40107288062257296,0.40107288062257296
2758,-0.7952089186059283,-0.9337252,0.1385162596358014,0.1385162596358014
2759,-0.8661815672420525,-0.7613698,-0.10481174283256767,0.10481174283256767
2760,-0.806969462375732,-0.7661431,-0.040826378803344276,0.040826378803344276
2761,-0.8690844862738396,-0.7641014,-0.10498310020358814,0.10498310020358814
2762,-0.9022447536754057,-0.3946088,-0.5076359580325529,0.5076359580325529
2763,-0.3330121050705187,0.19574602,-0.5287581245531313,0.5287581245531313
2764,0.7434498189731396,0.7133627,0.03008712518651846,0.03008712518651846
2765,0.7675663770833695,0.41920346,0.3483629168668473,0.3483629168668473
2766,0.8946993439113716,0.34220177,0.5524975745594124,0.5524975745594124
2767,-0.3226658039059446,0.3004316,-0.6230974130596922,0.6230974130596922
2768,-0.8232704692465355,-0.61009014,-0.21318033271852033,0.21318033271852033
2769,-0.7500275890599112,-0.80244976,0.05242217376128633,0.05242217376128633
2770,-0.7518884345931081,-0.5867404,-0.16514806002798355,0.16514806002798355
2771,-0.8822220557382087,-0.7061011,-0.17612093621992864,0.17612093621992864
2772,-0.8262106051889864,-0.745587,-0.08062361387886674,0.08062361387886674
2773,-0.8492478728899621,-0.5458905,-0.3033573628077172,0.3033573628077172
2774,-0.05574612062420214,-0.5790426,0.523296492882115,0.523296492882115
2775,-0.5286241875201615,-0.093606465,-0.43501772295536123,0.43501772295536123
2776,-0.1662431283854255,-0.42920443,0.26296130577099236,0.26296130577099236
2777,-0.023479059078570504,0.005396731,-0.02887579027640452,0.02887579027640452
2778,-0.20762833304372147,0.05018847,-0.2578168036755593,0.2578168036755593
2779,-0.2858582792593128,0.02730503,-0.3131633085919506,0.3131633085919506
2780,-0.7910406246115677,-0.38794404,-0.40309658192891995,0.40309658192891995
2781,-0.5170869452143415,-0.68774664,0.17065969880573906,0.17065969880573906
2782,-0.300707826614223,-0.65686727,0.35615943908707093,0.35615943908707093
2783,-0.9397966165353161,-0.6686234,-0.271173228721748,0.271173228721748
2784,-0.8414695385611998,-0.8403119,-0.0011576536811338523,0.0011576536811338523
2785,-0.8684145818818888,-0.83997554,-0.028439046012290414,0.028439046012290414
2786,-0.8344727593563799,-0.54187655,-0.29259620486724414,0.29259620486724414
2787,-0.6723186795936148,0.06441456,-0.7367332403884451,0.7367332403884451
2788,0.8491458452587154,0.03125565,0.8178901939933326,0.8178901939933326
2789,1.2519444693744846,0.58798635,0.6639581193149753,0.6639581193149753
2790,1.0072432817591115,0.69435626,0.3128870190752431,0.3128870190752431
2791,0.40533418559128936,0.46784142,-0.06250723100607697,0.06250723100607697
2792,0.4051108841273058,0.24183208,0.16327880662410144,0.16327880662410144
2793,0.33625959939902605,0.15242663,0.18383296914046587,0.18383296914046587
2794,0.3514068820392474,-0.18084723,0.5322541096126422,0.5322541096126422
2795,-0.8566540381120851,-0.19576946,-0.6608845791029145,0.6608845791029145
2796,-0.7190259024768534,-0.81603974,0.09701383856242274,0.09701383856242274
2797,-0.589622704098351,-0.7007121,0.11108938067185159,0.11108938067185159
2798,-0.5187989231048825,-0.46712133,-0.051677590221047676,0.051677590221047676
2799,-0.40290546329738874,-0.30945757,-0.0934478929829814,0.0934478929829814
2800,0.369940903549887,-0.12054727,0.49048817581484444,0.49048817581484444
2801,-0.050163584024612,0.5628106,-0.6129741838285365,0.6129741838285365
2802,0.36450723459295287,-0.18753684,0.5520440702634241,0.5520440702634241
2803,-0.5815094175736133,0.025596648,-0.6071060660282794,0.6071060660282794
2804,-0.48441049765140654,-0.62508,0.14066949178188204,0.14066949178188204
2805,-0.8209258038747075,-0.5706619,-0.25026390144703414,0.25026390144703414
2806,-0.7723205185476083,-0.80222887,0.02990834946005161,0.02990834946005161
2807,-0.925021503001734,-0.7063111,-0.2187103963199103,0.2187103963199103
2808,-0.7990794773149777,-0.70406824,-0.09501123381140719,0.09501123381140719
2809,-0.8584404498239541,-0.7229037,-0.13553672133884664,0.13553672133884664
2810,-0.7868723306172068,-0.44093493,-0.34593740434576825,0.34593740434576825
2811,-0.21868175551090996,0.23937368,-0.4580554394403533,0.4580554394403533
2812,0.9652998234408566,0.49057057,0.47472924844200104,0.47472924844200104
2813,0.29766566304052516,0.60546523,-0.3077995702854331,0.3077995702854331
2814,0.3486900475607802,0.20320871,0.14548133283719317,0.14548133283719317
2815,0.6195175064622357,0.011681646,0.6078358603536084,0.6078358603536084
2816,0.6532360275237609,0.09318561,0.5600504164545584,0.5600504164545584
2817,-0.6472344818061225,-0.11271865,-0.5345158325975768,0.5345158325975768
2818,1.477553381819259,-0.50289166,1.9804450415558923,1.9804450415558923
2819,-0.25065108177123024,0.27955815,-0.5302092337316031,0.5302092337316031
2820,-0.16188874983774507,-0.11188752,-0.05000122779594743,0.05000122779594743
2821,-0.8114727085660681,0.06742423,-0.8788969388436064,0.8788969388436064
2822,0.3895914323804451,-0.663742,1.0533334382054877,1.0533334382054877
2823,0.5217486821480783,0.30472627,0.21702240932665195,0.21702240932665195
2824,0.16390808611434257,0.19082296,-0.026914872831885456,0.026914872831885456
2825,0.9254032952091181,0.307597,0.6178062838813746,0.6178062838813746
2826,0.4744459886942171,0.15344813,0.3209978540334963,0.3209978540334963
2827,0.06558100814022601,-0.28548914,0.35107015008129655,0.35107015008129655
2828,-0.473803678112185,-0.30184296,-0.17196072037712334,0.17196072037712334
2829,-0.7645421842188459,-0.6782324,-0.08630981241174751,0.08630981241174751
2830,-0.8509598507805032,-0.8409308,-0.010029031269089606,0.010029031269089606
2831,-0.8615666703197248,-0.81483114,-0.046735532662559254,0.046735532662559254
2832,-0.8544582403829131,-0.74221325,-0.1122449911763701,0.1122449911763701
2833,-0.3785283868125112,-0.6973594,0.31883099629372047,0.31883099629372047
2834,-0.4542648000136191,-0.40971583,-0.044548968733864436,0.044548968733864436
2835,-0.5975499060697692,0.29058653,-0.8881364372320312,0.8881364372320312
2836,0.37656551364806773,0.15438993,0.22217558089641215,0.22217558089641215
2837,0.7852444096487388,0.46362832,0.32161608776267614,0.32161608776267614
2838,0.29692132482724654,0.45537925,-0.15845792283815874,0.15845792283815874
2839,0.43406564062384706,0.045231253,0.3888343877151404,0.3888343877151404
2840,0.340167375018739,0.0128659755,0.32730139951958587,0.32730139951958587
2841,0.386651296437994,-0.08447858,0.47112987589956856,0.47112987589956856
2842,0.013849502317356235,-0.22165772,0.2355072255057565,0.2355072255057565
2843,-0.7974047163351006,-0.29166648,-0.5057382384164757,0.5057382384164757
2844,-0.8537511190802982,-0.7722331,-0.08151799053262976,0.08151799053262976
2845,-0.792603734859453,-0.7435481,-0.04905563963316517,0.04905563963316517
2846,-0.72438513761246,-0.6330951,-0.09129005199157991,0.09129005199157991
2847,-0.4523667375697585,-0.5658999,0.11353317097287458,0.11353317097287458
2848,-0.03780756968418542,-0.07415452,0.0363469488604885,0.0363469488604885
2849,0.7226083490013362,0.5018202,0.2207881423591853,0.2207881423591853
2850,-0.020278404761472194,0.040171344,-0.060449748594680275,0.060449748594680275
2851,-0.6298169676154008,-0.55372554,-0.07609142697743088,0.07609142697743088
2852,-0.8547931925788885,-0.73925364,-0.1155395524040228,0.1155395524040228
2853,-0.8360730865149291,-0.78345406,-0.05261902596042467,0.05261902596042467
2854,-0.7926409517701168,-0.82721895,0.034577998024652445,0.034577998024652445
2855,-0.8628320452822984,-0.73494804,-0.1278840062274278,0.1278840062274278
2856,-0.879058618331774,-0.7875165,-0.09154214360795809,0.09154214360795809
2857,-0.8451912296275932,-0.7289072,-0.11628400211141887,0.11628400211141887
2858,-0.934697899774357,-0.5105605,-0.4241373872316324,0.4241373872316324
2859,0.5980433490091454,-0.104633026,0.702676374834169,0.702676374834169
2860,0.8786960723258795,0.47892237,0.3997737052299323,0.3997737052299323
2861,1.0324019133679316,0.52023673,0.5121651827923701,0.5121651827923701
2862,0.8477316026534856,0.573046,0.2746855740394414,0.2746855740394414
2863,0.3752629217748299,0.4574907,-0.0822277906294212,0.0822277906294212
2864,0.3631674258090511,0.0125575885,0.35060983729138523,0.35060983729138523
2865,0.7485113188234349,0.004466191,0.7440451278892537,0.7440451278892537
2866,0.2584762561114016,0.42846787,-0.16999161364720433,0.16999161364720433
2867,-0.6970679251851316,-0.20017704,-0.49689088150875527,0.49689088150875527
2868,-0.09322354966278486,-0.4977235,0.4044999403369863,0.4044999403369863
2869,0.017757277937069733,-0.46935782,0.48711509630216676,0.48711509630216676
2870,-0.6350645520190158,-0.21931997,-0.4157445826033511,0.4157445826033511
2871,-0.6877264806084838,-0.44758055,-0.24014593446781307,0.24014593446781307
2872,0.7398397786387377,-0.5958001,1.3356398803957874,1.3356398803957874
2873,-0.5640919033828916,0.74602914,-1.310121041947955,1.310121041947955
2874,0.0856037060774231,0.16666734,-0.08106363610855102,0.08106363610855102
2875,0.008378616449757886,-0.08147181,0.08985042470447667,0.08985042470447667
2876,0.058919181131381615,-0.10157012,0.16048930307533227,0.16048930307533227
2877,-0.12783527658024452,0.015344806,-0.143180082595736,0.143180082595736
2878,-0.7429935929444275,-0.46861884,-0.2743747529652557,0.2743747529652557
2879,-0.3198745356061496,-0.7886351,0.4687605394861661,0.4687605394861661
2880,-0.860226861535823,-0.74596375,-0.11426310926607808,0.11426310926607808
2881,-0.8335795535004454,-0.7312449,-0.1023346318161803,0.1023346318161803
2882,-0.8548304094895524,-0.73523456,-0.11959585090724645,0.11959585090724645
2883,-0.5388960548634075,-0.53640217,-0.002493888973667535,0.002493888973667535
2884,0.6726260379796711,-0.20053065,0.8731566862111775,0.8731566862111775
2885,0.6970403313752126,0.5241847,0.1728556275483083,0.1728556275483083
2886,0.3321285223153292,0.48320693,-0.15107840546100748,0.15107840546100748
2887,0.29796339832583657,0.17502007,0.1229433294419407,0.1229433294419407
2888,-0.18760563510652437,-0.06495068,-0.1226549528836812,0.1226549528836812
2889,1.1431966564144664,-0.42074016,1.5639368137802654,1.5639368137802654
2890,0.5429995381371855,0.68419325,-0.1411937153799654,0.1411937153799654
2891,-0.10673328823379329,0.6049849,-0.7117181677275066,0.7117181677275066
2892,0.682562953126942,0.08029941,0.6022635458832134,0.6022635458832134
2893,0.6683460932533186,0.495805,0.172541097954933,0.172541097954933
2894,0.7173897811721374,0.3952342,0.3221555837939788,0.3221555837939788
2895,1.1452063695903185,0.5043724,0.6408339516635302,0.6408339516635302
2896,1.5967963635865068,0.55903697,1.037759393447957,1.037759393447957
2897,0.6381631787048672,0.6398189,-0.001655728079190455,0.001655728079190455
2898,0.8430422719098299,0.29005718,0.5529850895978182,0.5529850895978182
2899,1.4154383579211514,0.460587,0.954851363034753,0.954851363034753
2900,0.7465760394689103,0.84798545,-0.10140940698418421,0.10140940698418421
2901,0.13320413481659604,0.26422673,-0.13102259982161807,0.13102259982161807
2902,-0.8716152361989871,0.018837266,-0.8904525018692866,0.8904525018692866
2903,-0.5398264776300058,-0.7785123,0.23868582143081574,0.23868582143081574
2904,-0.6717604259336557,-0.644687,-0.027073428996857607,0.027073428996857607
2905,-0.22076590250809044,-0.7886507,0.5678847890011564,0.5678847890011564
2906,-0.9117722828053731,-0.56991595,-0.3418563325070638,0.3418563325070638
2907,-0.8517786228151096,-0.77340555,-0.07837307090470924,0.07837307090470924
2908,-0.603392961044007,-0.46455804,-0.1388349259087378,0.1388349259087378
2909,-0.7305259278720093,-0.25805783,-0.4724680951541138,0.4724680951541138
2910,-0.5617844549217276,-0.3060056,-0.2557788578071646,0.2557788578071646
2911,2.059104827853909,-0.26646665,2.32557147524046,2.32557147524046
2912,1.8011172031315106,1.1113935,0.6897237514408368,0.6897237514408368
2913,-0.1436524636124169,0.6048862,-0.7485386378143822,0.7485386378143822
2914,1.1954864158972955,0.20137413,0.9941122874364114,0.9941122874364114
2915,1.0607239823831858,1.1038916,-0.043167628716057393,0.043167628716057393
2916,-0.5000043832195954,0.4910022,-0.991006585253592,0.991006585253592
2917,-0.6658057202274261,-0.3450126,-0.320793115037149,0.320793115037149
2918,0.018650483793003828,-0.4611582,0.4798086699902847,0.4798086699902847
2919,0.07246613661305422,0.24476701,-0.17230087359889035,0.17230087359889035
2920,1.0508987179679077,0.23923308,0.8116656413954895,0.8116656413954895
2921,0.17793886143464605,0.32803068,-0.1500918142149969,0.1500918142149969
2922,1.6471880606254747,0.2516053,1.3955827585300615,1.3955827585300615
2923,0.5943960917640798,0.80359346,-0.2091973649810679,0.2091973649810679
2924,-0.5631242637056293,-0.188492,-0.37463226360263246,0.37463226360263246
2925,-0.5019396625741199,-0.7332769,0.23133724105518305,0.23133724105518305
2926,-0.8284064029181585,-0.7430284,-0.08537800058966727,0.08537800058966727
2927,-0.25005561120060726,-0.74726903,0.4972134231850739,0.4972134231850739
2928,-0.8445213252356424,-0.71408975,-0.13043157399205108,0.13043157399205108
2929,-0.8534906007056507,-0.7889862,-0.06450439465096325,0.06450439465096325
2930,-0.8910796804762252,-0.33041772,-0.5606619580126174,0.5606619580126174
2931,-0.5663621349333916,0.170857,-0.7372191323041115,0.7372191323041115
2932,0.47344113210629074,0.44735304,0.02608809689472763,0.02608809689472763
2933,0.3807710245530922,0.33904347,0.04172755631616898,0.04172755631616898
2934,0.35576126058692786,0.22456521,0.13119605262870643,0.13119605262870643
2935,0.3242013203439109,0.10612725,0.2180740731295936,0.2180740731295936
2936,0.31954920651091906,0.03783104,0.281718168274301,0.281718168274301
2937,0.8730391019049616,-0.032083385,0.9051224865976305,0.9051224865976305
2938,0.0055129143286349516,0.40875688,-0.40324396762365083,0.40324396762365083
2939,-0.7881004886691169,-0.3990666,-0.389033891445835,0.389033891445835
2940,-0.8904097760842743,-0.78309834,-0.10731143604978943,0.10731143604978943
2941,-0.8420650091318227,-0.806062,-0.03600302602330219,0.03600302602330219
2942,-0.9391639290540292,-0.6595625,-0.2796014009206369,0.2796014009206369
2943,-0.7838205439427642,-0.71133536,-0.0724851829388885,0.0724851829388885
2944,-0.34968528104796165,-0.48720458,0.13751930045113808,0.13751930045113808
2945,0.5904138823230385,0.26553303,0.3248808522899269,0.3248808522899269
2946,0.30291324744414017,-0.10336185,0.40627509991120025,0.40627509991120025
2947,-0.2912175143949195,-0.06566138,-0.22555613619009696,0.22555613619009696
2948,-0.5222973127072925,-0.4673321,-0.054965217799531896,0.054965217799531896
2949,-0.7570988020860588,-0.6460116,-0.11108721112841724,0.11108721112841724
2950,-0.8965505663438236,-0.8069815,-0.08956906238035311,0.08956906238035311
2951,-0.8852738424126513,-0.78341496,-0.10185888250511954,0.10185888250511954
2952,-0.8930893936520777,-0.7311163,-0.1619730987912379,0.1619730987912379
2953,-0.3777840485992325,-0.7445474,0.36676337810135956,0.36676337810135956
2954,-0.4861969093632755,-0.40197632,-0.08422059219599337,0.08422059219599337
2955,-0.5405708158432846,0.10936703,-0.6499378437220459,0.6499378437220459
2956,-0.31972566796349383,0.093874246,-0.41359991384552813,0.41359991384552813
2957,0.26986463077456574,-0.1267111,0.39657573111445527,0.39657573111445527
2958,0.36971760208590343,-0.108867414,0.4785850163815768,0.4785850163815768
2959,-0.3518066449558058,0.042803615,-0.3946102602874556,0.3946102602874556
2960,0.2145230846172944,-0.642532,0.8570550756222383,0.8570550756222383
2961,0.07845805922994786,0.1226317,-0.044173639616869154,0.044173639616869154
2962,0.4859460140893728,-0.25260502,0.7385510350892812,0.7385510350892812
2963,0.33923695225214073,0.053871103,0.28536584962104866,0.28536584962104866
2964,-0.46613699451541446,-0.040827744,-0.4253092508063271,0.4253092508063271
2965,-0.887171904856512,-0.73113,-0.1560419009273738,0.1560419009273738
2966,-0.824647494941101,-0.78168494,-0.042962559848174986,0.042962559848174986
2967,-0.87343886482152,-0.6475806,-0.22585824119481102,0.22585824119481102
2968,-0.367214445970675,-0.73140407,0.36418962011514044,0.36418962011514044
2969,0.5908977021616698,-0.055254854,0.646152556423545,0.646152556423545
2970,0.18579162958473647,0.18366158,0.002130049498982073,0.002130049498982073
2971,0.16610388384351474,-0.005799629,0.171903512637708,0.171903512637708
2972,-0.17952956549245033,-0.3503733,0.17084373243731346,0.17084373243731346
2973,-0.19370920845540954,-0.56575423,0.3720450263353925,0.3720450263353925
2974,-0.21667204233505755,-0.4550769,0.23840486076972456,0.23840486076972456
2975,0.24853934096413105,-0.37687528,0.6254146222980543,0.6254146222980543
2976,-0.32452664943914145,-0.20273611,-0.12179053994397848,0.12179053994397848
2977,-0.358580122696642,-0.3860019,0.02742179204296674,0.02742179204296674
2978,-0.3256059398483956,-0.00752867,-0.3180772697162354,0.3180772697162354
2979,-0.3307046566093546,0.7824031,-1.1131077680671793,1.1131077680671793
2980,-0.42973885588608596,0.29260337,-0.7223422294136128,0.7223422294136128
2981,0.9697286358098652,-0.4614192,1.4311478307466174,1.4311478307466174
2982,0.9430068939531595,0.39827853,0.5447283595407755,0.5447283595407755
2983,0.481145032613725,0.35604054,0.12510449525639467,0.12510449525639467
2984,0.32900230181955875,0.21961364,0.10938866031908573,0.10938866031908573
2985,0.36901048078328874,0.12899281,0.24001766993791368,0.24001766993791368
2986,0.6070498413898177,-0.1444849,0.7515347487785048,0.7515347487785048
2987,-0.23985817767868917,0.05815775,-0.2980159271527378,0.2980159271527378
2988,0.5160917117271602,-0.49167976,1.007771469560641,1.007771469560641
2989,0.4338051222491998,0.09090587,0.34289925473220534,0.34289925473220534
2990,0.2553500356156309,0.10393313,0.1514169024307211,0.1514169024307211
2991,0.2944277918127629,0.10587326,0.18855453489099472,0.18855453489099472
2992,-0.8332073843938061,0.082362145,-0.9155695295792767,0.9155695295792767
2993,-0.31075639249348536,-0.52961737,0.21886097668147192,0.21886097668147192
2994,1.3006614054335754,0.07642912,1.2242322842373055,1.2242322842373055
2995,0.842372367517879,0.6071942,0.23517818226092102,0.23517818226092102
2996,-0.30718356906974764,-0.025532804,-0.28165076464021654,0.28165076464021654
2997,-0.8100956828715025,-0.66581035,-0.1442853362681089,0.1442853362681089
2998,-0.8117332269407156,-0.8866041,0.07487084372273656,0.07487084372273656
2999,-0.8296717778807323,-0.7481108,-0.0815610067015331,0.0815610067015331
3000,-0.8975182060210859,-0.7388616,-0.15865658559490792,0.15865658559490792
3001,-0.823493770710519,-0.62508434,-0.1984094301381618,0.1984094301381618
3002,-0.8444841083249784,-0.47234616,-0.3721379514894224,0.3721379514894224
3003,0.36160431556116573,0.23540339,0.12620092682253353,0.12620092682253353
3004,-0.23892775491209076,0.49761596,-0.736543718132687,0.736543718132687
3005,-0.22102642088273797,-0.14412248,-0.0769039395366076,0.0769039395366076
3006,-0.8801379087410283,-0.5272861,-0.35285179643252607,0.35285179643252607
3007,-0.28120616542632104,-0.81639284,0.5351866735286045,0.5351866735286045
3008,0.39018690295106795,-0.3131545,0.7033413917530241,0.7033413917530241
3009,0.3402790257507308,0.15854728,0.18173174353179772,0.18173174353179772
3010,0.6479140092988183,0.04538264,0.6025313680429627,0.6025313680429627
3011,-0.533983422655768,0.4820692,-1.016052616972632,1.016052616972632
3012,-0.8253918331543798,-0.66897446,-0.15641737398308464,0.15641737398308464
3013,-0.86767024366861,-0.7979388,-0.06973141996865884,0.06973141996865884
3014,-0.8979648089490532,-0.78537405,-0.1125907635770439,0.1125907635770439
3015,-0.8601524277144952,-0.7465472,-0.11360520557704401,0.11360520557704401
3016,-0.8687495340778641,-0.71740305,-0.15134647984049843,0.15134647984049843
3017,0.7445291093823938,-0.6702445,1.414773624324563,1.414773624324563
3018,-0.2553404125148862,0.49088836,-0.7462287696773617,0.7462287696773617
3019,-0.32888102798682184,-0.30853432,-0.020346703817662903,0.020346703817662903
3020,-0.46007063807719295,-0.5882888,0.12821814594990666,0.12821814594990666
3021,-0.4944962804413329,-0.67812717,0.1836308891677369,0.1836308891677369
3022,-0.4049523933839052,-0.7022003,0.2972479001570494,0.2972479001570494
3023,-0.9280732896761766,-0.7601717,-0.1679015782313219,0.1679015782313219
3024,-0.8522252257430769,-0.83037597,-0.02184925633313428,0.02184925633313428
3025,-0.9453791531349065,-0.77194726,-0.17343188846358082,0.17343188846358082
3026,-0.8699032583084461,-0.6251178,-0.2447854795303699,0.2447854795303699
3027,-0.6191357142548516,-0.10531577,-0.5138199470262482,0.5138199470262482
3028,0.16498737652359657,-0.023026377,0.18801375348625832,0.18801375348625832
3029,0.9305020119700774,0.20020482,0.7302971925292358,0.7302971925292358
3030,0.5233490093066274,0.55188745,-0.028538443295759053,0.028538443295759053
3031,0.8059370119778866,0.28446248,0.5214745302407497,0.5214745302407497
3032,0.6815580965390156,0.3006285,0.3809295834412525,0.3809295834412525
3033,0.37835192535993667,0.46673188,-0.08837995077493577,0.08837995077493577
3034,0.44225336096991313,-0.0270954,0.46934876076687587,0.46934876076687587
3035,-0.060770403563833564,-0.15464908,0.09387867528214422,0.09387867528214422
3036,-0.9110651615027583,-0.38060015,-0.5304650071028865,0.5304650071028865
3037,-0.7108753990414515,-0.75130945,0.040434055399619084,0.040434055399619084
3038,-0.1135067659746296,-0.6067776,0.4932708424199932,0.4932708424199932
3039,-0.6628283673743114,-0.47911915,-0.18370921554363817,0.18370921554363817
3040,-0.5023862655020872,-0.67333573,0.1709494655274233,0.1709494655274233
3041,0.7386116205868283,-0.32616583,1.0647774457153836,1.0647774457153836
3042,-0.08946464168572757,0.2619739,-0.3514385293676886,0.3514385293676886
3043,-0.14205213645386774,-0.2851155,0.14306337377142828,0.14306337377142828
3044,-0.7479062251520668,-0.35977888,-0.3881273440790688,0.3881273440790688
3045,-0.5123976144706858,-0.7470059,0.23460826540831203,0.23460826540831203
3046,-0.31164959834941985,-0.6903282,0.37867858244052766,0.37867858244052766
3047,-0.6579157351666719,-0.68719566,0.029279923517104955,0.029279923517104955
3048,-0.8047736646465596,-0.7589199,-0.045853769951277656,0.045853769951277656
3049,-0.903807863923291,-0.75036883,-0.15343903038142093,0.15343903038142093
3050,-0.816050388577732,-0.6754351,-0.14061526274994274,0.14061526274994274
3051,-0.8348821453736832,-0.21960378,-0.6152783684419205,0.6152783684419205
3052,-0.6816973410809265,-0.5275945,-0.15410283434035643,0.15410283434035643
3053,-0.27994079046374715,-0.38221273,0.10227193779820049,0.10227193779820049
3054,0.5965546725825881,-0.2624081,0.8589627801017379,0.8589627801017379
3055,0.8960391526952735,0.35895696,0.5370821898714057,0.5370821898714057
3056,0.8073884714937801,0.48740372,0.3199847508764858,0.3199847508764858
3057,-0.6472344818061224,0.36216822,-1.0094027044719092,1.0094027044719092
3058,0.6081291317990716,-0.6357483,1.2438774585774834,1.2438774585774834
3059,-0.23178210806461513,0.22241527,-0.45419737648578823,0.45419737648578823
3060,-0.5799463073257279,-0.32314435,-0.25680196085012674,0.25680196085012674
3061,0.7536844694057218,-0.47141448,1.2250989460387935,1.2250989460387935
3062,-0.061589175598440044,0.55435205,-0.6159412206576441,0.6159412206576441
3063,-0.7795405992164117,-0.16252154,-0.6170190580977899,0.6170190580977899
3064,-0.7946878818566333,-0.68848246,-0.10620541849680054,0.10620541849680054
3065,-0.4447744877943157,-0.644495,0.19972052258166084,0.19972052258166084
3066,1.3430886835904616,-0.123047,1.4661356852503318,1.4661356852503318
3067,1.4725663157902917,0.7664016,0.7061647268735132,0.7061647268735132
3068,0.037072854571651895,0.8165487,-0.7794758505293613,0.7794758505293613
3069,-0.5757407964207032,-0.5025531,-0.07318769106639411,0.07318769106639411
3070,-0.7951717016952644,-0.7477079,-0.04746379831010206,0.04746379831010206
3071,-0.9317949807425702,-0.7904101,-0.14138487932884336,0.14138487932884336
3072,-0.8134824217419204,-0.8022499,-0.0112325132946548,0.0112325132946548
3073,-0.9579956858499805,-0.7085491,-0.2494466035707752,0.2494466035707752
3074,-0.8227494324972403,-0.7413248,-0.08142465012571931,0.08142465012571931
3075,-0.9584795056886116,-0.5109027,-0.4475768028802315,0.4475768028802315
3076,-0.8391248731893718,-0.6812066,-0.15791828921262618,0.15791828921262618
3077,-0.11629803427442466,-0.55852497,0.44222693196550455,0.44222693196550455
3078,-0.06672510927006302,0.009803757,-0.07652886634155807,0.07652886634155807
3079,0.4562097024688887,-0.0029022843,0.4591119867334532,0.4591119867334532
3080,0.4966644843605862,0.34422424,0.1524402400044308,0.1524402400044308
3081,0.7845372883461238,0.3200671,0.4644701806686641,0.4644701806686641
3082,0.4602291288205935,0.5423204,-0.08209124185353978,0.08209124185353978
3083,0.3829296053716004,0.17873001,0.2041995943852723,0.2041995943852723
3084,-0.7677428385359444,-0.16123489,-0.6065079530817665,0.6065079530817665
3085,-0.6088638469116054,-0.7273007,0.11843685661393777,0.11843685661393777
3086,0.9235796665865855,-0.6677066,1.5912862753588635,1.5912862753588635
3087,1.693560331312738,0.5082246,1.185335724798761,1.185335724798761
3088,2.1945743826706328,0.5619561,1.6326182750542082,1.6326182750542082
3089,1.1346367669617612,0.7542237,0.38041306262368746,0.38041306262368746
3090,0.7784337149972386,0.26323852,0.515195195567078,0.515195195567078
3091,0.715723220528508,0.63093156,0.08479166430368501,0.08479166430368501
3092,0.17484985784953952,-0.03805069,0.21290054665273547,0.21290054665273547
3093,-0.9095764850762009,-0.61327577,-0.29630071870352026,0.29630071870352026
3094,-0.822377263390601,-0.8559254,0.03354811779302325,0.03354811779302325
3095,-0.16713633424135996,-0.73861444,0.5714781057229344,0.5714781057229344
3096,-0.8260245206356667,-0.66571873,-0.1603057863712929,0.1603057863712929
3097,-0.9421040649964803,-0.7696776,-0.17242648559355667,0.17242648559355667
3098,-0.8156037856497648,-0.39380682,-0.42179697050236487,0.42179697050236487
3099,-0.9064502645804303,0.2550326,-1.161482863552751,1.161482863552751
3100,-0.12295986128326905,-0.051335238,-0.07162462336298478,0.07162462336298478
3101,0.4345866773731423,0.36311194,0.07147473436662682,0.07147473436662682
3102,0.40890700901502725,0.3480096,0.06089742268079873,0.06089742268079873
3103,0.22386452919394206,0.100679114,0.12318541473299693,0.12318541473299693
3104,0.3622370030424528,-0.023903668,0.38614067096924115,0.38614067096924115
3105,0.030783196669446566,-0.0460419,0.07682509509884033,0.07682509509884033
3106,-0.47867909340916054,-0.30723375,-0.17144534258900063,0.17144534258900063
3107,0.5029541422627912,-0.6033582,1.1063123513959394,1.1063123513959394
3108,1.5865244962432608,0.31129092,1.2752335764625295,1.2752335764625295
3109,-0.7921943488421497,0.8226342,-1.6148285689654407,1.6148285689654407
3110,0.3186187837443208,-0.5238339,0.8424526546320772,0.8424526546320772
3111,1.5934840585374166,0.35730994,1.2361741210603048,1.2361741210603048
3112,0.9556234266682336,0.6979339,0.25768951439101195,0.25768951439101195
3113,0.835487239045051,0.60731775,0.22816949335947356,0.22816949335947356
3114,0.27139052411178716,0.094878435,0.17651208897689946,0.17651208897689946
3115,1.390651895418971,-0.34106764,1.7317195373924665,1.7317195373924665
3116,-0.40722262493440525,0.33635673,-0.743579354203433,0.743579354203433
3117,-0.8421766598638145,-0.6219938,-0.22018287972770612,0.22018287972770612
3118,-0.9144146834625124,-0.8848728,-0.02954188931120627,0.02954188931120627
3119,-0.8956945773985532,-0.7407769,-0.15491768092180758,0.15491768092180758
3120,-0.9059664447417992,-0.72440755,-0.1815588910690087,0.1815588910690087
3121,-0.8961783972371843,-0.7172289,-0.17894950777185226,0.17894950777185226
3122,-0.9272173007309062,-0.4918944,-0.43532290657158923,0.43532290657158923
3123,-0.5033539051793495,0.18519971,-0.6885536129258553,0.6885536129258553
3124,1.0530572987864155,0.42309183,0.6299654699633259,0.6299654699633259
3125,0.791422416818952,0.568595,0.22282742465815486,0.22282742465815486
3126,0.8587850251206746,0.65490496,0.20388006353467603,0.20388006353467603
3127,0.7379789331055412,0.8292059,-0.09122693752281574,0.09122693752281574
3128,0.09490793374340709,0.57860714,-0.483699208228181,0.483699208228181
3129,-0.4953522693866035,-0.08584372,-0.40950854984457696,0.40950854984457696
3130,0.25594550618625406,-0.7298282,0.985773685068853,0.985773685068853
3131,-0.27964305517843574,0.22791353,-0.5075565838592371,0.5075565838592371
3132,-0.4776742368212344,-0.12296257,-0.3547116651406886,0.3547116651406886
3133,-0.7032459323553447,-0.020333149,-0.6829127838162784,0.6829127838162784
3134,1.10672408396381,-0.402407,1.5091310744919166,1.5091310744919166
3135,0.5595610633826364,0.32142296,0.23813809904814853,0.23813809904814853
3136,-0.00047900828825868,0.23785067,-0.23832967433440125,0.23832967433440125
3137,-0.015291338732504945,0.12379057,-0.13908190833594808,0.13908190833594808
3138,0.18054404518112144,0.011746965,0.1687970798324009,0.1687970798324009
3139,1.251721167910501,-0.116009556,1.3677307236675467,1.3677307236675467
3140,0.08002116947783271,0.4876798,-0.4076586398540612,0.4076586398540612
3141,-0.8729550449828889,-0.5085223,-0.36443277287290354,0.36443277287290354
3142,-0.9309762087079636,-0.8772953,-0.053680893442308086,0.053680893442308086
3143,-0.8927544414561023,-0.79018396,-0.1025704800646533,0.1025704800646533
3144,-0.8987091471623319,-0.73069996,-0.16800919074524812,0.16800919074524812
3145,-0.9046638528685615,-0.69809103,-0.20657282274771194,0.20657282274771194
3146,-0.918099157618242,-0.5271286,-0.3909705803858812,0.3909705803858812
3147,-0.6362927100709256,0.087052464,-0.723345174556094,0.723345174556094
3148,0.5265124467130621,0.3156193,0.21089315683803156,0.21089315683803156
3149,0.3384926140388619,0.4607625,-0.12226988672407757,0.12226988672407757
3150,0.39346199108949415,0.16742219,0.22603980078092328,0.22603980078092328
3151,1.0712935850117438,0.017243214,1.054050371060156,1.054050371060156
3152,0.4645835073682742,0.4044421,0.060141405651278956,0.060141405651278956
3153,0.17403108581493304,0.039561246,0.13446984022448466,0.13446984022448466
3154,-0.8818498866315693,-0.30015498,-0.5816949026342243,0.5816949026342243
3155,-0.7972186317817809,-0.7986959,0.0014772901161073104,0.0014772901161073104
3156,-0.8015730103294613,-0.6767906,-0.1247824152748348,0.1247824152748348
3157,-0.8654372290287738,-0.6273599,-0.2380773023281818,0.2380773023281818
3158,-0.596545049481843,-0.6025163,0.0059712440438528525,0.0059712440438528525
3159,0.7360436537510165,-0.26561624,1.0016598918682345,1.0016598918682345
3160,0.9715522644323978,0.35232198,0.6192302820486698,0.6192302820486698
3161,0.15635305324956383,0.30379313,-0.14744007905558143,0.14744007905558143
3162,3.184358121777986,0.40157703,2.782781096126054,2.782781096126054
3163,0.4341772913558394,1.513126,-1.0789487243073075,1.0789487243073075
3164,-0.8010147566695024,0.14910683,-0.9501215870280076,0.9501215870280076
3165,-0.823568204531847,-0.34965125,-0.47391695726889227,0.47391695726889227
3166,-0.8358125681402815,-0.8196058,-0.016206740808738518,0.016206740808738518
3167,-0.7530049419130259,-0.7907839,0.037778940228087365,0.037778940228087365
3168,-0.6295192323300894,-0.6421028,0.01258354562782682,0.01258354562782682
3169,-0.4307064955633483,-0.679782,0.24907547779862071,0.24907547779862071
3170,-0.7829645549974938,-0.30797175,-0.47499280926804743,0.47499280926804743
3171,-0.7429935929444275,0.13846043,-0.8814540204670868,0.8814540204670868
3172,0.32762527612499304,-0.020021796,0.3476470723514945,0.3476470723514945
3173,0.6943607138074094,0.4753371,0.21902362569934664,0.21902362569934664
3174,0.3616787493824936,0.23773524,0.12394350773095858,0.12394350773095858
3175,-0.20773998377571312,0.24958107,-0.4573210525299093,0.4573210525299093
3176,-0.8034338558626581,-0.46530005,-0.33813380250458014,0.33813380250458014
3177,-0.8018335287041088,-0.8298463,0.02801279383235966,0.02801279383235966
3178,-0.8006798044735268,-0.7162153,-0.08446449199260031,0.08446449199260031
3179,-0.8541232881869376,-0.6899824,-0.16414087394133214,0.16414087394133214
3180,-0.8031361205773466,-0.6039894,-0.19914669825602704,0.19914669825602704
3181,-0.8409485018119046,-0.597488,-0.24346051572410554,0.24346051572410554
3182,-0.7409094459472472,-0.65224653,-0.08866291112287583,0.08866291112287583
3183,-0.4478634913794222,-0.40560016,-0.042263331019085915,0.042263331019085915
3184,0.4874346905159303,0.0904589,0.3969757907795259,0.3969757907795259
3185,0.21333214347604837,0.35343483,-0.1401026874279586,0.1401026874279586
3186,0.3926060021442235,-0.0671547,0.45976070021808746,0.45976070021808746
3187,0.8128593573613785,0.22195172,0.5909076342626236,0.5909076342626236
3188,-0.7816991800349199,-0.29368445,-0.4880147272627794,0.4880147272627794
3189,-0.882557007934184,-0.77275795,-0.10979906048926824,0.10979906048926824
3190,-0.8735877324641756,-0.9046051,0.031017358153957897,0.031017358153957897
3191,-0.8990068824476433,-0.8217806,-0.07722626044218062,0.07722626044218062
3192,-0.8368918585495357,-0.7622594,-0.07463243481677817,0.07463243481677817
3193,-0.8389015717253882,-0.76338303,-0.0755185408339697,0.0755185408339697
3194,-0.8985230626090122,-0.60913855,-0.28938451423483613,0.28938451423483613
3195,-0.0537736243590138,-0.29765674,0.24388312035953785,0.24388312035953785
3196,0.3686755285873134,0.36119843,0.007477103294344645,0.007477103294344645
3197,0.09524288593938222,0.26028353,-0.16504064381907113,0.16504064381907113
3198,0.4546465922210034,-0.052185334,0.5068319264862355,0.5068319264862355
3199,0.3822224840689855,0.20563105,0.1765914365817266,0.1765914365817266
3200,0.5949915623347027,-0.05180464,0.6467962017337544,0.6467962017337544
3201,0.9739713636255536,0.22657391,0.7473974493360791,0.7473974493360791
3202,-0.13014272504140847,0.6514961,-0.7816388373880576,0.7816388373880576
3203,-0.8995279191969384,-0.5177946,-0.3817333101271142,0.3817333101271142
3204,-0.9139680805345453,-0.7487231,-0.16524499083956845,0.16524499083956845
3205,-0.8595941740545362,-0.7717151,-0.08787906947461066,0.08787906947461066
3206,-0.8057040874131581,-0.7211312,-0.08457288185438128,0.08457288185438128
3207,-0.8984114118770204,-0.55167973,-0.3467316814616762,0.3467316814616762
3208,-0.8747414566947577,-0.72734207,-0.14739938754574033,0.14739938754574033
3209,-0.8482802332126999,-0.6266635,-0.22161672718166348,0.22161672718166348
3210,0.27027401679186897,-0.49626347,0.7665374910178668,0.7665374910178668
3211,0.45356730181174937,0.34843168,0.10513562518554392,0.10513562518554392
3212,-0.8029500360240269,-0.028935544,-0.7740144918312359,0.7740144918312359
3213,-0.8074532822143631,-0.787039,-0.020414300299842814,0.020414300299842814
3214,-0.8947269377212907,-0.8566102,-0.03811675877384202,0.03811675877384202
3215,-0.8884000629084219,-0.87090296,-0.01749710737634791,0.01749710737634791
3216,-0.8147105797938304,-0.76252526,-0.052185319345374626,0.052185319345374626
3217,-0.8635391665849133,-0.7509231,-0.11261606945127678,0.11261606945127678
3218,-0.2541866882843041,-0.7693194,0.5151327268081642,0.5151327268081642
3219,-0.6895501092310167,-0.15039545,-0.5391546562547899,0.5391546562547899
3220,-0.6575063491493687,-0.52744675,-0.1300596023231968,0.1300596023231968
3221,-0.8495456081752736,-0.37642065,-0.47312496126937453,0.47312496126937453
3222,-0.2171558621736888,-0.71267587,0.4955200072911855,0.4955200072911855
3223,0.83727365075692,-0.22197446,1.0592481130276568,1.0592481130276568
3224,-0.28355083079814897,0.63261664,-0.916167469935417,0.916167469935417
3225,0.39744420053053525,-0.04770676,0.44515096099663404,0.44515096099663404
3226,-0.0276845699835952,0.43380758,-0.4614921516467269,0.4614921516467269
3227,-0.7335404976357881,-0.31582192,-0.41771858177084364,0.41771858177084364
3228,-0.7338754498317634,-0.50137407,-0.23250138395575637,0.23250138395575637
3229,-0.2515070707165008,-0.47656104,0.2250539689697022,0.2250539689697022
3230,0.40611574071523193,-0.2886136,0.6947293283331061,0.6947293283331061
3231,0.3644700176822887,-0.03849628,0.4029662959086643,0.4029662959086643
3232,-0.819474344358814,0.10789699,-0.9273713354328993,0.9273713354328993
3233,-0.8201442487507649,-0.66659355,-0.15355069711502267,0.15355069711502267
3234,-0.8754113610867085,-0.66317356,-0.21223780475888865,0.21223780475888865
3235,-0.8279970169008553,-0.7212645,-0.10673253535636062,0.10673253535636062
3236,-0.6107246924448023,-0.5511942,-0.05953050146579841,0.05953050146579841
3237,-0.8216329251773223,-0.21815437,-0.6034785543925628,0.6034785543925628
3238,-0.6166793981510319,-0.7208088,0.10412940588415487,0.10412940588415487
3239,-0.27193915467100116,-0.6824334,0.4104942717091563,0.4104942717091563
3240,-0.809760730675527,-0.71638376,-0.09337697546846524,0.09337697546846524
3241,-0.8743320706774543,-0.70760494,-0.1667271259714912,0.1667271259714912
3242,-0.8951363237385941,-0.8175942,-0.07754215316822055,0.07754215316822055
3243,-0.8486524023193392,-0.655293,-0.19335941449585292,0.19335941449585292
3244,-0.6754076831787215,-0.61356515,-0.06184253625565628,0.06184253625565628
3245,-0.8453773141809129,-0.38916957,-0.4562077403970384,0.4562077403970384
3246,0.49517580793402866,-0.6803407,1.1755165152361222,1.1755165152361222
3247,-0.0719354767630141,0.49285603,-0.5647915024588148,0.5647915024588148
3248,-0.5983314611937118,-0.21041974,-0.38791171694055326,0.38791171694055326
3249,-0.0422363820531937,-0.36899754,0.326761161997023,0.326761161997023
3250,0.6162424183238095,-0.16386113,0.7801035440314359,0.7801035440314359
3251,0.486913653766635,0.23849955,0.2484141017551451,0.2484141017551451
3252,-0.20837267125700007,0.40984237,-0.6182150431976129,0.6182150431976129
3253,-0.2369924755575661,-0.08004748,-0.15694499479556126,0.15694499479556126
3254,-0.5353232314396699,-0.30333498,-0.23198825023659064,0.23198825023659064
3255,-0.3547095639875928,-0.46971926,0.11500969694342222,0.11500969694342222
3256,-0.739792938627329,-0.09894561,-0.6408473284021283,0.6408473284021283
3257,-0.7723949523689362,-0.29424876,-0.47814619262238467,0.47814619262238467
3258,-0.2839229999047884,-0.53203756,0.24811455626662882,0.24811455626662882
3259,1.0918373196982356,-0.08366365,1.1755009695552798,1.1755009695552798
3260,-0.15608291177417122,0.5761399,-0.7322228386845716,0.7322228386845716
3261,-0.8219678773732977,-0.28976452,-0.5322033538671331,0.5322033538671331
3262,-0.8191021752521747,-0.7792344,-0.03986776591989927,0.03986776591989927
3263,-0.5852683255506707,-0.7635325,0.17826419378984448,0.17826419378984448
3264,-0.6763381059453197,-0.5340421,-0.14229598596546134,0.14229598596546134
3265,-0.8432187333624046,-0.7117427,-0.13147603421613385,0.13147603421613385
3266,-0.8469032075181342,-0.36205474,-0.4848484720959998,0.4848484720959998
3267,0.005810649613946152,0.0672298,-0.06141915031233482,0.06141915031233482
3268,0.36130658027585405,0.4109031,-0.049596515923181594,0.049596515923181594
3269,0.5032146606374388,0.2614569,0.2417577538419371,0.2417577538419371
3270,-0.07390797302820269,0.2875716,-0.36147958204843583,0.36147958204843583
3271,-0.8522996595644048,-0.43580303,-0.41649663360348255,0.41649663360348255
3272,-0.17346320905422885,-0.8939359,0.7204727097537545,0.7204727097537545
3273,-0.4807260234956769,-0.59499544,0.1142694155569049,0.1142694155569049
3274,-0.6039884316146299,-0.63694346,0.03295502789617333,0.03295502789617333
3275,-0.05254546630710383,-0.36464414,0.31209867369800787,0.31209867369800787
3276,0.6656292587748517,-0.098213576,0.7638428345552434,0.7638428345552434
3277,-0.03806808805883319,0.578754,-0.6168220958751479,0.6168220958751479
3278,0.6390936014714657,-0.13002369,0.7691172895493923,0.7691172895493923
3279,0.8052298906752718,0.041372806,0.7638570848414553,0.7638570848414553
3280,0.27485169680353294,0.05965919,0.21519250632759224,0.21519250632759224
3281,-0.12638381706435106,-0.27892277,0.1525389493827162,0.1525389493827162
3282,0.062119835448480175,-0.027708463,0.0898282988192802,0.0898282988192802
3283,0.7436731204371231,0.36025083,0.3834222897867935,0.3834222897867935
3284,1.130803425163376,0.57508266,0.5557207654420016,0.5557207654420016
3285,-0.0911766195762684,-0.1906845,0.0995078777801464,0.0995078777801464
3286,-0.5061451734791446,-0.43095782,-0.07518734948736905,0.07518734948736905
3287,-0.8356264835869619,-0.49860016,-0.33702632847183434,0.33702632847183434
3288,-0.8502527294778883,-0.7628111,-0.08744160515308974,0.08744160515308974
3289,-0.7700130700864444,-0.71054155,-0.05947152374168729,0.05947152374168729
3290,-0.7537864970369688,-0.7080202,-0.04576628677085548,0.04576628677085548
3291,-0.7210728325633696,-0.0054987893,-0.715574043312519,0.715574043312519
3292,0.039119784658168344,0.38426158,-0.34514179366328857,0.34514179366328857
3293,0.8184418939609689,0.2424886,0.575953301097886,0.575953301097886
3294,0.5753782504148088,0.38264883,0.19272942476936206,0.19272942476936206
3295,0.9280829127769215,-0.03729281,0.9653757210712177,0.9653757210712177
3296,-0.30383404710999345,0.5989825,-0.9028165600608906,0.9028165600608906
3297,-0.6445176473276553,-0.4190751,-0.22544254571365685,0.22544254571365685
3298,-0.10654720368047363,-0.7443296,0.6377823680434643,0.6377823680434643
3299,-0.15418484933031062,-0.35300308,0.1988182353292658,0.1988182353292658
3300,-0.7687104782132066,0.0074979663,-0.7762084445027269,0.7762084445027269
3301,-0.560992176281153,-0.6062797,0.045287494911016135,0.045287494911016135
3302,0.19881754831711354,-0.29614565,0.49496319608131945,0.49496319608131945
3303,-0.3623762475843633,0.5264392,-0.8888154374952519,0.8888154374952519
3304,-0.16374959537094186,0.1593924,-0.32314199694698403,0.32314199694698403
3305,-0.06270568291835822,0.07351807,-0.1362237505167011,0.1362237505167011
3306,0.7036277245627289,-0.0026408955,0.7062686201082116,0.7062686201082116
3307,1.3738298517988716,0.7677893,0.6060405475424324,0.6060405475424324
3308,-0.7092378549722383,1.0647929,-1.774030726447458,1.774030726447458
3309,-0.8317931417885767,-0.5263218,-0.30547131342325073,0.30547131342325073
3310,-0.702017774303435,-0.89396894,0.19195116547775393,0.19195116547775393
3311,-0.46885382899388167,-0.6507156,0.18186176052943376,0.18186176052943376
3312,-0.8663676517953723,-0.5001348,-0.3662328260888904,0.3662328260888904
3313,-0.8881767614444381,-0.7371332,-0.15104355650745693,0.15104355650745693
3314,-0.15887418007396642,-0.3887903,0.22991612935520228,0.22991612935520228
3315,-0.6149302033498268,0.5413239,-1.1562541035726053,1.1562541035726053
3316,-0.03069913974737386,-0.066824116,0.036124976065404615,0.036124976065404615
3317,0.1162704404645057,-0.105473705,0.22174414510060264,0.22174414510060264
3318,-0.8044387124505843,-0.16752523,-0.636913480612358,0.636913480612358
3319,-0.8708708979857084,-0.79643565,-0.07443524382234779,0.07443524382234779
3320,-0.4475285391834468,-0.751488,0.30395943116872604,0.30395943116872604
3321,0.0961360917953168,-0.21364862,0.30978470906292543,0.30978470906292543
3322,0.27072061971983613,0.5705363,-0.29981569572129546,0.29981569572129546
3323,0.34865283065011626,0.35190892,-0.003256091545318307,0.003256091545318307
3324,-0.05537395151756283,0.5581741,-0.6135480252136993,0.6135480252136993
3325,-0.5017535780208002,-0.2444075,-0.2573460732238184,0.2573460732238184
3326,0.35136966512858375,-0.65600514,1.0073748092478465,1.0073748092478465
3327,0.2772335790860248,0.6510975,-0.37386389739636655,0.37386389739636655
3328,0.22632084529776175,0.78801197,-0.561691122838072,0.561691122838072
3329,0.06974930213458677,0.42624232,-0.3564930195950733,0.3564930195950733
3330,0.3573243708348132,-0.4567761,0.8141004831528522,0.8141004831528522
3331,0.6112553522948423,0.40745077,0.20380458692351966,0.20380458692351966
3332,1.0914651505915969,0.4482038,0.6432613484828322,0.6432613484828322
3333,2.50098120816681,0.054071855,2.446909353366824,2.446909353366824
3334,-0.24789703038209898,0.7979145,-1.045811535386982,1.045811535386982
3335,-0.792082698110158,-0.5109382,-0.2811444709334917,0.2811444709334917
3336,-0.792603734859453,-0.7304623,-0.062141422161088755,0.062141422161088755
3337,-0.7469013685641407,-0.7007679,-0.046133493846428286,0.046133493846428286
3338,-0.747869008241403,-0.7171889,-0.030680113492715266,0.030680113492715266
3339,-0.7565033315154359,-0.6021093,-0.15439401850426648,0.15439401850426648
3340,-0.797144197960453,0.19257051,-0.9897147054868507,0.9897147054868507
3341,-0.7361084644715995,-0.06548194,-0.6706265260498733,0.6706265260498733
3342,-0.6858656350752871,-0.31441644,-0.37144919673414634,0.37144919673414634
3343,0.43175819216268335,-0.42809328,0.8598514765311984,0.8598514765311984
3344,0.4592242722326674,0.32362553,0.13559873745979445,0.13559873745979445
3345,0.4833408303428974,0.30408937,0.17925146295321842,0.17925146295321842
3346,0.016156950778520203,0.1570718,-0.1409148482613205,0.1409148482613205
3347,-0.002414287642783339,0.16668215,-0.16909644158298415,0.16909644158298415
3348,0.0687072286359967,0.5198131,-0.4511058917291461,0.4511058917291461
3349,0.1859777141380561,0.3613751,-0.1753973793220269,0.1753973793220269
3350,-0.12645825088567894,0.60039634,-0.7268545860106485,0.7268545860106485
3351,0.3054067804586238,0.25399995,0.05140683195703688,0.05140683195703688
3352,-0.6885824695537545,0.056078747,-0.744661216468618,0.744661216468618
3353,-0.6773429625332461,-0.6642734,-0.013069581300030775,0.013069581300030775
3354,-0.4118747387673971,-0.6774804,0.26560566084121495,0.26560566084121495
3355,-0.05109400679121027,-0.03177224,-0.01932176579484949,0.01932176579484949
3356,-0.2697805738524929,0.48626056,-0.75604113698764,0.75604113698764
3357,0.34467062120907543,-0.24427623,0.5889468467759394,0.5889468467759394
3358,-0.5729123112102441,-0.29041758,-0.282494729413598,0.282494729413598
3359,-0.6342829968950731,-0.5670864,-0.06719659829354108,0.06719659829354108
3360,0.5841242244208337,-0.60339975,1.1875239779913902,1.1875239779913902
3361,0.016603553706487376,0.5333956,-0.5167920346914924,0.5167920346914924
3362,-0.26903623563921425,0.081318885,-0.35035512072718117,0.35035512072718117
3363,-0.7416910010711897,-0.5390533,-0.2026376801864851,0.2026376801864851
3364,-0.7263948507883125,-0.58155686,-0.14483799415607979,0.14483799415607979
3365,-0.7368900195955421,-0.46125033,-0.2756396846174385,0.2756396846174385
3366,-0.7843043637813953,-0.57564294,-0.20866142039913216,0.20866142039913216
3367,-0.6963608038825168,-0.6309253,-0.06543550614539517,0.06543550614539517
3368,-0.038105304969497114,-0.4260665,0.38796118305807553,0.38796118305807553
3369,-0.4780464059278736,0.044150118,-0.5221965237126122,0.5221965237126122
3370,-0.6658429371380901,-0.3199337,-0.34590922465563767,0.34590922465563767
3371,-0.31339879315062485,-0.47722742,0.16382862646416702,0.16382862646416702
3372,-0.4972503318304642,0.19349378,-0.6907441153044327,0.6907441153044327
3373,0.062752522929767,-0.073381595,0.13613411824331606,0.13613411824331606
3374,-0.6540451764576227,0.65501016,-1.3090553402416498,1.3090553402416498
3375,-0.5393798747020386,-0.40936425,-0.13001562141949163,0.13001562141949163
3376,0.4356659677823966,-0.610022,1.0456879762014335,1.0456879762014335
3377,0.46860293371997896,0.4528663,0.015736647680626548,0.015736647680626548
3378,0.023711983643299184,0.04329751,-0.01958552695083038,0.01958552695083038
3379,-0.7606344085991328,-0.08704122,-0.6735931870400851,0.6735931870400851
3380,-0.7784613088071577,-0.74029094,-0.03817036899926585,0.03817036899926585
3381,-0.7111359174160992,-0.7727528,0.061616904029365926,0.061616904029365926
3382,-0.5613006350830965,-0.7219874,0.16068679119787888,0.16068679119787888
3383,0.44872910342543787,-0.58019316,1.0289222653898544,1.0289222653898544
3384,-0.3932662834354295,0.38726032,-0.7805266012378587,0.7805266012378587
3385,-0.7934225068940595,-0.44337663,-0.350045876349397,0.350045876349397
3386,-0.6827021976688527,-0.7058489,0.023146674992737926,0.023146674992737926
3387,-0.6562409741867948,-0.5898166,-0.06642440390481241,0.06642440390481241
3388,0.04310199409920921,-0.5979825,0.6410845199247097,0.6410845199247097
3389,-0.7812153601962888,-0.19705278,-0.5841625833827817,0.5841625833827817
3390,-0.7497298537745998,-0.6663419,-0.08338795294909929,0.08338795294909929
3391,-0.7236780163098451,-0.5739872,-0.14969083035479747,0.14969083035479747
3392,-0.4352841755750122,-0.52111816,0.0858339884874878,0.0858339884874878
3393,-0.37912385738313414,-0.17794168,-0.20118217742860534,0.20118217742860534
3394,-0.6479043861980733,-0.15897897,-0.48892541733935446,0.48892541733935446
3395,-0.6979239141304021,-0.6949351,-0.0029888307411198856,0.0029888307411198856
3396,-0.7615276144550671,-0.46035478,-0.3011728392647137,0.3011728392647137
3397,-0.7932736392514037,-0.6186557,-0.17461795764129628,0.17461795764129628
3398,-0.6971795759171234,-0.6532931,-0.04388650273978578,0.04388650273978578
3399,-0.06720892910869412,-0.53421396,0.4670050310620517,0.4670050310620517
3400,-0.08488696167406332,0.032839764,-0.11772672558364164,0.11772672558364164
3401,0.14366208671316189,0.09795384,0.045708245622959554,0.045708245622959554
3402,0.05400654892374223,-0.05541583,0.10942238042999453,0.10942238042999453
3403,0.6976730188564995,0.14733697,0.5503360441164711,0.5503360441164711
3404,0.8908660021129863,0.55996794,0.33089806702768965,0.33089806702768965
3405,0.8222752357593542,0.36011502,0.4621602142921454,0.4621602142921454
3406,0.5956242498159893,0.56218696,0.03343729341034962,0.03343729341034962
3407,0.8038900818913701,0.2930503,0.5108397927373174,0.5108397927373174
3408,0.7090241766089996,0.38549757,0.32352660657115784,0.32352660657115784
3409,0.6047423929286536,0.47602013,0.12872226539378728,0.12872226539378728
3410,0.5198506197042179,0.4815447,0.0383059164590549,0.0383059164590549
3411,0.5248749026438488,0.561116,-0.03624107750446659,0.03624107750446659
3412,1.2617697337897633,0.536324,0.7254457095893239,0.7254457095893239
3413,0.32509452619984525,1.037582,-0.7124875136332236,0.7124875136332236
3414,0.1620844574918097,0.1665813,-0.004496845389431153,0.004496845389431153
3415,0.5188085462056273,0.24564195,0.2731665994130248,0.2731665994130248
3416,0.15490159373367027,0.18294485,-0.02804325539982125,0.02804325539982125
3417,-0.884380636556717,-0.15240055,-0.731980083330246,0.731980083330246
3418,-0.7820341322308954,-0.6864715,-0.09556261037649472,0.09556261037649472
3419,-0.8010147566695024,-0.6089318,-0.1920829768080522,0.1920829768080522
3420,-0.8613061519450771,-0.58397084,-0.2773353071994411,0.2773353071994411
3421,-0.8677446774899378,-0.68850243,-0.17924224657410526,0.17924224657410526
3422,-0.799488863332281,-0.6839711,-0.11551775632620798,0.11551775632620798
3423,-0.7783496580751659,-0.47919962,-0.2991500399740459,0.2991500399740459
3424,-0.8756346625506921,-0.37176612,-0.5038685423553033,0.5038685423553033
3425,-0.7349547402410175,-0.61810976,-0.11684497757240786,0.11684497757240786
3426,0.3421770881945915,-0.5847365,0.9269136142070122,0.9269136142070122
3427,-0.2859327130806408,0.40613896,-0.6920716696274243,0.6920716696274243
3428,-0.2346478101857382,-0.01517871,-0.21946909996349392,0.21946909996349392
3429,-0.756987151354067,-0.11799335,-0.6389938040072843,0.6389938040072843
3430,-0.7759305588820101,-0.743064,-0.032866572580588005,0.032866572580588005
3431,-0.833319035125798,-0.708552,-0.12476703221899865,0.12476703221899865
3432,-0.836110303425593,-0.74159384,-0.0945164656875559,0.0945164656875559
3433,-0.792045481199494,-0.6902996,-0.1017459106390387,0.1017459106390387
3434,-0.8205164178574041,-0.44764552,-0.3728709026539282,0.3728709026539282
3435,-0.8609711997491016,0.092467465,-0.9534386642557278,0.9534386642557278
3436,-0.3467079281948468,-0.053031497,-0.2936764314912221,0.2936764314912221
3437,-0.014584217429890257,0.053831257,-0.06841547435594998,0.06841547435594998
3438,-0.8276620647048798,-0.40482885,-0.42283321825025943,0.42283321825025943
3439,-0.8820731880955528,-0.8616607,-0.020412469177706116,0.020412469177706116
3440,-0.8425860458811177,-0.86409026,0.021504217962418637,0.021504217962418637
3441,-0.5418361908058585,-0.80886006,0.2670238727469979,0.2670238727469979
3442,-0.5576905947486946,-0.4292263,-0.12846428568764423,0.12846428568764423
3443,0.20313470995413002,-0.41931078,0.6224454883335704,0.6224454883335704
3444,0.43000899736147835,-0.13368717,0.5636961657212348,0.5636961657212348
3445,0.146565005744949,0.026069555,0.1204954503133446,0.1204954503133446
3446,-0.8746298059627658,-0.10696832,-0.7676614850566036,0.7676614850566036
3447,-0.8615666703197247,-0.8180356,-0.04353106775014459,0.04353106775014459
3448,-0.12020580989413791,-0.7360747,0.6158688761562772,0.6158688761562772
3449,0.23856520890619654,0.35584956,-0.11728435516927344,0.11728435516927344
3450,0.873336837190273,0.5276322,0.3457046603142049,0.3457046603142049
3451,0.6918671807929258,0.08289867,0.6089685118480901,0.6089685118480901
3452,0.5097648369142913,0.23346743,0.2762974070379638,0.2762974070379638
3453,-0.5145561952891939,-0.25589114,-0.25866505101352866,0.25866505101352866
3454,-0.8594080895012164,-0.67976403,-0.1796440571373248,0.1796440571373248
3455,-0.8061879072517892,-0.7720793,-0.034108618292286064,0.034108618292286064
3456,-0.8168691606123387,-0.7209655,-0.09590365596603745,0.09590365596603745
3457,-0.9128887901252911,-0.8349867,-0.07790210341874815,0.07790210341874815
3458,-0.8656605304927575,-0.5517588,-0.3139017047137963,0.3139017047137963
3459,-0.815492134917773,0.116750374,-0.9322425093541514,0.9322425093541514
3460,0.19546802635735952,-0.13000238,0.3254704057747789,0.3254704057747789
3461,0.3341754524018454,0.3145116,0.019663855245320716,0.019663855245320716
3462,0.3269553717330423,0.22646126,0.10049411022219329,0.10049411022219329
3463,0.3112870523435254,-0.0074849203,0.31877197266642043,0.31877197266642043
3464,-0.9015004154621269,-0.17221552,-0.7292848941265251,0.7292848941265251
3465,-0.8485407515873474,-0.8125887,-0.03595205987592165,0.03595205987592165
3466,-0.43714502110820896,-0.81120646,0.3740614388908755,0.3740614388908755
3467,-0.3928568974181263,-0.2314043,-0.16145259291373176,0.16145259291373176
3468,-0.5943492517526708,0.109127924,-0.7034771755989156,0.7034771755989156
3469,-0.42456570530379895,-0.43475434,0.010188636536945073,0.010188636536945073
3470,-0.6134415269232695,-0.14700475,-0.46643677357205793,0.46643677357205793
3471,-0.5779738110605394,-0.49595293,-0.08202087703382122,0.08202087703382122
3472,0.20629814736056468,-0.45855215,0.664850299278976,0.664850299278976
3473,0.49320331166884035,-0.049170204,0.5423735151757869,0.5423735151757869
3474,-0.3902144967609868,0.05066824,-0.44088273635449265,0.44088273635449265
3475,-0.8675585929366182,-0.5890289,-0.27852969803534255,0.27852969803534255
3476,-0.691113219478902,-0.7960398,0.1049266002385052,0.1049266002385052
3477,-0.7882865732224364,-0.7082435,-0.08004308395699455,0.08004308395699455
3478,-0.45679554993876675,-0.77958286,0.32278730814686557,0.32278730814686557
3479,-0.865362795207446,-0.46373358,-0.40162921151871,0.40162921151871
3480,-0.7873561504558381,-0.8186465,0.03129034011804499,0.03129034011804499
3481,-0.8904469929949383,-0.76985955,-0.1205874406115155,0.1205874406115155
3482,-0.895210757559922,-0.69797283,-0.19723792344966196,0.19723792344966196
3483,-0.1647172350482042,-0.11786684,-0.04685039855995729,0.04685039855995729
3484,-0.8701637766830935,0.4087798,-1.2789435766212955,1.2789435766212955
3485,-0.09262807909216196,-0.6930335,0.600405437314851,0.600405437314851
3486,-0.8388643548147242,-0.23201284,-0.6068515166894953,0.6068515166894953
3487,-0.8633530820315934,-0.8867539,0.023400834708824036,0.023400834708824036
3488,-0.8381200166014455,-0.74983406,-0.08828595593250022,0.08828595593250022
3489,-0.6542312610109423,-0.6563144,0.002083112005415111,0.002083112005415111
3490,-0.6053654573091954,-0.4946716,-0.11069384433121388,0.11069384433121388
3491,0.3632418596303787,-0.33111563,0.6943574928796615,0.6943574928796615
3492,-0.26706373937402567,0.08780061,-0.35486434645925363,0.35486434645925363
3493,-0.8520019242790933,-0.5872418,-0.2647600958374734,0.2647600958374734
3494,-0.7996377309749366,-0.78341347,-0.01622426118352427,0.01622426118352427
3495,-0.8332073843938061,-0.65217704,-0.18103034858524292,0.18103034858524292
3496,-0.5370724262408746,-0.7254163,0.18834387644009465,0.18834387644009465
3497,0.4157177036665273,-0.18136588,0.5970835810564352,0.5970835810564352
3498,-0.5295546102867598,0.37989017,-0.9094447839603895,0.9094447839603895
3499,-0.1455133091456137,-0.297279,0.1517656911366739,0.1517656911366739
3500,-0.8517041889937818,-0.5063291,-0.3453750697883069,0.3453750697883069
3501,-0.7605227578671409,-0.722914,-0.037608777383132064,0.037608777383132064
3502,-0.6501374008379094,-0.7773561,0.12721868732355912,0.12721868732355912
3503,-0.8421766598638145,-0.6825912,-0.15958545998893658,0.15958545998893658
3504,-0.8475358949994212,-0.788929,-0.058606909403718044,0.058606909403718044
3505,-0.7993399956896252,-0.7855003,-0.013839707679981661,0.013839707679981661
3506,-0.852746262492372,-0.6329365,-0.21980978483123914,0.21980978483123914
3507,-0.60049004201222,-0.07121209,-0.5292779514603668,0.5292779514603668
3508,0.5026564069774796,-0.20800066,0.7106570669201066,0.7106570669201066
3509,0.12296948438401402,0.22892743,-0.10595794910673915,0.10595794910673915
3510,-0.885422710055307,-0.02124241,-0.8641803001107727,0.8641803001107727
3511,-0.6585112057372947,-0.8376713,0.17916007416993185,0.17916007416993185
3512,-0.8087558740876007,-0.56844115,-0.2403147215149689,0.2403147215149689
3513,-0.8668886885446674,-0.7456234,-0.12126527879658999,0.12126527879658999
3514,-0.010639224899513078,-0.7482471,0.7376078621022875,0.7376078621022875
3515,0.8468756137082154,-0.34780344,1.1946790573784882,1.1946790573784882
3516,-0.2270183434996315,0.61875165,-0.8457699885878273,0.8457699885878273
3517,0.6386842154541624,0.008796804,0.6298874118009222,0.6298874118009222
3518,-0.8306022006473307,0.6310473,-1.4616495090923074,1.4616495090923074
3519,-0.622857405321245,-0.6796642,0.05680678926264782,0.05680678926264782
3520,-0.5383005842927846,-0.39534363,-0.14295695278681841,0.14295695278681841
3521,0.9660813785647993,-0.28732583,1.253407207832301,1.253407207832301
3522,0.2234551431766386,0.6114327,-0.3879775283702974,0.3879775283702974
3523,0.676645464331376,0.078375384,0.5982700801198357,0.5982700801198357
3524,0.20834507744708086,0.10598364,0.10236144017376925,0.10236144017376925
3525,0.30629998631455835,-0.36956456,0.6758645493505233,0.6758645493505233
3526,-0.7466036332788291,0.07972509,-0.8263287199678244,0.8263287199678244
3527,-0.6205499568600811,-0.75483555,0.13428558915661204,0.13428558915661204
3528,-0.7401278908233044,-0.62544566,-0.11468222689431884,0.11468222689431884
3529,-0.6936811863147135,-0.69847965,0.004798466090071618,0.004798466090071618
3530,-0.5040238095713002,-0.6242695,0.1202456759023326,0.1202456759023326
3531,-0.19281600259947507,-0.14642972,-0.0463862850587341,0.0463862850587341
3532,-0.03322988967252141,0.49206328,-0.5252931735928095,0.5252931735928095
3533,-0.5349138454223663,0.041306872,-0.5762207173431904,0.5762207173431904
3534,-0.4935286407640706,-0.5819186,0.08838995645730391,0.08838995645730391
3535,-0.26084851529314856,-0.22150642,-0.039342098495510625,0.039342098495510625
3536,-0.6898106276056644,0.28014296,-0.969953590538251,0.969953590538251
3537,-0.5685579326625638,-0.45904538,-0.10951255230863621,0.10951255230863621
3538,0.1257607526838091,-0.2367517,0.3625124580919054,0.3625124580919054
3539,-0.46155931450375043,0.23445204,-0.6960113535071226,0.6960113535071226
3540,-0.5404591651112928,-0.106216006,-0.4342431591303243,0.4342431591303243
3541,-0.5108717211334645,-0.39492044,-0.11595128260540355,0.11595128260540355
3542,-0.6534869227976636,-0.22539797,-0.4280889485449628,0.4280889485449628
3543,-0.5578766793020143,-0.39161345,-0.16626322567538165,0.16626322567538165
3544,-0.6160839275804089,-0.11625334,-0.49983058882623177,0.49983058882623177
3545,-0.14279647466714648,-0.35138822,0.20859174135153027,0.20859174135153027
3546,-0.5460417017108831,-0.012632966,-0.5334087356693181,0.5334087356693181
3547,0.41981156383956025,-0.27741742,0.6972289851805027,0.6972289851805027
3548,0.23603445898104874,0.5991019,-0.3630674420733336,0.3630674420733336
3549,-0.4999299493982675,0.07735863,-0.5772885826780679,0.5772885826780679
3550,-0.7640955812908786,-0.5443008,-0.2197947866894382,0.2197947866894382
3551,-0.7485389126333538,-0.7548275,0.006288586756294623,0.006288586756294623
3552,0.051140846802619294,-0.6885637,0.7397045512932809,0.7397045512932809
3553,-0.7875794519198218,-0.59853554,-0.18904391420009525,0.18904391420009525
3554,-0.8198837303761174,-0.7583316,-0.061552133524768515,0.061552133524768515
3555,-0.8233076861571995,-0.5385023,-0.2848054102134434,0.2848054102134434
3556,-0.8373012445668391,-0.5852657,-0.2520355485181025,0.2520355485181025
3557,-0.6390839783707207,-0.6804401,0.04135614947885813,0.04135614947885813
3558,1.004079844352677,-0.45419112,1.458270962831452,1.458270962831452
3559,-0.049493679632661235,0.61849713,-0.6679908128876662,0.6679908128876662
3560,-0.6731374516282214,0.21868417,-0.8918216182980669,0.8918216182980669
3561,-0.7503997581665505,-0.512385,-0.23801474744725115,0.23801474744725115
3562,0.5091693663436682,-0.6073166,1.116485979540995,1.116485979540995
3563,1.1097758706382528,0.4081768,0.7015990610889211,0.7015990610889211
3564,0.3869862486339694,0.5974942,-0.2105079363368863,0.2105079363368863
3565,-0.2594714895985829,0.1781857,-0.43765719096882216,0.43765719096882216
3566,-0.2196493951881724,-0.30471346,0.08506406263462729,0.08506406263462729
3567,-0.7280696117681894,-0.418817,-0.30925259826606843,0.30925259826606843
3568,-0.22418985828917234,-0.5502341,0.32604422107178954,0.32604422107178954
3569,0.11500506550193204,0.3494929,-0.23448784202217685,0.23448784202217685
3570,-0.7348803064196896,-0.044405155,-0.6904751515358281,0.6904751515358281
3571,-0.5089736586896038,-0.44271377,-0.0662598913994884,0.0662598913994884
3572,-0.8064484256264368,-0.23908043,-0.5673679965492884,0.5673679965492884
3573,-0.8274015463302322,-0.619837,-0.20756456026532133,0.20756456026532133
3574,-0.7359595968289439,-0.79985386,0.06389426450299585,0.06389426450299585
3575,-0.7600389380285097,-0.74405277,-0.015986170274908673,0.015986170274908673
3576,-0.812663649707314,-0.75349873,-0.05916491666364332,0.05916491666364332
3577,-0.8336912042324373,-0.6891135,-0.14457770649836743,0.14457770649836743
3578,-0.6576552167920243,-0.7169004,0.05924519147595053,0.05924519147595053
3579,-0.3698568466278143,-0.5010076,0.13115076989211366,0.13115076989211366
3580,-0.8397203437599948,-0.35906017,-0.48066017549369844,0.48066017549369844
3581,-0.645745805379565,-0.68326175,0.03751594674903602,0.03751594674903602
3582,-0.702613244874058,-0.5137017,-0.18891156755167027,0.18891156755167027
3583,0.4984136791617912,-0.53352064,1.0319343181045098,1.0319343181045098
3584,0.4299717804508144,0.31244272,0.11752906051444356,0.11752906051444356
3585,-0.44979877073394686,0.16414073,-0.6139395018302145,0.6139395018302145
3586,-0.3679587841839537,-0.41424257,0.04628378144791273,0.04628378144791273
3587,-0.6832232344181477,-0.11681131,-0.566411921683067,0.566411921683067
3588,-0.6340596954310895,-0.55303943,-0.08102026385912908,0.08102026385912908
3589,-0.4998927324876036,-0.26932704,-0.23056568800060406,0.23056568800060406
3590,-0.5459300509788912,0.13683818,-0.6827682337858599,0.6827682337858599
3591,-0.349945799422609,0.0072308406,-0.35717664004598776,0.35717664004598776
3592,0.9598661544839222,0.11814095,0.8417252036849339,0.8417252036849339
3593,-0.44399293267037304,0.7198782,-1.1638711293866817,1.1638711293866817
3594,-0.1648661026908599,-0.09039288,-0.07447322254912483,0.07447322254912483
3595,0.7843139868821402,-0.11923293,0.9035469171251554,0.9035469171251554
3596,1.681167100061648,0.35092607,1.3302410286562372,1.3302410286562372
3597,0.0128446457294301,0.2177195,-0.20487484956704818,0.20487484956704818
3598,-0.7861652093145921,-0.1083393,-0.6778259070727899,0.6778259070727899
3599,-0.6925646789947955,-0.77463853,0.08207385459742866,0.08207385459742866
3600,-0.8351054468376669,-0.71274143,-0.12236401226353966,0.12236401226353966
3601,-0.8111377563700926,-0.7734202,-0.03771754171707742,0.03771754171707742
3602,-0.8004192860988794,-0.63378876,-0.16663052162210323,0.16663052162210323
3603,-0.607970641055671,0.087911464,-0.6958821053296006,0.6958821053296006
3604,-0.28191328672893573,0.53110677,-0.8130200567675405,0.8130200567675405
3605,-0.16166544837376148,0.2032918,-0.36495725197216544,0.36495725197216544
3606,-0.5433248672324158,-0.19464862,-0.3486762437659241,0.3486762437659241
3607,-0.3682937363799291,-0.52667487,0.15838113029640144,0.15838113029640144
3608,-0.5141468092718906,-0.16083217,-0.3533146426001377,0.3533146426001377
3609,-0.40945563957424125,-0.46570387,0.056248235252190026,0.056248235252190026
3610,-0.5222600957966285,-0.33756205,-0.1846980414009528,0.1846980414009528
3611,-0.6335014417711305,-0.44435892,-0.18914252668056963,0.18914252668056963
3612,-0.609719835856876,-0.44515225,-0.16456758294435458,0.16456758294435458
3613,-0.8217445759093142,-0.42052957,-0.40121500175350666,0.40121500175350666
3614,0.08002116947783271,-0.6366589,0.7166800764144782,0.7166800764144782
3615,-0.44726802080879935,-0.024665758,-0.42260226279507407,0.42260226279507407
3616,-0.617237651810991,0.092866234,-0.7101038862923257,0.7101038862923257
3617,0.4633925662270281,-0.061844878,0.5252374441257213,0.5252374441257213
3618,1.014388928606587,0.08001007,0.9343788572097593,0.9343788572097593
3619,0.8647769477375682,0.3223726,0.5424043622025188,0.5424043622025188
3620,-0.5058846551044971,0.16020623,-0.6660908835991413,0.6660908835991413
3621,-0.7931992054300758,-0.5785744,-0.21462478640846938,0.21462478640846938
3622,-0.7293722036414273,-0.85851294,0.12914073438118623,0.12914073438118623
3623,-0.8472753766247735,-0.6518792,-0.19539618522615287,0.19539618522615287
3624,-0.809165260104904,-0.785293,-0.023872277049789226,0.023872277049789226
3625,-0.7678544892679361,-0.7632165,-0.0046379937540200755,0.0046379937540200755
3626,-0.780508238893674,-0.2937068,-0.48680143437974277,0.48680143437974277
3627,-0.777716970593879,0.19652985,-0.9742468209576104,0.9742468209576104
3628,0.06063115902192268,-0.3068272,0.36745834656006965,0.36745834656006965
3629,0.5866177574353173,0.20144251,0.38517524754571464,0.38517524754571464
3630,0.6939141108794422,0.42160794,0.27230616949035835,0.27230616949035835
3631,-0.5203992502634318,0.5107838,-1.031183041805485,1.031183041805485
3632,-0.5447391098376454,-0.41996494,-0.12477417048179518,0.12477417048179518
3633,-0.5751825427607441,-0.44464585,-0.13053669091023445,0.13053669091023445
3634,0.3712062785124612,-0.5389555,0.9101617881750894,0.9101617881750894
3635,0.7230921688399673,0.28549558,0.437596589597261,0.437596589597261
3636,0.010686064910921854,0.3857858,-0.37509972338673137,0.37509972338673137
3637,-0.6653219003887949,0.38888463,-1.0542065341683207,1.0542065341683207
3638,-0.6689691576338606,-0.3212103,-0.34775886267193123,0.34775886267193123
3639,-0.02239976866931626,-0.51717085,0.4947710777929335,0.4947710777929335
3640,0.3003824975189924,0.18999776,0.11038473507735724,0.11038473507735724
3641,0.5357794574683818,0.78238213,-0.24660267315448192,0.24660267315448192
3642,1.1447597666623515,0.638306,0.5064537449719828,0.5064537449719828
3643,0.8490341945267236,0.24568823,0.6033459647274529,0.6033459647274529
3644,-0.23680639100424644,-0.10002764,-0.13677874786011573,0.13677874786011573
3645,-0.6608186541984589,-0.5161607,-0.14465792765121765,0.14465792765121765
3646,-0.48984416660834107,-0.8027069,0.3128627306504175,0.3128627306504175
3647,-0.6952815134732628,-0.53139925,-0.16388226344274526,0.16388226344274526
3648,-0.8215212744453305,-0.72176677,-0.09975450455931367,0.09975450455931367
3649,-0.7745907500981084,-0.6826843,-0.09190644776809131,0.09190644776809131
3650,-0.7913383598968792,-0.42158225,-0.3697561081096935,0.3697561081096935
3651,-0.7075630939923613,0.29336265,-1.0009257412873596,1.0009257412873596
3652,-0.17078359148642558,0.06565587,-0.236439463712187,0.236439463712187
3653,-0.5418734077165223,0.13062762,-0.6725010249564743,0.6725010249564743
3654,-0.5709770318557196,-0.3475918,-0.22338524427904416,0.22338524427904416
3655,-0.6602976174491637,-0.3581985,-0.30209912373006276,0.30209912373006276
3656,-0.05905842567329249,-0.5316198,0.472561361542894,0.472561361542894
3657,0.04998712257203743,0.23572168,-0.18573455496969535,0.18573455496969535
3658,0.16893236905397374,0.1413742,0.02755816847146947,0.02755816847146947
3659,0.39037298750438737,0.72325176,-0.33287877250156356,0.33287877250156356
3660,-0.015924026213791773,0.77480733,-0.7907313601600198,0.7907313601600198
3661,-0.629742533794073,-0.35239926,-0.27734327398839365,0.27734327398839365
3662,-0.6717976428443198,-0.7013883,0.02959065662085969,0.02959065662085969
3663,-0.6292959308661058,-0.5910815,-0.03821443081270004,0.03821443081270004
3664,-0.36003158221253556,-0.47631463,0.11628305187216598,0.11628305187216598
3665,-0.175733440604729,0.070985496,-0.24671893664888794,0.24671893664888794
3666,1.3305465846967153,0.036694802,1.29385178235287,1.29385178235287
3667,2.2551635132315186,0.60717535,1.6479881630423097,1.6479881630423097
3668,2.2777541780045274,0.93321997,1.3445342087319139,1.3445342087319139
3669,1.6347203955530571,0.6084665,1.0262538895487237,1.0262538895487237
3670,0.32948612165818986,0.82402,-0.494533906456129,0.494533906456129
3671,0.1900343574004251,0.1705684,0.019465950818546435,0.019465950818546435
3672,-0.32054443999810045,0.15383473,-0.47437917038483446,0.47437917038483446
3673,-0.28321587860217345,-0.42683068,0.14361480057606446,0.14361480057606446
3674,-0.3530720199183796,-0.3018178,-0.05125421534341318,0.05125421534341318
3675,-0.31004927119087067,0.034305435,-0.34435470586489525,0.34435470586489525
3676,-0.31138907997477244,0.5045002,-0.8158892902599593,0.8158892902599593
3677,0.1598142259413099,0.19313872,-0.03332449266373161,0.03332449266373161
3678,1.0082481383470376,0.62815136,0.38009678117311796,0.38009678117311796
3679,0.01522652801192193,0.890789,-0.8755624443658552,0.8755624443658552
3680,0.10849210613574313,0.05836031,0.05013179772700595,0.05013179772700595
3681,-0.6032068764906873,-0.047084294,-0.5561225822311391,0.5561225822311391
3682,-0.6541940441002784,-0.21023774,-0.44395630262994146,0.44395630262994146
3683,-0.23364736916348394,-0.32917276,0.09552539108470026,0.09552539108470026
3684,0.8830132339628961,0.4138338,0.4691794369848993,0.4691794369848993
3685,0.018836568346323482,0.4463941,-0.42755751753777077,0.42755751753777077
3686,-0.620028920110786,-0.20386752,-0.4161613952484966,0.4161613952484966
3687,-0.6060725786118103,-0.54523224,-0.06084034222646484,0.06084034222646484
3688,-0.6409448239039175,-0.53818727,-0.10275755850779933,0.10275755850779933
3689,-0.6310451256673107,-0.47244933,-0.15859579319164852,0.15859579319164852
3690,0.7172118969550655,-0.47431353,1.191525424300723,1.191525424300723
3691,1.4582750220953407,0.3095084,1.14876660901894,1.14876660901894
3692,0.2692319432932789,0.7159001,-0.4466681798260754,0.4466681798260754
3693,-0.3771885780286095,-0.42873505,0.051546469550202145,0.051546469550202145
3694,-0.5476420288694323,-0.6059825,0.05834045356388684,0.05834045356388684
3695,-0.7726554707435838,-0.6487106,-0.12394486226122292,0.12394486226122292
3696,-0.6959886347758775,-0.7776458,0.08165719156384421,0.08165719156384421
3697,-0.8466054722328228,-0.6699303,-0.17667519297790946,0.17667519297790946
3698,-0.9045149852259057,-0.8427313,-0.06178368820976188,0.06178368820976188
3699,-0.8204419840360765,-0.34338257,-0.4770594168687944,0.4770594168687944
3700,-0.9051104557965287,-0.052640818,-0.8524696377370843,0.8524696377370843
3701,-0.32835999123752685,-0.64495414,0.31659415371715455,0.31659415371715455
3702,-0.3944572245766754,-0.24119025,-0.15326696988841249,0.15326696988841249
3703,-0.5774899912219082,-0.36380592,-0.21368407133627287,0.21368407133627287
3704,-0.8789097506891184,-0.37018025,-0.508729501474946,0.508729501474946
3705,-0.8484663177660196,-0.7710863,-0.07738004218847438,0.07738004218847438
3706,-0.5102762505628414,-0.6415447,0.13126844910604285,0.13126844910604285
3707,-0.4431741606357664,-0.2021591,-0.24101505390435163,0.24101505390435163
3708,0.32956055547951746,-0.20818025,0.5377408042168527,0.5377408042168527
3709,-0.5829236601788428,0.36175594,-0.9446795975167182,0.9446795975167182
3710,-0.864804541547487,-0.5827449,-0.28205964513559123,0.28205964513559123
3711,-0.8879534599804547,-0.7870756,-0.10087788081404236,0.10087788081404236
3712,-0.8289646565781175,-0.7674827,-0.061481958614402865,0.061481958614402865
3713,-0.904961588153873,-0.63379014,-0.271171452770267,0.271171452770267
3714,-0.20145032587350806,-0.7487725,0.5473221760719875,0.5473221760719875
3715,0.08437554802551338,0.31636658,-0.23199103508338859,0.23199103508338859
3716,-0.21343417110729518,0.24896842,-0.4624025935201675,0.4624025935201675
3717,-0.28775634170317355,-0.5518288,0.26407245992875394,0.26407245992875394
3718,-0.07826235157588286,-0.53034276,0.45208040612599093,0.45208040612599093
3719,-0.08298889923020283,-0.2617458,0.1787569112785252,0.1787569112785252
3720,-0.8618644056050362,-0.63475245,-0.22711195323153155,0.22711195323153155
3721,-0.842437178238462,-0.94453675,0.10209956730978631,0.10209956730978631
3722,-0.876267350031979,-0.8000923,-0.07617507012093772,0.07617507012093772
3723,-0.8573611594147,-0.60261536,-0.25474580296938754,0.25474580296938754
3724,-0.8678191113112658,-0.46011165,-0.4077074634669512,0.4077074634669512
3725,-0.7540097985009523,-0.7223626,-0.03164722058576064,0.03164722058576064
3726,0.32941168783686176,-0.6679285,0.9973402047016384,0.9973402047016384
3727,0.33923695225214073,-0.1361396,0.47537655372118065,0.47537655372118065
3728,-0.7729904229395591,-0.051337354,-0.7216530690543853,0.7216530690543853
3729,-0.8652139275647902,-0.7763107,-0.08890324526803728,0.08890324526803728
3730,-0.9364098776648981,-0.7970808,-0.13932906282648871,0.13932906282648871
3731,-0.8782398462971676,-0.8045819,-0.07365796572770955,0.07365796572770955
3732,-0.8833385630581266,-0.74321705,-0.1401215120289213,0.1401215120289213
3733,-0.8584404498239541,-0.7362727,-0.12216775714359518,0.12216775714359518
3734,-0.8875812908738152,-0.69918805,-0.18839323726587454,0.18839323726587454
3735,-0.8765278684066264,-0.73998946,-0.13653840889200852,0.13653840889200852
3736,-0.8549420602215443,-0.70748013,-0.14746192764174082,0.14746192764174082
3737,-0.08570573370867005,-0.65554255,0.5698368187624908,0.5698368187624908
3738,-0.44503500616896324,-0.4613265,0.016291503545163344,0.016291503545163344
3739,-0.4015284376028231,-0.1248428,-0.2766856374028376,0.2766856374028376
3740,-0.590776428328933,-0.4199299,-0.17084653650421067,0.17084653650421067
3741,-0.7287767330708043,-0.64759445,-0.08118228116650739,0.08118228116650739
3742,-0.7688965627665263,-0.75065345,-0.018243117045853685,0.018243117045853685
3743,-0.845228446538257,-0.7665805,-0.07864792447786273,0.07864792447786273
3744,-0.5530012640050389,-0.789054,0.2360527125307582,0.2360527125307582
3745,-0.973775655971489,-0.50235265,-0.4714230010375595,0.4714230010375595
3746,-0.863092563656946,-0.8174305,-0.045662067441125664,0.045662067441125664
3747,-0.8859065298939381,-0.43975022,-0.4461563055420552,0.4461563055420552
3748,0.08143541208306258,-0.68199104,0.7634264527896971,0.7634264527896971
3749,-0.879654088902397,-0.21544436,-0.6642097326993178,0.6642097326993178
3750,-0.8673725083832985,-0.7862117,-0.08116077933361587,0.08116077933361587
3751,-0.9483565059880212,-0.8058601,-0.14249640381135498,0.14249640381135498
3752,-0.8975554229317498,-0.8226574,-0.07489801660164119,0.07489801660164119
3753,-0.8615666703197247,-0.7698458,-0.09172088660924493,0.09172088660924493
3754,-0.9191412311168322,-0.7114723,-0.2076689582439074,0.2076689582439074
3755,-0.8514436706191343,-0.80090195,-0.05054172121346412,0.05054172121346412
3756,-0.9592238439018903,-0.6803738,-0.27885005602194646,0.27885005602194646
3757,-0.887134687945848,-0.81326854,-0.07386614565611416,0.07386614565611416
3758,-0.892903309098758,-0.7256856,-0.16721771263269358,0.16721771263269358
3759,-0.18972699901436854,-0.7559242,0.5661972258391471,0.5661972258391471
3760,0.1608190825292358,-0.2528011,0.4136201730081329,0.4136201730081329
3761,0.06241757073379162,-0.13486192,0.19727948703742626,0.19727948703742626
3762,-0.045474253280956195,0.14584234,-0.19131659684975807,0.19131659684975807
3763,0.003503201152782431,-0.39597908,0.39948227777669904,0.39948227777669904
3764,0.4390154897421506,-0.30993554,0.7489510297030118,0.7489510297030118
3765,-0.8015730103294613,0.005131416,-0.8067044263522388,0.8067044263522388
3766,-0.9086832792202665,-0.7495409,-0.15914235419432654,0.15914235419432654
3767,-0.9000861728568974,-0.7859634,-0.11412275675734906,0.11412275675734906
3768,-0.8935359965800449,-0.82973194,-0.06380405535690037,0.06380405535690037
3769,-0.8616783210517164,-0.8776694,0.01599107296454949,0.01599107296454949
3770,-0.873959901570815,-0.6545062,-0.21945369505836387,0.21945369505836387
3771,-0.12009415916214612,-0.08901555,-0.031078608250719578,0.031078608250719578
3772,-0.5461533524428749,0.10079217,-0.6469455220137977,0.6469455220137977
3773,-0.8811799822396184,-0.5801843,-0.3009957013672734,0.3009957013672734
3774,-0.8799146072770447,-0.8586007,-0.021313931217321835,0.021313931217321835
3775,-0.8259500868143388,-0.8399861,0.014035999077384842,0.014035999077384842
3776,-0.8539372036336179,-0.7438735,-0.11006372665150121,0.11006372665150121
3777,-0.9814423395682595,-0.76609683,-0.21534550920021756,0.21534550920021756
3778,-0.7793172977524281,-0.82518286,0.04586555737681386,0.04586555737681386
3779,-0.8291879580421011,-0.6232719,-0.205916075508074,0.205916075508074
3780,-0.6443687796849995,-0.7092071,0.06483833787252613,0.06483833787252613
3781,-0.7592573829045671,-0.51916766,-0.240089721237697,0.240089721237697
3782,-0.030959658122021626,-0.68829125,0.6573315935373717,0.6573315935373717
3783,0.288584736838525,-0.33479127,0.6233760097171719,0.6233760097171719
3784,0.35055089309397675,-0.1358034,0.48635429456416107,0.48635429456416107
3785,-0.8013124919548138,-0.06526556,-0.7360469332947834,0.7360469332947834
3786,-0.7888448268823954,-0.83595896,0.04711413078972371,0.04711413078972371
3787,0.15862328480006388,-0.7507735,0.9093967742753142,0.9093967742753142
3788,-0.10982229181890005,0.3419159,-0.4517381972945165,0.4517381972945165
3789,-0.7314935675492716,-0.21461996,-0.5168736031880808,0.5168736031880808
3790,-0.8045503631825762,-0.7531904,-0.051359964966328664,0.051359964966328664
3791,-0.6969934913638037,-0.74816006,0.05116657285662474,0.05116657285662474
3792,-0.4384476129814467,-0.67898875,0.2405411417678514,0.2405411417678514
3793,-0.8284436198288224,-0.44932303,-0.3791205915027879,0.3791205915027879
3794,-0.7324239903158699,-0.80835223,0.0759282416635002,0.0759282416635002
3795,-0.029508198606128067,-0.060955517,0.03144731838787142,0.03144731838787142
3796,-0.8461216523941917,0.44754022,-1.293661875992672,1.293661875992672
3797,-0.8439630715756834,-0.76720047,-0.07676260160498027,0.07676260160498027
3798,-0.8211491053386912,-0.79944015,-0.02170895984613752,0.02170895984613752
3799,0.06561822505088993,-0.7108496,0.7764678081998462,0.7764678081998462
3800,-0.36710279523868317,-0.33223605,-0.034866743679234924,0.034866743679234924
3801,-0.8402041635986259,-0.4761177,-0.3640864632602623,0.3640864632602623
3802,-0.8322025278058799,-0.77026874,-0.06193378953607398,0.06193378953607398
3803,-0.8726945266082412,-0.72540313,-0.14729139655376733,0.14729139655376733
3804,-0.8552025785961919,-0.7297811,-0.12542148738296555,0.12542148738296555
3805,-0.8982253273237008,-0.6517151,-0.2465102275121468,0.2465102275121468
3806,-0.6844886093807215,-0.74814355,0.06365494435310415,0.06365494435310415
3807,-0.40595724997183136,-0.39837587,-0.0075813811745291115,0.0075813811745291115
3808,-0.4725383031496112,-0.10729151,-0.3652467909583156,0.3652467909583156
3809,0.590786051429678,-0.335024,0.9258100506438504,0.9258100506438504
3810,-0.36963354516383073,0.18904534,-0.5586788849865999,0.5586788849865999
3811,-0.3969135406804951,-0.5537367,0.15682314602604785,0.15682314602604785
3812,-0.14439680182569564,-0.50720423,0.3628074327743715,0.3628074327743715
3813,-0.34250241728982206,-0.42050943,0.07800701049605135,0.07800701049605135
3814,-0.3925591621328147,-0.6674025,0.27484334374181907,0.27484334374181907
3815,-0.8407996341692487,-0.6417572,-0.1990424439417402,0.1990424439417402
3816,-0.8679679789539215,-0.80602753,-0.061940447330081194,0.061940447330081194
3817,-0.8228610832292322,-0.871166,0.048304907600235536,0.048304907600235536
3818,-0.8731039126255447,-0.8101061,-0.06299781397365867,0.06299781397365867
3819,-0.7933108561620676,-0.26621222,-0.5270986312017405,0.5270986312017405
3820,-0.47495740234276707,-0.04682327,-0.4281341317238515,0.4281341317238515
3821,-0.2652028938408289,-0.44696817,0.1817652741794195,0.1817652741794195
3822,-0.8195487781801419,-0.482748,-0.3368007763662534,0.3368007763662534
3823,-0.8749647581587413,-0.7941661,-0.08079867005449326,0.08079867005449326
3824,-0.8436281193797079,-0.8286799,-0.014948200136849055,0.014948200136849055
3825,-0.8959923126838646,-0.7485,-0.14749232317428207,0.14749232317428207
3826,-0.34935032885198614,-0.7905841,0.44123375851984004,0.44123375851984004
3827,-0.24957179136197613,-0.12039297,-0.129178820621181,0.129178820621181
3828,-0.3799054125070768,0.16185047,-0.5417558798313338,0.5417558798313338
3829,0.21790982348771212,-0.31133828,0.5292480991587174,0.5292480991587174
3830,-0.38872582033442943,0.047353685,-0.4360795052366206,0.4360795052366206
3831,-0.8434048179157243,-0.60172635,-0.24167846474723675,0.24167846474723675
3832,-0.37093613703706846,-0.7443564,0.37342025677701846,0.37342025677701846
3833,0.20663309955654005,-0.2633183,0.46995139980373246,0.46995139980373246
3834,-0.6841908740954101,0.14683855,-0.8310294198946655,0.8310294198946655
3835,0.5720659453657188,-0.5271479,1.099213834502987,1.099213834502987
3836,1.9975480576157596,0.30577862,1.6917694349885013,1.6917694349885013
3837,1.770673770208412,1.1321677,0.6385060732555923,0.6385060732555923
3838,1.204716209741951,0.78270864,0.4220075648750077,0.4220075648750077
3839,0.41694586171843734,0.7743829,-0.35743702755234513,0.35743702755234513
3840,0.35177905114588676,0.38118336,-0.02940430490078988,0.02940430490078988
3841,0.3117708721821567,0.49559256,-0.18382169216224942,0.18382169216224942
3842,-0.7295582881947469,0.41796535,-1.1475236407299947,1.1475236407299947
3843,-0.8063739918051089,-0.8651821,0.058808109921423046,0.058808109921423046
3844,-0.6897734106950002,-0.72960854,0.03983512507160136,0.03983512507160136
3845,-0.07893225596783386,-0.16050157,0.08156931354167236,0.08156931354167236
3846,-0.8118076607620435,0.13751046,-0.9493181243574338,0.9493181243574338
3847,-0.8145989290618386,-0.56472224,-0.24987668909067773,0.24987668909067773
3848,-0.8350682299270029,-0.57660526,-0.25846296955484105,0.25846296955484105
3849,-0.8036943742373056,-0.6263854,-0.1773089834787912,0.1773089834787912
3850,-0.8071183300183876,-0.567473,-0.23964533569084245,0.23964533569084245
3851,0.26301671921240166,-0.5728198,0.8358365481995232,0.8358365481995232
3852,-0.806336774894445,0.4603349,-1.2666716719357658,1.2666716719357658
3853,-0.7958043891765513,-0.48690835,-0.30889604276198523,0.30889604276198523
3854,-0.7848998343520184,-0.55008656,-0.23481327648687556,0.23481327648687556
3855,-0.8000471169922398,-0.5289151,-0.2711320097420262,0.2711320097420262
3856,-0.7974047163351006,-0.47864446,-0.31876025589541856,0.31876025589541856
3857,-0.7742557979021331,-0.46336433,-0.31089146498778064,0.31089146498778064
3858,-0.13669290131826106,-0.310676,0.17398310714464482,0.17398310714464482
3859,0.066250912532177,0.34902266,-0.2827717441469764,0.2827717441469764
3860,-0.6260580596383435,0.3078381,-0.9338961717542035,0.9338961717542035
3861,-0.6190984973441875,-0.30758816,-0.31151033730619315,0.31151033730619315
3862,0.19572854473200701,-0.69111997,0.8868485136231508,0.8868485136231508
3863,-0.5553087124662028,-0.55741584,0.0021071305437458943,0.0021071305437458943
3864,0.17410551963626064,-0.5798358,0.7539412921506039,0.7539412921506039
3865,0.028773483493594293,0.5803559,-0.551582399151059,0.551582399151059
3866,-0.27264627597361596,-0.24203062,-0.030615655398664787,0.030615655398664787
3867,-0.8180973186642484,-0.4793147,-0.3387826039940671,0.3387826039940671
3868,-0.7880632717584529,-0.71598953,-0.07207374167193559,0.07207374167193559
3869,-0.41615468349374957,-0.55648637,0.14033168468557172,0.14033168468557172
3870,0.36212535231046106,-0.47174385,0.8338692042105618,0.8338692042105618
3871,-0.7327589425118454,0.05589281,-0.7886517527373321,0.7886517527373321
3872,-0.8118448776727074,-0.5241638,-0.2876810950761193,0.2876810950761193
3873,-0.5641291202935553,-0.6886885,0.12455939632326596,0.12455939632326596
3874,-0.34026940264998595,-0.42010352,0.07983411750496705,0.07983411750496705
3875,-0.7045113073179187,0.0193002,-0.7238115073630275,0.7238115073630275
3876,-0.1759567420687126,-0.49965706,0.3237003226075722,0.3237003226075722
3877,-0.6133298761912778,-0.2863096,-0.32702027631487396,0.32702027631487396
3878,-0.8161248223990598,-0.3792522,-0.43687262704078345,0.43687262704078345
3879,-0.7924176503061333,-0.5684783,-0.2239393640398064,0.2239393640398064
3880,0.35598456205091145,-0.54008466,0.8960692221041646,0.8960692221041646
3881,0.4606012979272328,0.10359732,0.35700397731098754,0.35700397731098754
3882,0.6275191422549816,0.08013109,0.5473880510775181,0.5473880510775181
3883,-0.15645508088081064,0.15154353,-0.3079986087223786,0.3079986087223786
3884,-0.32300075610192003,-0.26824814,-0.05475261528999986,0.05475261528999986
3885,-0.35076457145721573,-0.5684587,0.21769410488098007,0.21769410488098007
3886,-0.37421122517549477,-0.5057008,0.1314896014694027,0.1314896014694027
3887,-0.6860889365392707,-0.44533923,-0.24074970385608896,0.24074970385608896
3888,-0.8224516972119288,-0.6688243,-0.15362738214082283,0.15362738214082283
3889,-0.8024289992747319,-0.72811353,-0.07431546720838667,0.07431546720838667
3890,-0.8187672230561994,-0.7400142,-0.07875302761399972,0.07875302761399972
3891,-0.7829645549974937,-0.6189292,-0.16403534767251204,0.16403534767251204
3892,-0.1973936826111392,-0.47707126,0.27967757283434114,0.27967757283434114
3893,-0.6160839275804089,-0.24184406,-0.37423986954360466,0.37423986954360466
3894,-0.794315712749994,-0.5084012,-0.2859144976735475,0.2859144976735475
3895,-0.8213724068026748,-0.5661632,-0.2552092245440688,0.2552092245440688
3896,-0.8100956828715025,-0.6605222,-0.14957346035258157,0.14957346035258157
3897,-0.4862341262739393,-0.6031502,0.11691606264894278,0.11691606264894278
3898,-0.3279133883095595,-0.25496274,-0.07295064598091572,0.07295064598091572
3899,-0.8335795535004454,0.10015208,-0.933731636241706,0.933731636241706
3900,-0.8128125173499697,-0.6393523,-0.17346019572521387,0.17346019572521387
3901,-0.8100956828715025,-0.5968587,-0.21323700262324197,0.21323700262324197
3902,-0.7957671722658874,-0.56293654,-0.23283062784755248,0.23283062784755248
3903,-0.3695591113425029,-0.47440663,0.1048475184582936,0.1048475184582936
3904,-0.22951187651411512,-0.29446778,0.06495590049966357,0.06495590049966357
3905,-0.4372566718402008,-0.13319713,-0.3040595430674652,0.3040595430674652
3906,0.7427799145811887,-0.1001476,0.8429275120729299,0.8429275120729299
3907,0.15769286203346536,0.7660546,-0.6083617086414309,0.6083617086414309
3908,0.0482007108601685,-0.2749753,0.3231760106953736,0.3231760106953736
3909,0.003317116599462528,-0.2843243,0.28764140496768764,0.28764140496768764
3910,-0.20952639548758206,-0.1695905,-0.039935892510210846,0.039935892510210846
3911,-0.82293551705056,-0.2618927,-0.561042810894783,0.561042810894783
3912,-0.8540116374549458,-0.7408919,-0.11311976361842846,0.11311976361842846
3913,-0.7860907754932643,-0.8117948,0.025704041954398016,0.025704041954398016
3914,-0.8046620139145678,-0.6877783,-0.11688371982811152,0.11688371982811152
3915,-0.23178210806461513,-0.71250784,0.4807257359066373,0.4807257359066373
3916,-0.3195395834101741,-0.37003386,0.05049427679642993,0.05049427679642993
3917,-0.7953577862485841,-0.36551666,-0.42984112365092786,0.42984112365092786
3918,-0.8196976458227977,-0.50691074,-0.3127869044936046,0.3127869044936046
3919,0.34143274998131296,-0.6572218,0.998654544109731,0.998654544109731
3920,0.6197780248368833,0.057006296,0.5627717290664765,0.5627717290664765
3921,0.5453814204196773,0.46570823,0.07967319445417742,0.07967319445417742
3922,-0.26349091595028806,0.43194774,-0.6954386538824933,0.6954386538824933
3923,-0.8080115358743222,-0.43109068,-0.3769208531293423,0.3769208531293423
3924,-0.808569789534281,-0.62613827,-0.1824315196330054,0.1824315196330054
3925,-0.7854208711013135,-0.65012807,-0.13529280456154913,0.13529280456154913
3926,-0.8124775651539944,-0.5675407,-0.24493685994998438,0.24493685994998438
3927,-0.8003820691882153,-0.6036778,-0.19670425994978147,0.19670425994978147
3928,-0.23550379913100875,-0.5406592,0.30515539009323445,0.30515539009323445
3929,-0.45727936977739786,0.2464728,-0.7037521755158469,0.7037521755158469
3930,-0.4994833464703002,-0.2837776,-0.21570575190395497,0.21570575190395497
3931,-0.4876483688791689,-0.480471,-0.007177383704989826,0.007177383704989826
3932,1.9453327319542593,-0.57029897,2.5156317016998955,2.5156317016998955
3933,-0.835589266676298,0.35696158,-1.1925508448070201,1.1925508448070201
3934,-0.8376361967628144,-0.68128264,-0.15635355725933542,0.15635355725933542
3935,-0.9046638528685615,-0.7992641,-0.10539977949667434,0.10539977949667434
3936,-0.8111005394594286,-0.7329075,-0.07819306541844351,0.07819306541844351
3937,-0.8724712251442577,-0.7854088,-0.08706243026434435,0.08706243026434435
3938,-0.8431815164517407,-0.74867547,-0.0945060508679394,0.0945060508679394
3939,-0.9280732896761766,-0.11148257,-0.816590721590983,0.816590721590983
3940,-0.8437769870223636,-0.07657672,-0.7672002698244685,0.7672002698244685
3941,0.7613139360918286,-0.5246429,1.2859568208231213,1.2859568208231213
3942,-0.7554240411061818,0.38222444,-1.1376484816808277,1.1376484816808277
3943,-0.3860834196772901,-0.40210286,0.016019438150850163,0.016019438150850163
3944,-0.006470930905152312,-0.27152342,0.26505248513717555,0.26505248513717555
3945,-0.64295453707977,0.16985059,-0.8128051249246186,0.8128051249246186
3946,-0.8474986780887572,-0.67462826,-0.17287042033729239,0.17287042033729239
3947,-0.8525229610283885,-0.8084074,-0.04411553514795641,0.04411553514795641
3948,-0.8857204453406184,-0.72824013,-0.1574803130087703,0.1574803130087703
3949,-0.8403158143306176,-0.72378904,-0.11652677805666134,0.11652677805666134
3950,-0.9092043159695616,-0.59469,-0.31451429111680895,0.31451429111680895
3951,-0.8270293772235928,-0.6978534,-0.1291759908214627,0.1291759908214627
3952,-0.8865020004645611,-0.5658821,-0.32061991371071585,0.32061991371071585
3953,-0.853899986722954,-0.6657426,-0.18815741060067004,0.18815741060067004
3954,0.061673232520513,-0.64799297,0.7096662010797782,0.7096662010797782
3955,1.1190056644829087,0.44725043,0.6717552386673264,0.6717552386673264
3956,0.8989792886377245,0.56224775,0.3367315354944139,0.3367315354944139
3957,0.6214527858167603,0.0031841546,0.618268631187053,0.618268631187053
3958,0.5903394485017108,0.43180695,0.1585324967404651,0.1585324967404651
3959,-0.31138907997477244,0.18753645,-0.4989255282150526,0.4989255282150526
3960,-0.8175018480936255,-0.675836,-0.1416658214250769,0.1416658214250769
3961,-0.8923822723494629,-0.74100494,-0.15137732850180663,0.15137732850180663
3962,-0.8680796296859133,-0.795584,-0.07249560668710353,0.07249560668710353
3963,-0.8793935705277496,-0.6008884,-0.27850519906015925,0.27850519906015925
3964,-0.8583287990919622,0.015950903,-0.8742797023884329,0.8742797023884329
3965,-0.9084971946669468,-0.24184641,-0.666650782246674,0.666650782246674
3966,0.08318460688426733,-0.47680393,0.55998853549793,0.55998853549793
3967,-0.3841853572334294,-0.22552925,-0.1586561037506108,0.1586561037506108
3968,-0.6226341038572615,-0.36370307,-0.25893103178618604,0.25893103178618604
3969,-0.5662877011120636,-0.5563276,-0.009960119706423964,0.009960119706423964
3970,-0.6617490769650572,-0.3969,-0.26484907877703845,0.26484907877703845
3971,-0.8926427907241105,-0.54668075,-0.34596204226143346,0.34596204226143346
3972,0.009532340680339747,-0.69785535,0.7073876940357474,0.7073876940357474
3973,-0.8775327249945527,-0.28280273,-0.5947299941958314,0.5947299941958314
3974,-0.8919356694214957,-0.73553145,-0.15640422010356358,0.15640422010356358
3975,-0.8326119138231832,-0.73832357,-0.0942883445253927,0.0942883445253927
3976,-0.9080133748283156,-0.5340704,-0.37394300224683363,0.37394300224683363
3977,-0.8482802332126999,-0.67165786,-0.1766223729336166,0.1766223729336166
3978,-0.2510232508778696,-0.6834528,0.4324295341372366,0.4324295341372366
3979,0.13320413481659604,0.022877224,0.11032691102690412,0.11032691102690412
3980,0.3748907526681906,0.20378591,0.17110484146575988,0.17110484146575988
3981,0.6705046740718269,0.26687923,0.40362544333414074,0.40362544333414074
3982,0.37310434095632167,0.38014603,-0.007041685655006458,0.007041685655006458
3983,-0.42672428612230706,-0.157574,-0.2691502881479113,0.2691502881479113
3984,-0.8528206963136999,-0.7289073,-0.12391340919288085,0.12391340919288085
3985,-0.8784631477611512,-0.8746524,-0.0038107620494812755,0.0038107620494812755
3986,-0.8748158905160855,-0.85718846,-0.017627427305025978,0.017627427305025978
3987,-0.7119919063613696,-0.4481028,-0.2638891043231768,0.2638891043231768
3988,0.4997907048563566,0.07042661,0.42936409176393414,0.42936409176393414
3989,0.26000214944862277,0.35506663,-0.09506447781540006,0.09506447781540006
3990,0.1810278650197528,0.22153619,-0.040508324297950454,0.040508324297950454
3991,-0.892940526009422,-0.16375697,-0.7291835594185406,0.7291835594185406
3992,-0.8702382105044215,-0.9052689,0.035030697042575554,0.035030697042575554
3993,-0.8758207471040118,-0.85428137,-0.021539381232582366,0.021539381232582366
3994,-0.8584404498239541,-0.7881109,-0.07032953797779318,0.07032953797779318
3995,-0.8900748238882988,-0.7145764,-0.17549840072011647,0.17549840072011647
3996,-0.8574355932360279,-0.6911017,-0.16633392297083016,0.16633392297083016
3997,-0.8630181298356181,-0.62097347,-0.24204466200877484,0.24204466200877484
3998,-0.8999000883035779,-0.6826512,-0.21724886655141118,0.21724886655141118
3999,-0.8404274650626095,-0.69421184,-0.14621562443303182,0.14621562443303182
4000,-0.5071500300670708,-0.5981154,0.09096535451163401,0.09096535451163401
4001,-0.39129378717024094,-0.6040532,0.2127594121209883,0.2127594121209883
4002,-0.8863903497325695,-0.5159473,-0.37044306741826893,0.37044306741826893
4003,-0.8322769616272078,-0.6907849,-0.14149209004899121,0.14149209004899121
4004,-0.9033612609953237,-0.64102787,-0.2623333932012868,0.2623333932012868
4005,-0.8455633987342326,-0.72023636,-0.12532703770746867,0.12532703770746867
4006,-0.8615666703197247,-0.7855532,-0.07601345338552057,0.07601345338552057
4007,-0.8840084674500777,-0.7790285,-0.10497999216550125,0.10497999216550125
4008,-0.8513320198871425,-0.8130829,-0.03824914606588392,0.03824914606588392
4009,-0.8817010189889135,-0.8518275,-0.029873516738242123,0.029873516738242123
4010,-0.8561330013627901,-0.7521436,-0.10398937991808799,0.10398937991808799
4011,-0.9090182314162418,-0.13519439,-0.7738238404040501,0.7738238404040501
4012,0.16189837293849005,-0.49610004,0.6579984112285139,0.6579984112285139
4013,-0.8869486033925285,-0.013391964,-0.8735566392549743,0.8735566392549743
4014,-0.8535650345269786,-0.90183944,0.04827440057357679,0.04827440057357679
4015,-0.9135959114279059,-0.8203672,-0.09322869436400205,0.09322869436400205
4016,-0.9077156395430042,-0.7906327,-0.11708291478104127,0.11708291478104127
4017,-0.8824453572021923,-0.7993344,-0.08311095034947014,0.08311095034947014
4018,-0.8625715269076509,-0.77073145,-0.09184007778045367,0.09184007778045367
4019,-0.8747042397840937,-0.7548691,-0.11983513635239207,0.11983513635239207
4020,-0.8966250001651515,-0.7242234,-0.17240162484471688,0.17240162484471688
4021,-0.8400180790453062,-0.73521024,-0.10480783915806868,0.10480783915806868
4022,-0.9126282717506436,-0.5963733,-0.31625495212478916,0.31625495212478916
4023,-0.713480582787927,-0.7665403,0.05305970613724387,0.05305970613724387
4024,0.004284756276724981,-0.62936145,0.6336462069488746,0.6336462069488746
4025,-0.8590359203945771,-0.41827473,-0.44076118995062263,0.44076118995062263
4026,-0.8968110847184712,-0.78241235,-0.11439873454070626,0.11439873454070626
4027,-0.8437025532010359,-0.8087911,-0.034911452222184614,0.034911452222184614
4028,-0.8968483016291351,-0.75021493,-0.14663336728007503,0.14663336728007503
4029,-0.8719129714842986,-0.7798854,-0.09202756022178638,0.09202756022178638
4030,-0.8598174755185197,-0.8077985,-0.05201897068911299,0.05201897068911299
4031,-0.8910052466548972,-0.7807558,-0.11024942876472998,0.11024942876472998
4032,-0.8733644310001921,-0.8038878,-0.06947664651914354,0.06947664651914354
4033,-0.8792819197957578,-0.8402764,-0.0390054996793332,0.0390054996793332
4034,-0.8672236407406427,-0.7649173,-0.10230632668806094,0.10230632668806094
4035,-0.8129986019032893,-0.26736897,-0.5456296296018062,0.5456296296018062
4036,0.06840949335068525,-0.60412174,0.6725312379834062,0.6725312379834062
4037,-0.6839675726314264,-0.15754616,-0.5264214100261407,0.5264214100261407
4038,-0.8534161668843229,-0.6748925,-0.17852368174256872,0.17852368174256872
4039,-0.8841945520033971,-0.7939722,-0.09022235780860344,0.09022235780860344
4040,-0.8734760817321839,-0.78184247,-0.09163361156311656,0.09163361156311656
4041,-0.9016865000154467,-0.783294,-0.11839247793216423,0.11839247793216423
4042,-0.9185829774568732,-0.7985778,-0.12000519196492987,0.12000519196492987
4043,-0.903845080833955,-0.74916625,-0.15467883060507315,0.15467883060507315
4044,-0.8779048941011922,-0.74668235,-0.13122254823403523,0.13122254823403523
4045,-0.8617899717837082,-0.72927946,-0.13251051326091157,0.13251051326091157
4046,0.12944522683953877,-0.72039646,0.8498416859421694,0.8498416859421694
4047,-0.8640229864235445,-0.41588107,-0.4481419189091249,0.4481419189091249
4048,-0.8925311399921185,-0.72346616,-0.16906498207891052,0.16906498207891052
4049,-0.9023936213180616,-0.7600926,-0.14230100523682376,0.14230100523682376
4050,-0.9030635257100122,-0.7803445,-0.12271903947343998,0.12271903947343998
4051,-0.8379711489587898,-0.81531346,-0.02265769051610178,0.02265769051610178
4052,-0.9071201689723812,-0.7235277,-0.18359243946112025,0.18359243946112025
4053,-0.8633902989422575,-0.8134654,-0.04992488251083049,0.04992488251083049
4054,-0.8789097506891184,-0.80669177,-0.07221798490390108,0.07221798490390108
4055,-0.8712802840030117,-0.7842417,-0.08703860767244531,0.08703860767244531
4056,-0.8937220811333646,-0.8045389,-0.08918317551278965,0.08918317551278965
4057,-0.5921534540234985,-0.8031059,0.2109524367273865,0.2109524367273865
4058,-0.09378180332274406,-0.64129364,0.5475118415823462,0.5475118415823462
4059,-0.865325578296782,-0.19375122,-0.6715743623620286,0.6715743623620286
4060,-0.8457494832875523,-0.7586155,-0.08713398951313822,0.08713398951313822
4061,-0.8981136765917089,-0.69480276,-0.20331091551382807,0.20331091551382807
4062,-0.8844550703780448,-0.798396,-0.08605907905266641,0.08605907905266641
4063,-0.9249098522697422,-0.758681,-0.16622885299072,0.16622885299072
4064,-0.8801751256516922,-0.7852837,-0.09489144092116242,0.09489144092116242
4065,-0.8988207978943237,-0.7639262,-0.13489458987506708,0.13489458987506708
4066,-0.8433303840943964,-0.76923436,-0.07409602483002264,0.07409602483002264
4067,-0.9006072096061926,-0.69378114,-0.2068260721397619,0.2068260721397619
4068,-0.8602640784464869,-0.7547269,-0.10553719169721931,0.10553719169721931
4069,-0.4504686751258978,-0.67430466,0.22383598900908147,0.22383598900908147
4070,-0.20833545434633616,-0.5636288,0.3552933384164202,0.3552933384164202
4071,-0.8933871289373893,-0.39321977,-0.5001673599363822,0.5001673599363822
4072,-0.8331701674831422,-0.8060024,-0.027167789019397093,0.027167789019397093
4073,-0.8687123171672002,-0.74350977,-0.12520254772750294,0.12520254772750294
4074,-0.8833385630581266,-0.7962633,-0.08707528552745647,0.08707528552745647
4075,-0.8392737408320275,-0.7934121,-0.04586165148418819,0.04586165148418819
4076,-0.8895910040496677,-0.7110959,-0.17849507490385474,0.17849507490385474
4077,-0.8619016225157001,-0.7815632,-0.08033840010740545,0.08033840010740545
4078,-0.888958316568381,-0.81076777,-0.07819054675484338,0.07819054675484338
4079,-0.8418044907571752,-0.8002933,-0.041511164379306575,0.041511164379306575
4080,-0.920964859739365,-0.7758625,-0.14510234476667827,0.14510234476667827
4081,-0.4982924053290543,-0.8043946,0.30610219744651945,0.30610219744651945
4082,-0.16683859895604852,-0.55374104,0.38690243888956305,0.38690243888956305
4083,-0.8632786482102657,-0.26458538,-0.598693272424438,0.598693272424438
4084,-0.9191412311168322,-0.7360239,-0.1831173282237658,0.1831173282237658
4085,-0.8772722066199052,-0.76311034,-0.11416186697833419,0.11416186697833419
4086,-0.8702009935937576,-0.7206618,-0.14953917461258692,0.14953917461258692
4087,-0.8913774157615367,-0.7414043,-0.14997312079388536,0.14997312079388536
4088,-0.8371151600135193,-0.7805187,-0.056596449400268534,0.056596449400268534
4089,-0.9207043413647176,-0.68902105,-0.23168329043469438,0.23168329043469438
4090,-0.8463077369475113,-0.785945,-0.060362738683198525,0.060362738683198525
4091,-0.8904469929949381,-0.6816105,-0.2088364683405497,0.2088364683405497
4092,-0.8656977474034214,-0.7468736,-0.11882413023118021,0.11882413023118021
4093,-0.4824752182968819,-0.6848398,0.20236456680214765,0.20236456680214765
4094,-0.19047133722764728,-0.582061,0.3915896554900956,0.3915896554900956
4095,-0.8773466404412332,-0.34238127,-0.5349653717015329,0.5349653717015329
4096,-0.8673725083832985,-0.76574296,-0.10162955079128799,0.10162955079128799
4097,-0.849285089800626,-0.75207025,-0.09721484167364236,0.09721484167364236
4098,-0.8748531074267495,-0.73813957,-0.1367135376673806,0.1367135376673806
4099,-0.8723595744122659,-0.7568758,-0.11548376140491112,0.11548376140491112
4100,-0.8672980745619706,-0.74801797,-0.11928010781468668,0.11928010781468668
4101,-0.8792819197957578,-0.7554223,-0.1238596256558957,0.1238596256558957
4102,-0.9339535615610784,-0.77019006,-0.16376350142237606,0.16376350142237606
4103,-0.8621621408903477,-0.7138444,-0.1483177223646519,0.1483177223646519
4104,-0.9065619153124223,-0.73612046,-0.1704414528948197,0.1704414528948197
4105,-0.4257194295343809,-0.759414,0.33369458766608906,0.33369458766608906
4106,-0.25567536471086144,-0.58690196,0.33122659804624915,0.33122659804624915
4107,-0.8484663177660196,-0.40990773,-0.43855858933241054,0.43855858933241054
4108,-0.8966994339864793,-0.7627773,-0.1339221054952684,0.1339221054952684
4109,-0.8625715269076509,-0.8249919,-0.03757964506026934,0.03757964506026934
4110,-0.8554630969708393,-0.77093726,-0.08452583300523264,0.08452583300523264
4111,-0.9092415328802256,-0.7765428,-0.13269875009671728,0.13269875009671728
4112,-0.8370407261921915,-0.79100174,-0.046038989074424164,0.046038989074424164
4113,-0.9040311653872745,-0.711728,-0.19230318858826323,0.19230318858826323
4114,-0.855686398434823,-0.7981618,-0.05752459375876706,0.05752459375876706
4115,-0.8901864746202907,-0.7123008,-0.17788569718498792,0.17788569718498792
4116,-0.8460844354835277,-0.7488823,-0.09720214178235587,0.09720214178235587
4117,-0.3740251406221751,-0.6559064,0.28188123860069475,0.28188123860069475
4118,-0.38686497480123266,-0.5587391,0.1718741509273745,0.1718741509273745
4119,-0.8622737916223394,-0.49978927,-0.3624845238439428,0.3624845238439428
4120,-0.8718385376629707,-0.70415056,-0.16768798014496533,0.16768798014496533
4121,-0.8550537109535361,-0.72463125,-0.13042246104890354,0.13042246104890354
4122,-0.8731783464468724,-0.69942856,-0.17374978809726305,0.17374978809726305
4123,-0.8722479236802739,-0.6744764,-0.19777153856369678,0.19777153856369678
4124,-0.8924939230814547,-0.6776717,-0.2148222521677584,0.2148222521677584
4125,-0.8565423873800934,-0.7021565,-0.15438590325304868,0.15438590325304868
4126,-0.911325679877406,-0.7747071,-0.13661860094369016,0.13661860094369016
4127,-0.8578821961639951,-0.76078117,-0.09710102722631198,0.09710102722631198
4128,-0.8919728863321595,-0.75109684,-0.1408760416590028,0.1408760416590028
4129,-0.1847399329854013,-0.8005428,0.6158028388308523,0.6158028388308523
4130,-0.5813977668416214,-0.52385825,-0.057539517654151884,0.057539517654151884
4131,-0.8598174755185197,-0.58488476,-0.2749327127545427,0.2749327127545427
4132,-0.9003094743208812,-0.7486417,-0.15166774496602276,0.15166774496602276
4133,-0.815975954756404,-0.8192293,0.0032533500340927723,0.0032533500340927723
4134,-0.7483528280800341,-0.747669,-0.0006838465279100925,0.0006838465279100925
4135,-0.7913383598968792,-0.71658826,-0.07475010115359304,0.07475010115359304
4136,-0.7796150330377396,-0.7553073,-0.02430771625764927,0.02430771625764927
4137,-0.8096118630328712,-0.6831562,-0.1264556707301674,0.1264556707301674
4138,-0.7516279162184605,-0.72899497,-0.022632950665176788,0.022632950665176788
4139,-0.7823690844268708,-0.6320926,-0.15027648932646798,0.15027648932646798
4140,-0.7370761041488617,-0.6653749,-0.07170122908019716,0.07170122908019716
4141,0.30410418858538596,-0.60765916,0.9117633496762367,0.9117633496762367
4142,-0.7319029535665749,-0.19909951,-0.532803442658448,0.532803442658448
4143,-0.8213351898920109,-0.68756443,-0.13377075727100873,0.13377075727100873
4144,-0.7755211728647067,-0.7345408,-0.04098035274294154,0.04098035274294154
4145,-0.7909661907902398,-0.702052,-0.08891419360548636,0.08891419360548636
4146,-0.9054081910818401,-0.5891529,-0.31625531851943167,0.31625531851943167
4147,-0.8563563028267737,-0.7339505,-0.122405807106864,0.122405807106864
4148,-0.89632726487984,-0.67389584,-0.2224314290033752,0.2224314290033752
4149,-0.8554258800601754,-0.71261054,-0.14281533728597495,0.14281533728597495
4150,-0.9144519003731764,-0.764446,-0.1500058802468336,0.1500058802468336
4151,-0.8435536855583801,-0.77237254,-0.07118114174658197,0.07118114174658197
4152,-0.8403530312412816,-0.7458903,-0.09446271189389999,0.09446271189389999
4153,0.07358264393297191,-0.7996494,0.873232061333332,0.873232061333332
4154,-0.8536766852589704,-0.41376653,-0.43991015212260265,0.43991015212260265
4155,-0.9028402242460287,-0.62681293,-0.27602728937054044,0.27602728937054044
4156,-0.8628320452822984,-0.7659506,-0.09688142510789044,0.09688142510789044
4157,-0.8605245968211345,-0.75504726,-0.10547733510619917,0.10547733510619917
4158,-0.8729922618935527,-0.7879726,-0.08501963282327074,0.08501963282327074
4159,-0.9025424889607172,-0.7926357,-0.10990680971572209,0.10990680971572209
4160,-0.852150791921749,-0.8161568,-0.03599398736013404,0.03599398736013404
4161,-0.9311622932612833,-0.7470282,-0.1841341212451395,0.1841341212451395
4162,-0.9059664447417992,-0.8069725,-0.09899394107968984,0.09899394107968984
4163,-0.8869486033925285,-0.7586364,-0.12831218838779823,0.12831218838779823
4164,-0.5587326682472848,-0.7400553,0.18132265439980988,0.18132265439980988
4165,-0.12005694225148206,-0.5912445,0.4711875765053844,0.4711875765053844
4166,-0.862013273247692,-0.36294463,-0.49906864047906097,0.49906864047906097
4167,-0.872843394250897,-0.71109074,-0.16175265070917944,0.16175265070917944
4168,-0.8898143055136514,-0.7233424,-0.16647188684299707,0.16647188684299707
4169,-0.833319035125798,-0.7770832,-0.0562358170281112,0.0562358170281112
4170,-0.9119211504480288,-0.6375011,-0.274420029880707,0.274420029880707
4171,-0.8773094235305692,-0.7782154,-0.09909401520537386,0.09909401520537386
4172,-0.9329487049731521,-0.7115404,-0.221408303991249,0.221408303991249
4173,-0.8712802840030117,-0.7311259,-0.14015439279436304,0.14015439279436304
4174,-0.9112884629667419,-0.796468,-0.1148204434812683,0.1148204434812683
4175,-0.850513247852536,-0.7727545,-0.07775875747701722,0.07775875747701722
4176,-0.4436207635637336,-0.75931144,0.31569067404307793,0.31569067404307793
4177,-0.252549144215091,-0.67779326,0.4252441201739471,0.4252441201739471
4178,-0.8646184569941674,-0.5600039,-0.3046145803080712,0.3046145803080712
4179,-0.9577723843859969,-0.66798156,-0.28979081938737017,0.28979081938737017
4180,-0.8811427653289545,-0.78861237,-0.09253039960629827,0.09253039960629827
4181,-0.8822592726488726,-0.7893402,-0.09291907460886406,0.09291907460886406
4182,-0.8598174755185197,-0.7959896,-0.06382790251665815,0.06382790251665815
4183,-0.9115861982520534,-0.781648,-0.12993821803888816,0.12993821803888816
4184,-0.906003661652463,-0.8391447,-0.06685895492638882,0.06685895492638882
4185,-0.9231606574685373,-0.7660624,-0.15709827858517544,0.15709827858517544
4186,-0.8646928908154952,-0.8267244,-0.03796848075842729,0.03796848075842729
4187,-0.8946897208106268,-0.74677044,-0.1479192792784918,0.1479192792784918
4188,-0.13639516603294963,-0.7793596,0.6429644130533541,0.6429644130533541
4189,-0.6168654827043515,-0.4843717,-0.13249379076213652,0.13249379076213652
4190,-0.8769372544239298,-0.6534367,-0.22350053405268344,0.22350053405268344
4191,-0.876267350031979,-0.7364087,-0.13985863955224265,0.13985863955224265
4192,-0.8972949045571024,-0.74702245,-0.150272454586857,0.150272454586857
4193,-0.8411345863652243,-0.76227164,-0.07886294368028779,0.07886294368028779
4194,-0.9830798836374727,-0.63324803,-0.3498318524980989,0.3498318524980989
4195,-0.8599663431611755,-0.8000596,-0.05990672659547114,0.05990672659547114
4196,-0.8917123679575121,-0.7056825,-0.18602985185948961,0.18602985185948961
4197,-0.882557007934184,-0.7395129,-0.14304408755454534,0.14304408755454534
4198,-0.9024680551393893,-0.81675535,-0.08571270073493986,0.08571270073493986
4199,-0.8937965149546925,-0.78790075,-0.10589576908600962,0.10589576908600962
4200,0.1528174467364899,-0.8097372,0.962554652241861,0.962554652241861
4201,-0.8732155633575364,-0.52309287,-0.35012269741362767,0.35012269741362767
4202,-0.8834129968794546,-0.8454948,-0.037918190112944616,0.037918190112944616
4203,-0.9012398970874794,-0.68310285,-0.21813705094184954,0.21813705094184954
4204,-0.9220441501486192,-0.63647413,-0.2855700176107774,0.2855700176107774
4205,-0.9088693637735861,-0.7923952,-0.11647418927025965,0.11647418927025965
4206,-0.8845295041993726,-0.77223015,-0.11229935588394291,0.11229935588394291
4207,-0.9092787497908895,-0.7881143,-0.12116444047997643,0.12116444047997643
4208,-0.8799518241877087,-0.7737898,-0.10616200113244134,0.10616200113244134
4209,-0.974296692720784,-0.740789,-0.233507696501149,0.233507696501149
4210,-0.8540116374549458,-0.8157475,-0.03826413798900341,0.03826413798900341
4211,-0.5483863670827109,-0.7047914,0.15640505957591944,0.15640505957591944
4212,-0.1895781313717128,-0.65804124,0.46846310741307723,0.46846310741307723
4213,-0.9177642054222668,-0.41879722,-0.49896698066221123,0.49896698066221123
4214,-0.8773094235305692,-0.7876795,-0.08962993010329257,0.08962993010329257
4215,-0.8951363237385941,-0.73249865,-0.16263767795612338,0.16263767795612338
4216,-0.8812916329716103,-0.76601833,-0.11527330192073748,0.11527330192073748
4217,-0.9134470437852501,-0.7286852,-0.18476184357086411,0.18476184357086411
4218,-0.917578120868947,-0.7221654,-0.1954127151186723,0.1954127151186723
4219,-0.8467543398754784,-0.7839748,-0.06277951353957145,0.06277951353957145
4220,-0.9130004408572829,-0.6711433,-0.24185714747654563,0.24185714747654563
4221,-0.8824081402915284,-0.7804877,-0.10192042409356084,0.10192042409356084
4222,-0.9549066822648739,-0.81970567,-0.1352010171533321,0.1352010171533321
4223,-0.1967982120405163,-0.81695724,0.6201590232957874,0.6201590232957874
4224,-0.466397512890062,-0.63646334,0.17006583120707547,0.17006583120707547
4225,-0.8556119646134951,-0.7009174,-0.15469454184204123,0.15469454184204123
4226,-0.9018353676581025,-0.84859145,-0.05324392078157658,0.05324392078157658
4227,-0.9533807889276525,-0.6558439,-0.2975368753725073,0.2975368753725073
4228,-0.8742576368561265,-0.6623694,-0.2118882663956162,0.2118882663956162
4229,-0.886613651196553,-0.73941815,-0.1471955022021072,0.1471955022021072
4230,-0.873997118481479,-0.767632,-0.10636511088260203,0.10636511088260203
4231,-0.9632804871642593,-0.76081204,-0.20246844302058253,0.20246844302058253
4232,-0.8737366001068314,-0.8077583,-0.06597832841264806,0.06597832841264806
4233,-0.928408241872152,-0.7441921,-0.18421611845906605,0.18421611845906605
4234,-0.8403158143306176,-0.8129415,-0.02737432272676632,0.02737432272676632
4235,-0.2577967286187059,-0.6951283,0.43733159302893815,0.43733159302893815
4236,-0.5238604229551778,-0.57277036,0.048909934176780245,0.048909934176780245
4237,-0.8922334047068071,-0.59982646,-0.29240694959053515,0.29240694959053515
4238,-0.8819615373635611,-0.76870596,-0.11325557327512115,0.11325557327512115
4239,-0.9028402242460287,-0.76403,-0.13881024454021818,0.13881024454021818
4240,-0.8370035092815274,-0.77912235,-0.05788115668142979,0.05788115668142979
4241,-0.9607869541497756,-0.6785901,-0.28219683526473527,0.28219683526473527
4242,-0.8817754528102414,-0.79670626,-0.08506919355960052,0.08506919355960052
4243,-0.8701265597724296,-0.6852578,-0.18486876729959023,0.18486876729959023
4244,-0.9059664447417992,-0.7170782,-0.18888823581845937,0.18888823581845937
4245,-0.8616783210517164,-0.7868456,-0.07483269660484748,0.07483269660484748
4246,-0.8977042905744056,-0.80996066,-0.08774362725577156,0.08774362725577156
4247,0.10450989669470202,-0.82819825,0.932708150803131,0.932708150803131
4248,-0.8585893174666098,-0.52879006,-0.32979926076113497,0.32979926076113497
4249,-0.8620877070690198,-0.9456181,0.0835303859447436,0.0835303859447436
4250,-0.9142658158198568,-0.8366768,-0.0775890394107076,0.0775890394107076
4251,-0.8581054976279787,-0.7313127,-0.12679280546260396,0.12679280546260396
4252,-0.9164616135490289,-0.55828214,-0.35817947663191463,0.35817947663191463
4253,-0.9201460877047585,-0.79899013,-0.12115595728025896,0.12115595728025896
4254,-0.8918612356001678,-0.77357274,-0.11828849266117247,0.11828849266117247
4255,-0.8601524277144952,-0.79702663,-0.06312579349818659,0.06312579349818659
4256,-0.9065619153124223,-0.73719245,-0.1693694633585343,0.1693694633585343
4257,-0.9454535869562344,-0.8022959,-0.14315766372320216,0.14315766372320216
4258,-0.6238994788198352,-0.7660389,0.1421394158334851,0.1421394158334851
4259,-0.08343550215817001,-0.61306876,0.5296332572832058,0.5296332572832058
4260,-0.8661443503313888,-0.36803886,-0.4981054873877395,0.4981054873877395
4261,-0.9590377593485706,-0.70747346,-0.251564302488982,0.251564302488982
4262,-0.8888094489257252,-0.78618026,-0.10262919112848401,0.10262919112848401
4263,-0.8877673754271349,-0.7253414,-0.16242599578464834,0.16242599578464834
4264,-0.8427721304344373,-0.71755016,-0.12522197193376594,0.12522197193376594
4265,-0.9819633763175546,-0.63514465,-0.3468187253814279,0.3468187253814279
4266,-0.8440002884863473,-0.8455511,0.0015507850648306398,0.0015507850648306398
4267,-0.9154195400504387,-0.6682853,-0.24713422978203659,0.24713422978203659
4268,-0.8661815672420525,-0.8417437,-0.02443785958519218,0.02443785958519218
4269,-0.8999745221249056,-0.76455516,-0.13541936589397907,0.13541936589397907
4270,-0.26992944149514875,-0.7915332,0.521603730635436,0.521603730635436
4271,-0.4788279610518163,-0.5975162,0.11868821803296153,0.11868821803296153
4272,-0.8590731373052409,-0.58098394,-0.2780892005185893,0.2780892005185893
4273,-0.8850877578593316,-0.9230867,0.037998944964307335,0.037998944964307335
4274,-0.8975554229317498,-0.8388905,-0.05866493001564266,0.05866493001564266
4275,-0.8611200673917575,-0.7081973,-0.15292277172601654,0.15292277172601654
4276,-0.8897026547816596,-0.57275414,-0.31694851011308045,0.31694851011308045
4277,-0.9389034106793818,-0.737068,-0.20183541322378484,0.20183541322378484
4278,-0.8755974456400282,-0.77604437,-0.09955307689613169,0.09955307689613169
4279,-0.8830408277728151,-0.7428082,-0.1402326050021242,0.1402326050021242
4280,-0.9083483270242911,-0.7870028,-0.12134552512914953,0.12134552512914953
4281,-0.8440747223076752,-0.77689946,-0.06717526532983098,0.06717526532983098
4282,0.008304182628430024,-0.662118,0.6704222003019225,0.6704222003019225
4283,-0.7757444743286903,-0.4167194,-0.3590250674855049,0.3590250674855049
4284,-0.8981508935023729,-0.67366344,-0.22448745613588728,0.22448745613588728
4285,-0.8576588947000116,-0.780937,-0.07672187868972713,0.07672187868972713
4286,-0.9145635511051682,-0.68420583,-0.2303577210079697,0.2303577210079697
4287,-0.8784631477611512,-0.74984264,-0.12862050402335823,0.12862050402335823
4288,-0.916908216476996,-0.6416174,-0.2752907991414858,0.2752907991414858
4289,-0.871131416360356,-0.73725367,-0.1338777504362837,0.1338777504362837
4290,-0.8718757545736346,-0.6929007,-0.17897503731518127,0.17897503731518127
4291,-0.8658093981354132,-0.691203,-0.17460639997409733,0.17460639997409733
4292,-0.8918612356001678,-0.68727046,-0.20459077308719786,0.20459077308719786
4293,-0.8209258038747075,-0.7046024,-0.11632338354465988,0.11632338354465988
4294,0.1786087658265968,-0.7688422,0.9474509861329933,0.9474509861329933
4295,-0.8917123679575121,-0.5130086,-0.3787037734445726,0.3787037734445726
4296,-0.9234583927538487,-0.84951204,-0.07394635213876688,0.07394635213876688
4297,-0.8870974710351841,-0.95422727,0.0671297976606472,0.0671297976606472
4298,-0.8656233135820934,-0.8962792,0.03065590223058967,0.03065590223058967
4299,-0.89859749643034,-0.5793555,-0.3192420181435969,0.3192420181435969
4300,-0.8439258546650193,-0.5077099,-0.3362159342586778,0.3362159342586778
4301,-0.9278872051228569,-0.69672865,-0.23115855836763843,0.23115855836763843
4302,-0.8374501122094947,-0.7929419,-0.04450818429964365,0.04450818429964365
4303,-0.9270312161775864,-0.7085446,-0.21848660424673927,0.21848660424673927
4304,-0.9097625696295206,-0.7852924,-0.12447018262085363,0.12447018262085363
4305,-0.7269903213589355,-0.8058797,0.07888939074586188,0.07888939074586188
4306,0.0735082101116443,-0.7406432,0.8141514133701587,0.8141514133701587
4307,-0.8908935959229055,-0.35817575,-0.5327178413757864,0.5327178413757864
4308,-0.8805472947583315,-0.7715779,-0.1089694000706789,0.1089694000706789
4309,-0.8531556485096754,-0.7558795,-0.09727612713974132,0.09727612713974132
4310,-0.8982625442343647,-0.7370426,-0.16121993835744208,0.16121993835744208
4311,-0.8560213506307983,-0.7659087,-0.09011263252166746,0.09011263252166746
4312,-0.9233467420218568,-0.6731193,-0.2502274354575258,0.2502274354575258
4313,-0.8812916329716103,-0.70708376,-0.17420787127956316,0.17420787127956316
4314,-0.8984858456983482,-0.6538645,-0.2446213427915489,0.2446213427915489
4315,-0.8471265089821178,-0.72033983,-0.12678667429202384,0.12678667429202384
4316,-0.907231819704373,-0.6552269,-0.25200493343194263,0.25200493343194263
4317,-0.728404563964165,-0.7392556,0.010851043163978336,0.010851043163978336
4318,0.051252497534611086,-0.7263049,0.7775573862598919,0.7775573862598919
4319,-0.8568401226654049,-0.5138824,-0.3429577240600582,0.3429577240600582
4320,-0.9080133748283156,-0.88159156,-0.02642181637189467,0.02642181637189467
4321,-0.8508109831378474,-0.91489905,0.06408806805157519,0.06408806805157519
4322,-0.9466817450081442,-0.8233104,-0.12337136979452112,0.12337136979452112
4323,-0.8989324486263154,-0.47737268,-0.4215597724922059,0.4215597724922059
4324,-0.8518158397257736,-0.41582498,-0.43599086018208766,0.43599086018208766
4325,-0.9004211250528729,-0.69954306,-0.20087806618064996,0.20087806618064996
4326,-0.8572867255933722,-0.79812855,-0.059158180309100916,0.059158180309100916
4327,-0.9035101286379794,-0.76833135,-0.1351787797419528,0.1351787797419528
4328,-0.8547187587575605,-0.74915123,-0.1055675288991621,0.1055675288991621
4329,-0.6750355140720821,-0.7382849,0.06324937181124923,0.06324937181124923
4330,-0.07085618635375986,-0.6939688,0.6231125865344237,0.6231125865344237
4331,-0.894578070078635,-0.37656894,-0.5180091268165348,0.5180091268165348
4332,-0.8801006918303643,-0.76600647,-0.11409422210380182,0.11409422210380182
4333,-0.8960667465051925,-0.7323012,-0.16376557091086263,0.16376557091086263
4334,-0.8491362221579704,-0.7592207,-0.08991550282050698,0.08991550282050698
4335,-0.8997140037502581,-0.65465736,-0.24505663985865656,0.24505663985865656
4336,-0.8598174755185197,-0.7360826,-0.12373486205034956,0.12373486205034956
4337,-0.9282221573188323,-0.6606655,-0.26755664523387135,0.26755664523387135
4338,-0.8860181806259299,-0.7335679,-0.15245028712083342,0.15245028712083342
4339,-0.8651394937434623,-0.7198376,-0.14530188779024578,0.14530188779024578
4340,-0.8851249747699955,-0.7112711,-0.17385386757318766,0.17385386757318766
4341,-0.5273215956469238,-0.7161784,0.18885682155888672,0.18885682155888672
4342,-0.1647172350482042,-0.68628967,0.5215724330349867,0.5215724330349867
4343,-0.9059292278311352,-0.55568326,-0.3502459726355175,0.3502459726355175
4344,-0.9143030327305206,-0.91259843,-0.001704601620138524,0.001704601620138524
4345,-0.8710197656283643,-0.895604,0.02458424876830323,0.02458424876830323
4346,-0.8936848642227007,-0.78634876,-0.10733610409467942,0.10733610409467942
4347,-0.8680796296859133,-0.27144852,-0.5966311068797457,0.5966311068797457
4348,-0.9028774411566927,-0.48585013,-0.4170273156054689,0.4170273156054689
4349,-0.9257658412150126,-0.7738949,-0.15187093517100625,0.15187093517100625
4350,-0.8732155633575364,-0.79049635,-0.08271921402281956,0.08271921402281956
4351,-0.9075295549896845,-0.7671502,-0.140379331734527,0.140379331734527
4352,-0.8581799314493065,-0.8172,-0.04097992639483261,0.04097992639483261
4353,-0.3741367913541668,-0.75609535,0.381958558434499,0.381958558434499
4354,-0.3870138424438885,-0.61020046,0.2231866222816059,0.2231866222816059
4355,-0.8952479744705859,-0.5580794,-0.33716855295035275,0.33716855295035275
4356,-0.8640974202448723,-0.7644581,-0.09963930037564017,0.09963930037564017
4357,-0.9145635511051682,-0.72465146,-0.18991209522595676,0.18991209522595676
4358,-0.8767139529599461,-0.7896604,-0.0870535587682042,0.0870535587682042
4359,-0.9411736422298818,-0.7081774,-0.23299625451549577,0.23299625451549577
4360,-0.8687123171672002,-0.7861919,-0.0825204364642278,0.0825204364642278
4361,-0.8748531074267495,-0.6758661,-0.19898698041258933,0.19898698041258933
4362,-0.866590953259356,-0.70653754,-0.16005340853203054,0.16005340853203054
4363,-0.9240166464138077,-0.6731517,-0.25086497452736356,0.25086497452736356
4364,-0.9252075875550537,-0.7640149,-0.16119268782437135,0.16119268782437135
4365,-0.07163774147770265,-0.772843,0.7012052617953076,0.7012052617953076
4366,-0.6043233838106055,-0.6372598,0.03293639755002076,0.03293639755002076
4367,-0.8649906261008067,-0.71694976,-0.1480408651869578,0.1480408651869578
4368,-0.962312847486997,-0.8924526,-0.06986024986889394,0.06986024986889394
4369,-0.8689728355418478,-0.8975909,0.028618040083762564,0.028618040083762564
4370,-0.9225651868979143,-0.7975647,-0.1250005015532183,0.1250005015532183
4371,-0.8469032075181342,-0.37465432,-0.47224888465550907,0.47224888465550907
4372,-0.9153823231397747,-0.42441455,-0.49096777784215206,0.49096777784215206
4373,-0.9325765358665128,-0.8018345,-0.13074201218868686,0.13074201218868686
4374,-0.8647301077261591,-0.7968586,-0.06787149900347234,0.06787149900347234
4375,-0.9077528564536681,-0.76621157,-0.14154128714443348,0.14154128714443348
4376,-0.8719129714842986,-0.812882,-0.059030965315933104,0.059030965315933104
4377,0.08973478316111994,-0.7597106,0.8494453930739922,0.8494453930739922
4378,-0.8353659652123143,-0.30861014,-0.5267558239350011,0.5267558239350011
4379,-0.9308273410653077,-0.77046573,-0.16036160944451916,0.16036160944451916
4380,-0.8480197148380523,-0.7652841,-0.08273559380152273,0.08273559380152273
4381,-0.9236072603965044,-0.70539606,-0.2182112042212725,0.2182112042212725
4382,-0.9349956350596685,-0.7915296,-0.14346603920777035,0.14346603920777035
4383,-0.8803984271156758,-0.74248314,-0.1379152880775899,0.1379152880775899
4384,-0.8848272394846841,-0.6913629,-0.19346432206143582,0.19346432206143582
4385,-0.890000390066971,-0.72842115,-0.16157923842893995,0.16157923842893995
4386,-0.933618609365103,-0.7480094,-0.1856092256866667,0.1856092256866667
4387,-0.8787980999571265,-0.75083125,-0.12796685358108895,0.12796685358108895
4388,-0.7546424859822392,-0.73234,-0.02230250776416054,0.02230250776416054
4389,0.07678329825007071,-0.75721216,0.833995460267893,0.833995460267893
4390,-0.9677092995332675,-0.60716325,-0.3605460490869479,0.3605460490869479
4391,-0.8853110593233152,-0.8472423,-0.03806876358128031,0.03806876358128031
4392,-0.8999373052142416,-0.89307755,-0.006859752895668647,0.006859752895668647
4393,-0.8615294534090607,-0.88362265,0.02209319292272638,0.02209319292272638
4394,-0.9922352436608007,-0.79947263,-0.19276261363684444,0.19276261363684444
4395,-0.858514883645282,-0.54740393,-0.31111095202754513,0.31111095202754513
4396,-0.9167593488343404,-0.44714227,-0.4696170756467031,0.4696170756467031
4397,-0.8672236407406427,-0.8112598,-0.055963834584484284,0.055963834584484284
4398,-0.9796187109457267,-0.7178713,-0.26174740261900553,0.26174740261900553
4399,-0.8597058247865279,-0.8312445,-0.028461296492918287,0.028461296492918287
4400,-0.40230999272676576,-0.72274274,0.32043274361280333,0.32043274361280333
4401,-0.3608503542471422,-0.5938981,0.23304776329512467,0.23304776329512467
4402,-0.8855715776979627,-0.58170784,-0.30386374250051396,0.30386374250051396
4403,-0.9040311653872745,-0.7771565,-0.12687469318115874,0.12687469318115874
4404,-0.8875440739631513,-0.78434557,-0.10319850673674136,0.10319850673674136
4405,-0.9502917853425459,-0.75748336,-0.1928084221909956,0.1928084221909956
4406,-0.8950246730066023,-0.7632412,-0.13178350116974924,0.13178350116974924
4407,-0.8956945773985531,-0.73905784,-0.1566367384817745,0.1566367384817745
4408,-0.9122933195546682,-0.73793733,-0.1743559883550222,0.1743559883550222
4409,-0.9104324740214713,-0.7230505,-0.18738199890092688,0.18738199890092688
4410,-0.8766767360492822,-0.78990936,-0.08676737325631345,0.08676737325631345
4411,-0.8918612356001678,-0.7086543,-0.18320695112293395,0.18320695112293395
4412,-0.08336106833684215,-0.7625034,0.679142317206981,0.679142317206981
4413,-0.6838187049887707,-0.46788958,-0.21592912783842588,0.21592912783842588
4414,-0.8479080641060605,-0.74905264,-0.09885542033012051,0.09885542033012051
4415,-0.9274778191055537,-0.80222934,-0.1252484742607356,0.1252484742607356
4416,-0.9345490321317014,-0.8857463,-0.04880273191121187,0.04880273191121187
4417,-0.9007932941595123,-0.91961247,0.01881917312945869,0.01881917312945869
4418,-0.8708336810750446,-0.8206453,-0.050188408343263546,0.050188408343263546
4419,-0.9201833046154225,-0.5751043,-0.34507900840799455,0.34507900840799455
4420,-0.9206671244540536,-0.66223335,-0.2584337717929208,0.2584337717929208
4421,-0.9029890918886844,-0.7245414,-0.17844766618372832,0.17844766618372832
4422,-0.8876557246951431,-0.7977269,-0.08992879550736843,0.08992879550736843
4423,-0.8276620647048798,-0.78319925,-0.0444628140067902,0.0444628140067902
4424,0.15356178494976877,-0.7531783,0.906740083423127,0.906740083423127
4425,-0.8920473201534874,-0.3677716,-0.524275724437011,0.524275724437011
4426,-0.8792819197957578,-0.823421,-0.05586091836143159,0.05586091836143159
4427,-0.10126240236619494,-0.78408474,0.6828223349346778,0.6828223349346778
4428,-0.759815636564526,0.1069441,-0.8667597356331677,0.8667597356331677
4429,0.8564403597488466,-0.39453295,1.2509733084812227,1.2509733084812227
4430,0.9080229979290607,0.4597792,0.4482437949909809,0.4482437949909809
4431,1.214392606514574,0.17116782,1.0432247858225117,1.0432247858225117
4432,-0.17770593686991748,0.5970278,-0.7747337154954057,0.7747337154954057
4433,0.12892419009024347,-0.036157273,0.16508146284634317,0.16508146284634317
4434,-0.13070097870136757,0.50874585,-0.6394468278339054,0.6394468278339054
4435,0.4028778694874697,-0.43940344,0.8422813140160494,0.8422813140160494
4436,-0.6304124381860239,-0.20398441,-0.4264280286153299,0.4264280286153299
4437,-0.8835990814327741,-0.6537893,-0.22980979958768133,0.22980979958768133
4438,-0.844186373039667,-0.8244924,-0.01969397811550322,0.01969397811550322
4439,-0.9212998119353404,-0.7398262,-0.18147360954276226,0.18147360954276226
4440,-0.8782026293865036,-0.74904346,-0.1291591647258591,0.1291591647258591
4441,-0.860226861535823,-0.82072806,-0.03949879795244893,0.03949879795244893
4442,-0.8701265597724296,-0.4301702,-0.4399563515567161,0.4399563515567161
4443,-0.9242771647884552,0.15408222,-1.078359388561458,1.078359388561458
4444,-0.13840487920880215,-0.27033544,0.13193055665850742,0.13193055665850742
4445,0.47734890772600375,0.16203402,0.31531488789816103,0.31531488789816103
4446,0.320777364562829,0.28277326,0.03800410826094913,0.03800410826094913
4447,0.2824811634896398,0.17314354,0.10933762763720756,0.10933762763720756
4448,-0.9370053482355211,0.06437756,-1.001382909447107,1.001382909447107
4449,-0.6769335765159427,-0.92393917,0.2470055919372739,0.2470055919372739
4450,-0.37316915167690456,-0.7015523,0.328383120166052,0.328383120166052
4451,-0.2483436333100663,-0.31661996,0.06827632914377588,0.06827632914377588
4452,-0.8576216777893476,-0.090725444,-0.7668962335320882,0.7668962335320882
4453,-0.2638258681462633,-0.7255487,0.4617228164507521,0.4617228164507521
4454,-0.4664719467113898,-0.19288412,-0.2735878293465064,0.2735878293465064
4455,-0.38541351528533924,-0.23571065,-0.1497028646028899,0.1497028646028899
4456,-0.04387392612240692,-0.2912895,0.247415582220336,0.247415582220336
4457,0.4313115892347159,0.25460646,0.176705133670217,0.176705133670217
4458,0.22084995943016342,0.80265355,-0.5818035916715212,0.5818035916715212
4459,0.5170965683150865,-0.102410115,0.6195066836166956,0.6195066836166956
4460,0.1638336522930147,0.20505993,-0.04122627838916762,0.04122627838916762
4461,-0.032336683816587074,-0.46377304,0.4314363581469902,0.4314363581469902
4462,-0.010490357256857106,-0.43145177,0.4209614104261721,0.4209614104261721
4463,-0.29516250692529666,-0.26000562,-0.03515688382310855,0.03515688382310855
4464,-0.3844830925187408,-0.41643742,0.03195432475001225,0.03195432475001225
4465,-0.30844894403232154,-0.35421097,0.04576202875362817,0.04576202875362817
4466,-0.3220331164246578,-0.2154912,-0.10654191097078514,0.10654191097078514
4467,-0.3751044310314292,0.6660515,-1.0411559380275839,1.0411559380275839
4468,-0.010229838882209588,0.7512182,-0.7614480386121291,0.7614480386121291
4469,0.05798875836478334,0.20216297,-0.14417420776738066,0.14417420776738066
4470,0.9015844723841999,-0.2068423,1.108426775660262,1.108426775660262
4471,0.28538408252142666,0.36664695,-0.08126286295510532,0.08126286295510532
4472,-0.34667071128418275,0.16204552,-0.5087162348084671,0.5087162348084671
4473,-0.8909308128335696,-0.44057044,-0.4503603689649325,0.4503603689649325
4474,-0.748948298650657,-0.66498625,-0.08396204586592804,0.08396204586592804
4475,-0.8394598253853472,-0.6377795,-0.2016803511269244,0.2016803511269244
4476,-0.816013171667068,-0.6218365,-0.19417668818852185,0.19417668818852185
4477,-0.3592872439992568,-0.6431972,0.2839099348413804,0.2839099348413804
4478,-0.8607851151957819,-0.45800403,-0.4027810875907252,0.4027810875907252
4479,-0.9533435720169885,-0.65169036,-0.3016532081330163,0.3016532081330163
4480,-0.8108400210847811,-0.67362356,-0.1372164592256503,0.1372164592256503
4481,-0.2446963760650007,-0.52066576,0.27596938874365406,0.27596938874365406
4482,-0.22445037666382,0.25524884,-0.4796992212873857,0.4796992212873857
4483,-0.22445037666382,-0.13582295,-0.08862742487014935,0.08862742487014935
4484,-0.22445037666382,-0.40872264,0.1842722624200423,0.1842722624200423
4485,-0.22445037666382,-0.49844888,0.2739985018628676,0.2739985018628676
4486,-0.22445037666382,-0.4017057,0.17725533541618183,0.17725533541618183
4487,-0.22445037666382,-0.15583497,-0.06861540380539105,0.06861540380539105
4488,-0.22445037666382,-0.15021664,-0.07423373762191937,0.07423373762191937
4489,-0.22445037666382,-0.03778612,-0.18666425797762082,0.18666425797762082
4490,-0.22445037666382,0.10013195,-0.32458232793630765,0.32458232793630765
4491,-0.22445037666382,0.525096,-0.7495463759046952,0.7495463759046952
4492,-0.22445037666382,0.5250128,-0.7494631678205887,0.7494631678205887
4493,-0.22445037666382,0.067941576,-0.2923919529062669,0.2923919529062669
4494,-0.22445037666382,-0.033520997,-0.19092938009323285,0.19092938009323285
4495,-0.22445037666382,0.04683826,-0.2712886378508966,0.2712886378508966
4496,-0.22445037666382,-0.009834953,-0.21461542401136563,0.21461542401136563
4497,-0.22445037666382,-0.058548592,-0.16590178463281796,0.16590178463281796
4498,-0.22445037666382,-0.080143444,-0.14430693242372677,0.14430693242372677
4499,-0.22445037666382,-0.029792741,-0.19465763572277234,0.19465763572277234
4500,-0.22445037666382,-0.06232799,-0.1621223882180612,0.1621223882180612
4501,-0.22445037666382,-0.101187386,-0.12326299104513333,0.12326299104513333
4502,-0.22445037666382,-0.102659695,-0.12179068181337521,0.12179068181337521
4503,-0.22445037666382,-0.24642414,0.021973761882169984,0.021973761882169984
4504,-0.22445037666382,-0.2943009,0.06985053714690997,0.06985053714690997
4505,-0.22445037666382,-0.34012136,0.11567098196922138,0.11567098196922138
4506,-0.22445037666382,-0.3418361,0.1173857181924422,0.1173857181924422
4507,-0.22445037666382,-0.42372987,0.19927949007926776,0.19927949007926776
4508,-0.22445037666382,-0.47595504,0.2515046625989516,0.2515046625989516
4509,-0.22445037666382,-0.51792765,0.2934772699731429,0.2934772699731429
4510,-0.22445037666382,-0.3745219,0.15007153448043659,0.15007153448043659
4511,-0.22445037666382,-0.15885559,-0.06559478941978619,0.06559478941978619
4512,-0.22445037666382,-0.15587518,-0.06857520047249005,0.06857520047249005
4513,-0.22445037666382,-0.029137239,-0.1953131378036897,0.1953131378036897
4514,-0.22445037666382,0.04020874,-0.26465911496104405,0.26465911496104405
4515,-0.22445037666382,0.25932688,-0.48377725187362836,0.48377725187362836
4516,-0.22445037666382,0.21217722,-0.43662759367050336,0.43662759367050336
4517,-0.22445037666382,0.02482801,-0.2492783859712045,0.2492783859712045
4518,-0.22445037666382,0.0121046305,-0.23655500713409588,0.23655500713409588
4519,-0.22445037666382,0.016966954,-0.24141733053745434,0.24141733053745434
4520,-0.22445037666382,0.017450787,-0.24190116379083798,0.24190116379083798
4521,-0.22445037666382,0.0112633705,-0.23571374717773602,0.23571374717773602
4522,-0.22445037666382,-0.0044932067,-0.21995716992439435,0.21995716992439435
4523,-0.22445037666382,-0.03136622,-0.1930841550570886,0.1930841550570886
4524,-0.22445037666382,-0.069464274,-0.154986102913038,0.154986102913038
4525,-0.22445037666382,-0.11755692,-0.10689345452608273,0.10689345452608273
4526,-0.22445037666382,-0.17283991,-0.051610466871873595,0.051610466871873595
4527,-0.22445037666382,-0.23164612,0.007195743884428285,0.007195743884428285
4528,-0.22445037666382,-0.2907149,0.06626451310096576,0.06626451310096576
4529,-0.22445037666382,-0.3476953,0.12324491437850787,0.12324491437850787
4530,-0.22445037666382,-0.40102738,0.1765770047563155,0.1765770047563155
4531,-0.22445037666382,-0.4496505,0.22520011958061054,0.22520011958061054
4532,-0.22445037666382,-0.4927884,0.2683380275624831,0.2683380275624831
4533,-0.22445037666382,-0.5299497,0.30549934801040485,0.30549934801040485
4534,-0.22445037666382,-0.366622,0.14217162426887348,0.14217162426887348
4535,-0.22445037666382,-0.15997368,-0.06447669569076703,0.06447669569076703
4536,-0.22445037666382,-0.16087902,-0.06357136074127362,0.06357136074127362
4537,-0.22445037666382,-0.030993208,-0.19345716837467358,0.19345716837467358
4538,-0.22445037666382,0.041207425,-0.2656578019601266,0.2656578019601266
4539,-0.22445037666382,0.12669179,-0.3511421650988023,0.3511421650988023
4540,-0.22445037666382,0.07268366,-0.2971340388399522,0.2971340388399522
4541,-0.22445037666382,0.049498383,-0.27394875961960957,0.27394875961960957
4542,-0.22445037666382,0.041954916,-0.2664052926343839,0.2664052926343839
4543,-0.22445037666382,0.040480636,-0.2649310127240579,0.2649310127240579
4544,-0.22445037666382,0.033835344,-0.258285720680372,0.258285720680372
4545,-0.22445037666382,0.021349885,-0.24580026123346493,0.24580026123346493
4546,-0.22445037666382,0.0013027415,-0.22575311813177273,0.22575311813177273
4547,-0.22445037666382,-0.028102301,-0.1963480756026666,0.1963480756026666
4548,-0.22445037666382,-0.06691403,-0.15753634724439786,0.15753634724439786
4549,-0.22445037666382,-0.11457776,-0.1098726138812463,0.1098726138812463
4550,-0.22445037666382,-0.16925243,-0.055197951231614806,0.055197951231614806
4551,-0.22445037666382,-0.22776213,0.0033117562192518935,0.0033117562192518935
4552,-0.22445037666382,-0.2867965,0.06234613355575397,0.06234613355575397
4553,-0.22445037666382,-0.3439101,0.1194597214120467,0.1194597214120467
4554,-0.22445037666382,-0.3975616,0.17311123308120563,0.17311123308120563
4555,-0.22445037666382,-0.44677082,0.2223204403775771,0.2223204403775771
4556,-0.22445037666382,-0.49081525,0.26636487540183856,0.26636487540183856
4557,-0.22445037666382,-0.5291357,0.30468532737670734,0.30468532737670734
4558,-0.22445037666382,-0.35370615,0.12925577458320453,0.12925577458320453
4559,-0.22445037666382,-0.15945038,-0.06499999466957257,0.06499999466957257
4560,-0.22445037666382,-0.15860987,-0.06584050956787274,0.06584050956787274
4561,-0.22445037666382,-0.030612782,-0.1938375950199525,0.1938375950199525
4562,-0.22445037666382,0.046696108,-0.27114648449839757,0.27114648449839757
4563,-0.22445037666382,0.027861979,-0.25231235552252934,0.25231235552252934
4564,-0.22445037666382,0.048370164,-0.2728205405515592,0.2728205405515592
4565,-0.22445037666382,0.06621335,-0.29066372368158505,0.29066372368158505
4566,-0.22445037666382,0.0648719,-0.2893222764474313,0.2893222764474313
4567,-0.22445037666382,0.059361957,-0.28381233367742703,0.28381233367742703
4568,-0.22445037666382,0.048317224,-0.27276760045112775,0.27276760045112775
4569,-0.22445037666382,0.032115683,-0.2565660596233766,0.2565660596233766
4570,-0.22445037666382,0.009006135,-0.23345651182951138,0.23345651182951138
4571,-0.22445037666382,-0.022235513,-0.20221486393036053,0.20221486393036053
4572,-0.22445037666382,-0.061639078,-0.16281129870237515,0.16281129870237515
4573,-0.22445037666382,-0.108767115,-0.11568326208414242,0.11568326208414242
4574,-0.22445037666382,-0.16246542,-0.06198495331825421,0.06198495331825421
4575,-0.22445037666382,-0.22035185,-0.004098531637803771,0.004098531637803771
4576,-0.22445037666382,-0.27927807,0.05482769307075336,0.05482769307075336
4577,-0.22445037666382,-0.3365998,0.11214942034660175,0.11214942034660175
4578,-0.22445037666382,-0.39065105,0.16620067056594684,0.16620067056594684
4579,-0.22445037666382,-0.44045278,0.21600240763603046,0.21600240763603046
4580,-0.22445037666382,-0.4853364,0.26088601645408466,0.26088601645408466
4581,-0.22445037666382,-0.5247535,0.30030313428817584,0.30030313428817584
4582,-0.22445037666382,-0.33961147,0.1151610940354903,0.1151610940354903
4583,-0.22445037666382,-0.15533304,-0.06911733451904462,0.06911733451904462
4584,-0.22445037666382,-0.14668944,-0.07776093188347027,0.07776093188347027
4585,-0.22445037666382,-0.023540594,-0.20090978298010037,0.20090978298010037
4586,-0.22445037666382,0.012124561,-0.23657493743719266,0.23657493743719266
4587,-0.22445037666382,0.026024781,-0.2504751578313272,0.2504751578313272
4588,-0.22445037666382,0.06656861,-0.29101898971618817,0.29101898971618817
4589,-0.22445037666382,0.085310645,-0.3097610220652978,0.3097610220652978
4590,-0.22445037666382,0.08873439,-0.31318476501526044,0.31318476501526044
4591,-0.22445037666382,0.08009158,-0.30454195741237805,0.30454195741237805
4592,-0.22445037666382,0.06586379,-0.2903141647917192,0.2903141647917192
4593,-0.22445037666382,0.04661923,-0.2710696056825082,0.2710696056825082
4594,-0.22445037666382,0.020798132,-0.24524850848735974,0.24524850848735974
4595,-0.22445037666382,-0.012423158,-0.21202721897186444,0.21202721897186444
4596,-0.22445037666382,-0.052885525,-0.1715648517352502,0.1715648517352502
4597,-0.22445037666382,-0.09990128,-0.12454909536661313,0.12454909536661313
4598,-0.22445037666382,-0.15256375,-0.07188662591995404,0.07188662591995404
4599,-0.22445037666382,-0.20938879,-0.01506158414901898,0.01506158414901898
4600,-0.22445037666382,-0.26789212,0.04344174560485675,0.04344174560485675
4601,-0.22445037666382,-0.32537046,0.10092008408485248,0.10092008408485248
4602,-0.4209556649693973,-0.37990654,-0.041049129820776686,0.041049129820776686
4603,-0.3098259697268871,-0.6360171,0.326191114394817,0.326191114394817
4604,-0.8090908262835762,-0.26548767,-0.5436031553851387,0.5436031553851387
4605,-0.8265827742956257,-0.7267692,-0.0998135653875446,0.0998135653875446
4606,-0.8409112849012406,-0.79475176,-0.04615952155742953,0.04615952155742953
4607,-0.8069322454650679,-0.7510638,-0.05586842176511675,0.05586842176511675
4608,-0.40610611761448706,-0.74091613,0.33481001531245386,0.33481001531245386
4609,-0.4283618301915203,-0.71167475,0.2833129196597065,0.2833129196597065
4610,-0.8537511190802982,-0.5905481,-0.2632030209929874,0.2632030209929874
4611,-0.8068205947330761,-0.32050103,-0.48631956524165154,0.48631956524165154
4612,0.24589694030699144,-0.2798603,0.5257572282117309,0.5257572282117309
4613,0.41296365227739595,0.24509603,0.16786762442629122,0.16786762442629122
4614,-0.5444785914629977,0.22469792,-0.7691765091628116,0.7691765091628116
4615,-0.8042526278972646,-0.78579855,-0.018454078245164984,0.018454078245164984
4616,-0.8362963879789128,-0.8506491,0.0143527304445491,0.0143527304445491
4617,-0.8308255021113143,-0.7876609,-0.04316460533320765,0.04316460533320765
4618,-0.827438763240896,-0.75562876,-0.07180999861153203,0.07180999861153203
4619,-0.8612317181237492,-0.67003435,-0.19119736915905805,0.19119736915905805
4620,-0.8025406500067237,-0.6489218,-0.15361886226792365,0.15361886226792365
4621,-0.8722107067696101,-0.5958456,-0.2763651266685969,0.2763651266685969
4622,-0.7974047163351006,-0.7110568,-0.08634788783626024,0.08634788783626024
4623,-0.12322037965791657,-0.56903183,0.4458114549444394,0.4458114549444394
4624,-0.7041763551219433,-0.40820804,-0.29596831273874935,0.29596831273874935
4625,-0.5884317629571052,-0.55049676,-0.03793500592661814,0.03793500592661814
4626,-0.48578752334597225,-0.30646768,-0.17931984122278805,0.17931984122278805
4627,-0.6953559472945906,-0.047256447,-0.6480994999197699,0.6480994999197699
4628,-0.849843343460585,-0.5594351,-0.2904082142949356,0.2904082142949356
4629,-0.8168691606123387,-0.69391006,-0.12295909829925888,0.12295909829925888
4630,-0.8617155379623804,-0.7461321,-0.11558346217578985,0.11558346217578985
4631,-0.8214840575346666,-0.73675036,-0.08473369323107771,0.08473369323107771
4632,-0.8793191367064217,-0.71529657,-0.16402257022006306,0.16402257022006306
4633,-0.8138545908485598,-0.7677196,-0.046134964421863045,0.046134964421863045
4634,-0.46706741728201273,-0.7211612,0.25409376941308615,0.25409376941308615
4635,-0.4164896356897251,-0.31214815,-0.10434148190783421,0.10434148190783421
4636,-0.10386758611267036,-0.17529947,0.07143187954361016,0.07143187954361016
4637,0.3720250505470677,-0.04370848,0.4157335314416333,0.4157335314416333
4638,-0.3520299464197895,0.12562889,-0.47765883502681467,0.47765883502681467
4639,-0.8295973440594043,-0.68529606,-0.14430128540461917,0.14430128540461917
4640,-0.825280182422388,-0.82018393,-0.005096249641168504,0.005096249641168504
4641,-0.8488384868726588,-0.7657774,-0.08306107779596816,0.08306107779596816
4642,-0.8071183300183876,-0.74542767,-0.06169066192375261,0.06169066192375261
4643,-0.8696799568444624,-0.64063025,-0.2290497116357222,0.2290497116357222
4644,-0.8525601779390524,-0.6925563,-0.1600038563181112,0.1600038563181112
4645,-0.8775327249945527,-0.6366849,-0.24084783043278513,0.24084783043278513
4646,-0.8045875800932399,-0.7407807,-0.06380686891922871,0.06380686891922871
4647,-0.15924634918060573,-0.5919251,0.4326787354103061,0.4326787354103061
4648,-0.7936085914473793,-0.41973427,-0.3738743220668098,0.3738743220668098
4649,-0.8284808367394864,-0.6743077,-0.15417313276762357,0.15417313276762357
4650,-0.7978513192630677,-0.7234814,-0.07436990256079723,0.07436990256079723
4651,-0.4525528221230781,-0.63132423,0.17877140950152515,0.17877140950152515
4652,-0.8212607560706829,-0.30912,-0.512140756661961,0.512140756661961
4653,-0.833281818215134,-0.66093814,-0.17234367448497045,0.17234367448497045
4654,-0.8477219795527406,-0.76415646,-0.08356551879071672,0.08356551879071672
4655,-0.8181345355749123,-0.7450019,-0.07313262345790794,0.07313262345790794
4656,-0.869382221559151,-0.74945074,-0.11993147836075624,0.11993147836075624
4657,-0.2790475846078128,-0.8045254,0.5254777907583981,0.5254777907583981
4658,-0.5998201376202693,-0.6013915,0.001571356653870093,0.001571356653870093
4659,-0.8170924620763222,-0.21182561,-0.6052668528691689,0.6052668528691689
4660,0.10395164303474305,-0.49241892,0.5963705580680835,0.5963705580680835
4661,0.8374969522209035,0.121832155,0.7156647975296841,0.7156647975296841
4662,0.505373241455947,0.43953878,0.06583446458140474,0.06583446458140474
4663,-0.8399064283133144,0.11481593,-0.9547223563552494,0.9547223563552494
4664,-0.9129260070359551,-0.76813626,-0.1447897441422783,0.1447897441422783
4665,-0.8692705708271592,-0.78766966,-0.08160091216627052,0.08160091216627052
4666,-0.8592592218585606,-0.79692507,-0.0623341539569493,0.0623341539569493
4667,-0.8677446774899378,-0.6763721,-0.19137256664627933,0.19137256664627933
4668,-0.8399064283133144,-0.6954885,-0.14441791579729268,0.14441791579729268
4669,-0.9485425905413409,-0.66470283,-0.2838397578425189,0.2838397578425189
4670,-0.8304905499153389,-0.73376364,-0.09672691475680006,0.09672691475680006
4671,-0.16348907699629436,-0.584008,0.4205189014430367,0.4205189014430367
4672,-0.821260756070683,-0.3775541,-0.4437066672397352,0.4437066672397352
4673,-0.039184595378751116,-0.6722652,0.6330805766259486,0.6330805766259486
4674,0.5508523062872757,-0.14072737,0.6915796772646774,0.6915796772646774
4675,0.4149733654532485,-0.0771608,0.4921341634664588,0.4921341634664588
4676,-0.29412043342670646,-0.22465289,-0.06946754703602043,0.06946754703602043
4677,-0.6139253467619006,-0.68088484,0.06695949134234747,0.06695949134234747
4678,-0.9127027055719714,-0.7145073,-0.1981954237917285,0.1981954237917285
4679,-0.8543838065615851,-0.8160071,-0.03837672886764587,0.03837672886764587
4680,-0.8616783210517164,-0.7602868,-0.10139151303780036,0.10139151303780036
4681,-0.8323141785378717,-0.7704616,-0.061852559637572635,0.061852559637572635
4682,-0.8771977727985775,-0.51684594,-0.36035183125499837,0.36035183125499837
4683,-0.8386782702614046,0.081612214,-0.9202904847074724,0.9202904847074724
4684,0.2507723556039669,-0.32620913,0.5769814835069516,0.5769814835069516
4685,0.35382598123240316,0.4880028,-0.1341768256695286,0.1341768256695286
4686,-0.4208067973267414,0.15834655,-0.5791533460032322,0.5791533460032322
4687,-0.8481313655700442,-0.7031161,-0.14501524666211574,0.14501524666211574
4688,-0.8452656634489212,-0.79337513,-0.051890528980842565,0.051890528980842565
4689,-0.625164853782409,-0.73665154,0.11148668602014222,0.11148668602014222
4690,-0.8399064283133144,-0.48127815,-0.358628277039587,0.358628277039587
4691,-0.8383061011547653,-0.7816034,-0.056702705215892046,0.056702705215892046
4692,-0.8519274904577655,-0.7034475,-0.14847996972488586,0.14847996972488586
4693,-0.8461216523941917,-0.74832463,-0.09779701974953836,0.09779701974953836
4694,-0.822972733961224,-0.73007286,-0.09289987801182209,0.09289987801182209
4695,-0.12958447138144952,-0.68171424,0.552129765354848,0.552129765354848
4696,-0.6854562490579837,-0.39254978,-0.29290646606657444,0.29290646606657444
4697,-0.7731392905822149,-0.49018237,-0.2829569206347814,0.2829569206347814
4698,-0.48381502708078367,-0.67875,0.19493495146154421,0.19493495146154421
4699,-0.8549420602215443,-0.14975849,-0.7051835722817097,0.7051835722817097
4700,-0.03870077554012001,-0.6983668,0.6596660452721054,0.6596660452721054
4701,-0.6505095699445489,0.044989225,-0.6954987944678548,0.6954987944678548
4702,-0.7590712983512474,-0.6780641,-0.08100719045634996,0.08100719045634996
4703,-0.8422510936851424,-0.7093395,-0.13291159421157062,0.13291159421157062
4704,-0.8253173993330519,-0.8026541,-0.022663311789564378,0.022663311789564378
4705,0.022781560876700663,-0.8359997,0.8587812881258462,0.8587812881258462
4706,-0.8537511190802982,-0.59247416,-0.26127695650171545,0.26127695650171545
4707,-0.8266944250276175,-0.5103681,-0.3163263162782278,0.3163263162782278
4708,-0.6338363939671059,-0.33224142,-0.30159497798962787,0.30159497798962787
4709,0.15248249454051452,-0.32389322,0.47637571377307375,0.47637571377307375
4710,0.678022490025942,0.17785813,0.500164360882227,0.500164360882227
4711,0.46551393013487247,0.47663102,-0.011117085404296845,0.011117085404296845
4712,0.5304202223327753,0.37514985,0.15527037625580997,0.15527037625580997
4713,1.1762452730840405,0.3754568,0.8007884630864819,0.8007884630864819
4714,0.7631003478036975,1.0864897,-0.3233893296255017,0.3233893296255017
4715,2.1297797412047217,0.66564596,1.4641337842116187,1.4641337842116187
4716,1.5498286223286208,1.7759564,-0.22612776995958717,0.22612776995958717
4717,-0.35080178836787956,0.74379843,-1.094600223102224,1.094600223102224
4718,0.7695016564378941,0.03886116,0.7306404972026551,0.7306404972026551
4719,1.9121352476420295,0.35717586,1.55495939081334,1.55495939081334
4720,2.1924158018521243,1.0652455,1.1271702927044802,1.1271702927044802
4721,1.1069473854277936,1.2550719,-0.14812449300543395,0.14812449300543395
4722,1.3859997815859788,0.8285622,0.5574375815165513,0.5574375815165513
4723,0.08188201501102975,1.359986,-1.278103932597918,1.278103932597918
4724,-0.5693767046971704,-0.120864145,-0.4485125592394258,0.4485125592394258
4725,-0.7061860682977956,-0.5294798,-0.17670626664297995,0.17670626664297995
4726,-0.8320536601632241,-0.64704543,-0.18500822664195338,0.18500822664195338
4727,-0.8046247970039039,-0.9148274,0.11020260940249871,0.11020260940249871
4728,-0.8202931163934207,-0.73108536,-0.08920775634321931,0.08920775634321931
4729,-0.8433303840943963,-0.6736989,-0.16963148196426936,0.16963148196426936
4730,-0.13993077254602343,-0.57291096,0.4329801919429597,0.4329801919429597
4731,-0.8559469168094704,0.04966198,-0.905608895888717,0.905608895888717
4732,-0.8458239171088802,-0.49593064,-0.349893275219308,0.349893275219308
4733,-0.7501020228812391,-0.40780815,-0.3422938680598432,0.3422938680598432
4734,-0.4988878758996772,-0.35088673,-0.1480011435598182,0.1480011435598182
4735,-0.5361047865636125,-0.17580229,-0.3603024961240068,0.3603024961240068
4736,0.41225653097478127,-0.34857786,0.7608343879922983,0.7608343879922983
4737,1.6783386148511887,0.2897464,1.388592211157036,1.388592211157036
4738,1.4067296008257906,0.964956,0.4417736152796785,0.4417736152796785
4739,1.0772110738073095,0.8927066,0.18450450079781855,0.18450450079781855
4740,1.0453906151896448,0.794059,0.25133163663205815,0.25133163663205815
4741,1.0230604687912837,0.59209317,0.4309672991021052,0.4309672991021052
4742,0.7885939316084928,1.1526165,-0.3640225692459994,0.3640225692459994
4743,0.4071950311244862,0.62172234,-0.21452730945931509,0.21452730945931509
4744,0.370499157209846,0.0928873,0.2776118599371638,0.2776118599371638
4745,-0.344214395180363,0.01081156,-0.35502595503630097,0.35502595503630097
4746,-0.8436653362903719,-0.43215516,-0.4115101741943483,0.4115101741943483
4747,-0.8780909786545118,-0.6474351,-0.23065584996569954,0.23065584996569954
4748,-0.8425116120597899,-0.65713364,-0.1853779732009947,0.1853779732009947
4749,-0.44432788486634855,-0.7051955,0.2608676016792142,0.2608676016792142
4750,-0.8132963371886008,-0.56671363,-0.24658270603549415,0.24658270603549415
4751,-0.8601524277144952,-0.80405486,-0.05609757141414118,0.05609757141414118
4752,-0.8139290246698878,-0.81223994,-0.0016890797350428421,0.0016890797350428421
4753,-0.9091298821482338,-0.6710274,-0.2381024601969398,0.2381024601969398
4754,0.03331394659459437,-0.71328413,0.7465980814594015,0.7465980814594015
4755,-0.8828547432194955,0.032568626,-0.9154233693252809,0.9154233693252809
4756,-0.8338028549644291,-0.6785597,-0.15524313444822424,0.15524313444822424
4757,-0.6668850106366803,-0.5368875,-0.12999748412453427,0.12999748412453427
4758,-0.7781263566111822,-0.30269268,-0.4754336750602026,0.4754336750602026
4759,-0.4930076040147756,-0.52634794,0.033340331184961935,0.033340331184961935
4760,0.5117001162688161,-0.21056327,0.7222633885065938,0.7222633885065938
4761,1.653961538366311,0.3801088,1.2738527348556452,1.2738527348556452
4762,1.1442759468237205,0.9550516,0.18922434589064552,0.18922434589064552
4763,0.4612339854085199,0.7751289,-0.31389491559627136,0.31389491559627136
4764,0.3688243962299691,0.35827854,0.010545853472934796,0.010545853472934796
4765,-0.7981490545483793,0.11406655,-0.9122156031938756,0.9122156031938756
4766,0.384902101636789,-0.72807074,1.1129728375681855,1.1129728375681855
4767,0.020288027862217037,0.14176935,-0.12148132171282569,0.12148132171282569
4768,0.7324708303272789,0.26732692,0.46514390910268477,0.46514390910268477
4769,1.2392162859274192,0.47687736,0.7623389243913932,0.7623389243913932
4770,2.3954340495238897,1.0121907,1.3832433499465582,1.3832433499465582
4771,1.369884859268495,1.2841413,0.08574355715973025,0.08574355715973025
4772,-0.1558223933995237,-0.0950399,-0.060782496732520064,0.060782496732520064
4773,-0.601011078761515,-0.61026996,0.00925888497978744,0.00925888497978744
4774,-0.6763753228559836,-0.5971047,-0.07927059463409025,0.07927059463409025
4775,-0.835031013016339,-0.71989566,-0.11513535213911119,0.11513535213911119
4776,-0.8950618899172662,-0.754183,-0.14087889555157407,0.14087889555157407
4777,-0.8975926398424138,-0.7360347,-0.16155794850864302,0.16155794850864302
4778,-0.8957690112198811,-0.5434709,-0.3522980920876484,0.3522980920876484
4779,-0.8399064283133144,0.3135746,-1.15348104045397,1.15348104045397
4780,-0.22158467454269706,0.24399364,-0.4655783144886809,0.4655783144886809
4781,0.3567289002641903,0.38498363,-0.028254728724075695,0.028254728724075695
4782,-0.04592085620892337,0.25519022,-0.30111107966435247,0.30111107966435247
4783,-0.23420120725777102,-0.31492195,0.08072073807570981,0.08072073807570981
4784,0.4696822241292332,-0.54664767,1.0163298920140598,1.0163298920140598
4785,0.7291957421888527,0.18367022,0.5455255194296059,0.5455255194296059
4786,1.260764877201837,0.48565248,0.7751124006526884,0.7751124006526884
4787,1.4828381831335375,0.71345246,0.7693857247518847,0.7693857247518847
4788,0.8350034192064199,0.7985964,0.03640703706530657,0.03640703706530657
4789,0.6749707033514991,0.6515402,0.023430483567716154,0.023430483567716154
4790,-0.8111749732807565,0.24088451,-1.052059485943644,1.052059485943644
4791,-0.8460844354835277,-0.83027834,-0.015806098481727204,0.015806098481727204
4792,0.07801145630198043,-0.6776173,0.7556287677796416,0.7556287677796416
4793,-0.24495689443964833,0.70883685,-0.9537937479438292,0.9537937479438292
4794,1.2875610528798702,0.34109807,0.9464629827352169,0.9464629827352169
4795,0.08344512525891486,0.83077145,-0.7473263209691124,0.7473263209691124
4796,-0.5793880536657688,-0.3864614,-0.1929266467195866,0.1929266467195866
4797,-0.7673334525186409,-0.60175115,-0.16558230381792682,0.16558230381792682
4798,-0.80685781164374,-0.7867277,-0.020130085184236868,0.020130085184236868
4799,-0.8590359203945771,-0.7005402,-0.1584957354199067,0.1584957354199067
4800,-0.8859437468046022,-0.7447061,-0.14123765253961806,0.14123765253961806
4801,-0.05983998079723529,-0.7533292,0.6934892366366942,0.6934892366366942
4802,-0.8488012699619949,-0.28800726,-0.5607940105930984,0.5607940105930984
4803,-0.9427739693884309,0.22383347,-1.1666074409250673,1.1666074409250673
4804,-0.5580627638553342,-0.21227062,-0.34579214637028777,0.34579214637028777
4805,0.4954363263086762,-0.06895698,0.5643933049277748,0.5643933049277748
4806,0.43916435738480636,0.30029446,0.13886989851868697,0.13886989851868697
4807,0.08664577957601342,0.22368693,-0.13704115394144262,0.13704115394144262
4808,0.548917026932751,0.48562148,0.06329554479888566,0.06329554479888566
4809,0.22267358805269602,0.65479183,-0.43211824391751885,0.43211824391751885
4810,-0.039593981396054606,0.08834648,-0.1279404627192968,0.1279404627192968
4811,-0.2446219422436728,0.08416485,-0.3287867926574721,0.3287867926574721
4812,-0.5314526727306205,-0.15175432,-0.3796983530628043,0.3796983530628043
4813,-0.3738018391581915,-0.40573722,0.03193538208280583,0.03193538208280583
4814,0.4049620164846501,-0.35910457,0.7640665902113042,0.7640665902113042
4815,0.7811877663863698,-0.06670516,0.8478929262293378,0.8478929262293378
4816,0.3238663681479355,0.57482344,-0.2509570709733108,0.2509570709733108
4817,0.8154273241971902,0.23881692,0.5766104072545938,0.5766104072545938
4818,0.056425648116897986,0.39343992,-0.337014270639587,0.337014270639587
4819,-0.44775184064743045,-0.3934122,-0.054339638050766026,0.054339638050766026
4820,-0.5881340276717937,-0.6022809,0.014146887111684103,0.014146887111684103
4821,-0.794873966409953,-0.6366253,-0.15824867649296082,0.15824867649296082
4822,-0.8930893936520777,-0.78218704,-0.11090234903156382,0.11090234903156382
4823,-0.836110303425593,-0.79863024,-0.0374800658462473,0.0374800658462473
4824,-0.8785747984931429,-0.76762664,-0.11094815531229574,0.11094815531229574
4825,-0.31916741430353474,-0.8182497,0.49908228815007855,0.49908228815007855
4826,-0.8691961370058313,-0.48334083,-0.38585530739500673,0.38585530739500673
4827,-0.7007523993408611,-0.099260874,-0.6014915252482822,0.6014915252482822
4828,-0.11722845704102307,0.32246253,-0.4396909859850386,0.4396909859850386
4829,0.4109167221908795,0.1459606,0.26495612300684324,0.26495612300684324
4830,-0.2754003273627471,0.26185885,-0.5372591780802917,0.5372591780802917
4831,0.9165456704711019,-0.50460577,1.421151440582186,1.421151440582186
4832,1.1485558915500729,0.93258965,0.2159662413959591,0.2159662413959591
4833,0.6539431488263756,0.78795695,-0.13401380422233045,0.13401380422233045
4834,0.6076825288711044,0.7369543,-0.12927174292226107,0.12927174292226107
4835,0.697375283571188,0.5303574,0.16701786312669953,0.16701786312669953
4836,0.3798406017864939,0.51637846,-0.1365378605281118,0.1365378605281118
4837,0.3351058751684439,0.19639754,0.1387083322149527,0.1387083322149527
4838,0.44281161462987206,0.046233043,0.3965785715552642,0.3965785715552642
4839,-0.6138509129405727,0.10393646,-0.7177873765350093,0.7177873765350093
4840,-0.6024625382774086,-0.63342494,0.03096239944765855,0.03096239944765855
4841,0.862395065455076,-0.41052634,1.2729214006944864,1.2729214006944864
4842,1.6165585431490568,1.1374022,0.47915636629206215,0.47915636629206215
4843,0.1017186283949072,0.6709083,-0.5691896438714807,0.5691896438714807
4844,-0.8053691352171827,-0.6617822,-0.1435869301123548,0.1435869301123548
4845,-0.8440375053970113,-0.7081932,-0.1358443224517598,0.1358443224517598
4846,-0.8748158905160855,-0.82481205,-0.05000383588199131,0.05000383588199131
4847,-0.8289274396674535,-0.80433196,-0.02459548137353873,0.02459548137353873
4848,-0.9314228116359308,-0.7189043,-0.21251849521060728,0.21251849521060728
4849,-0.8364824725322324,-0.662384,-0.17409849893375218,0.17409849893375218
4850,-0.8799146072770447,-0.53904307,-0.3408715383912415,0.3408715383912415
4851,-0.05712314631876783,0.21203211,-0.26915525581774546,0.26915525581774546
4852,-0.35124839129584684,0.65700203,-1.008250423098978,1.008250423098978
4853,0.5704284012965053,0.021559313,0.5488690883568614,0.5488690883568614
4854,0.6081663487097355,0.43460807,0.1735582766672703,0.1735582766672703
4855,0.6889642617611386,0.3608343,0.3281299612431027,0.3281299612431027
4856,0.6313897009640312,0.46543193,0.1659577723293877,0.1659577723293877
4857,0.4798052238298237,0.49830174,-0.018496520631235858,0.018496520631235858
4858,0.3025410783375006,0.2441132,0.05842787147409728,0.05842787147409728
4859,0.353379378304436,0.023443967,0.32993541120047787,0.32993541120047787
4860,-0.22485976268112323,-0.05942232,-0.16543744106351993,0.16543744106351993
4861,-0.8373384614775029,-0.50375646,-0.33358199794982346,0.33358199794982346
4862,-0.6641309592475491,-0.7695718,0.10544082191089821,0.10544082191089821
4863,-0.40513847793722485,-0.38113207,-0.024006411687377438,0.024006411687377438
4864,-0.45571625952951267,-0.052205987,-0.4035102722548659,0.4035102722548659
4865,1.4709659886317423,-0.12674466,1.5977106463866404,1.5977106463866404
4866,0.558035170045415,1.0312804,-0.4732452283234204,0.4732452283234204
4867,-0.1927043518674834,-0.06547671,-0.1272276437533362,0.1272276437533362
4868,-0.549502874402629,-0.5478663,-0.0016365895553694942,0.0016365895553694942
4869,-0.7802849374296904,-0.65690535,-0.12337958436038499,0.12337958436038499
4870,-0.8307138513793225,-0.8452394,0.01452554948432494,0.01452554948432494
4871,-0.8301928146300274,-0.79975635,-0.030436466496940207,0.030436466496940207
4872,-0.7086796013122795,-0.72855264,0.019873038172126045,0.019873038172126045
4873,-0.44112723054924996,-0.54498714,0.10385991153677909,0.10385991153677909
4874,-0.14893726492669573,-0.26707554,0.11813827370855817,0.11813827370855817
4875,-0.17446806564215522,0.42307007,-0.5975381387699018,0.5975381387699018
4876,0.0585470120247423,0.60587364,-0.5473266323272169,0.5473266323272169
4877,0.46421133826163463,0.38947275,0.0747385854521101,0.0747385854521101
4878,0.4177646337530438,0.3390253,0.07873934493277707,0.07873934493277707
4879,0.30693267379584493,0.19653425,0.11039842758956137,0.11039842758956137
4880,0.35751045538813286,0.15936534,0.19814511432081872,0.19814511432081872
4881,0.6201501939435228,0.106345505,0.5138046894211992,0.5138046894211992
4882,-0.39933263987365103,0.43041047,-0.8297431144124541,0.8297431144124541
4883,-0.8192882598054945,-0.6005904,-0.2186978519571363,0.2186978519571363
4884,-0.7578803572100015,-0.71504605,-0.04283430904563379,0.04283430904563379
4885,-0.8707592472537167,-0.6469844,-0.22377484888869592,0.22377484888869592
4886,-0.8318675756099044,-0.72056717,-0.1113004088046371,0.1113004088046371
4887,-0.808569789534281,-0.60915715,-0.1994126445109351,0.1994126445109351
4888,-0.6230434898745647,-0.6470558,0.024012314854896966,0.024012314854896966
4889,1.3586081353373227,-0.22199008,1.5805982140249906,1.5805982140249906
4890,0.7987541482197469,0.9930994,-0.19434524324067182,0.19434524324067182
4891,0.6565111156621873,0.41084445,0.24566667043361068,0.24566667043361068
4892,-0.14097284604461363,-0.4053972,0.26442436050026247,0.26442436050026247
4893,-0.6926391128161233,-0.530087,-0.16255211864498076,0.16255211864498076
4894,-0.8438142039330276,-0.79428625,-0.049527952864912406,0.049527952864912406
4895,-0.9085716284882746,-0.83417374,-0.07439788953182314,0.07439788953182314
4896,-0.8655860966714295,-0.80266535,-0.0629207438500794,0.0629207438500794
4897,-0.029098812588824827,-0.7723929,0.7432941160114864,0.7432941160114864
4898,-0.8553886631495115,-0.46185872,-0.3935299435621854,0.3935299435621854
4899,-0.4659136930514307,-0.31134567,-0.1545680264044733,0.1545680264044733
4900,0.9691331652392418,-0.07024766,1.0393808228363066,1.0393808228363066
4901,0.39856070785045344,0.6839132,-0.2853524634408979,0.2853524634408979
4902,-0.3461496745348877,0.23339728,-0.5795469497443146,0.5795469497443146
4903,-0.20840988816766387,-0.5641792,0.35576929388494843,0.35576929388494843
4904,0.6154236462892031,0.31957144,0.29585221083769553,0.29585221083769553
4905,0.2640960096216559,0.8418634,-0.5777673841619134,0.5777673841619134
4906,0.09617330870598075,0.2746065,-0.17843318738967662,0.17843318738967662
4907,1.1819022435049584,0.21529496,0.9666072863440087,0.9666072863440087
4908,0.7364902566789837,1.2227753,-0.4862850834012775,0.4862850834012775
4909,-0.355677203664855,0.25925592,-0.6149331195450582,0.6149331195450582
4910,-0.5859382299426215,-0.32976094,-0.2561772910597937,0.2561772910597937
4911,0.5818912097809973,-0.34023583,0.9221270391343298,0.9221270391343298
4912,0.5886274706111698,0.60943764,-0.020810173870489113,0.020810173870489113
4913,1.328425220788871,0.2623666,1.0660586279048072,1.0660586279048072
4914,1.5965358452118594,1.1488364,0.4476994709290225,0.4476994709290225
4915,1.2106709154481803,1.1007713,0.10989960750292882,0.10989960750292882
4916,-0.14238708864984326,0.25896892,-0.401356008165453,0.401356008165453
4917,-0.5927861415047856,-0.6768951,0.08410894049213213,0.08410894049213213
4918,-0.6765986243199673,-0.7611004,0.08450178709513279,0.08450178709513279
4919,-0.6093104498395727,-0.7762899,0.1669794304361536,0.1669794304361536
4920,-0.8275876308835519,-0.6762461,-0.15134152425894865,0.15134152425894865
4921,-0.8719874053056265,-0.7582042,-0.1137831835801626,0.1137831835801626
4922,-0.8382688842441013,-0.7345438,-0.10372508389009738,0.10372508389009738
4923,-0.9149729371224714,-0.49812207,-0.41685087086308725,0.41685087086308725
4924,-0.8698288244871182,-0.43826374,-0.4315650803712887,0.4315650803712887
4925,0.2909294022103529,-0.5341753,0.8251046789666395,0.8251046789666395
4926,-0.7336149314571159,0.4565748,-1.190189729087426,1.190189729087426
4927,0.18642431706602328,-0.61229724,0.7987215539854263,0.7987215539854263
4928,0.5845708273488008,0.3403403,0.24423054085549945,0.24423054085549945
4929,-0.11815887980762146,0.35308927,-0.4712481527835431,0.4712481527835431
4930,-0.3239311788685185,-0.04779052,-0.2761406589753491,0.2761406589753491
4931,0.16126568545720296,-0.014798902,0.17606458743235784,0.17606458743235784
4932,1.2647843035535424,0.39345604,0.8713282617406457,0.8713282617406457
4933,-0.08976237697103902,0.5080187,-0.5977810494373171,0.5977810494373171
4934,-0.546078918621547,0.12471084,-0.6707897615885804,0.6707897615885804
4935,-0.26140676895310755,-0.16792762,-0.09347914615800257,0.09347914615800257
4936,0.32807187905296,-0.19588304,0.52395491471275,0.52395491471275
4937,0.00819253189643823,0.5371924,-0.5289998723737339,0.5289998723737339
4938,1.1499701341553028,0.6183004,0.5316697558327015,0.5316697558327015
4939,0.4970738703778894,0.5383279,-0.041254002375253895,0.041254002375253895
4940,-0.7594806843685507,-0.23165733,-0.5278233581470846,0.5278233581470846
4941,-0.8123286975113386,-0.7577214,-0.05460727340855542,0.05460727340855542
4942,-0.8430698657197488,-0.86881,0.025740132315682063,0.025740132315682063
4943,-0.8334306858577897,-0.75882953,-0.07460115180398719,0.07460115180398719
4944,-0.9005699926955286,-0.8259334,-0.07463659587927496,0.07463659587927496
4945,-0.8240148074598141,-0.8520028,0.027987992051141664,0.027987992051141664
4946,-0.966816093677333,-0.5448264,-0.4219897053182632,0.4219897053182632
4947,0.5056709767412585,-0.038255863,0.5439268396329325,0.5439268396329325
4948,0.8626183669190597,0.88691556,-0.024297197617988653,0.024297197617988653
4949,0.5511128246619231,0.5341089,0.017003947479916293,0.017003947479916293
4950,0.3849393185474532,0.454446,-0.06950666939238137,0.06950666939238137
4951,-0.6036534794186545,0.2563291,-0.859982568821807,0.859982568821807
4952,-0.8635391665849133,-0.7068834,-0.156655795708601,0.156655795708601
4953,0.170532696212523,-0.82481086,0.9953435587537217,0.9953435587537217
4954,0.2822578620256562,0.051249657,0.23100820519939852,0.23100820519939852
4955,-0.8078998851423304,0.004430026,-0.8123299109582941,0.8123299109582941
4956,-0.1461087797162366,-0.5920138,0.44590499658610105,0.44590499658610105
4957,0.35527744074829676,-0.07039549,0.4256729327655659,0.4256729327655659
4958,1.5727542392976053,0.084882885,1.4878713540799386,1.4878713540799386
4959,-0.22143580690004122,0.84232527,-1.0637610770759751,1.0637610770759751
4960,0.20734022085915474,-0.46111634,0.6684565645958033,0.6684565645958033
4961,0.11146945898885786,0.2558292,-0.14435972625856341,0.14435972625856341
4962,0.7024367834214831,-0.040936686,0.7433734695200587,0.7433734695200587
4963,0.16130290236786715,0.5443335,-0.38303061518355497,0.38303061518355497
4964,-0.7491343832039769,-0.37059915,-0.37853523254632304,0.37853523254632304
4965,-0.47670659714397207,-0.62838244,0.1516758472377418,0.1516758472377418
4966,-0.4892486960377182,-0.7275482,0.23829948597293243,0.23829948597293243
4967,-0.9119955842693567,-0.68998694,-0.22200864007074828,0.22200864007074828
4968,-0.8639113356915525,-0.82955813,-0.03435320161257305,0.03435320161257305
4969,-0.8753741441760446,-0.8378827,-0.03749144659379977,0.03749144659379977
4970,-0.8509598507805032,-0.6645119,-0.18644793175889673,0.18644793175889673
4971,-0.5038005081073167,0.11402257,-0.6178230759755494,0.6178230759755494
4972,0.8520115473798383,0.67735225,0.17465929775749334,0.17465929775749334
4973,0.38129206130238724,0.5351001,-0.15380804112223434,0.15380804112223434
4974,0.38296682228226436,0.35464707,0.02831975211281551,0.02831975211281551
4975,-0.5292196580907844,0.17827147,-0.7074911305448555,0.7074911305448555
4976,0.006741072380544675,-0.599281,0.606022085392477,0.606022085392477
4977,-0.672765282521582,0.6919004,-1.36466565502677,1.36466565502677
4978,-0.7287022992494765,-0.49728206,-0.23142024124891192,0.23142024124891192
4979,-0.8405391157946013,-0.7097229,-0.1308162392458342,0.1308162392458342
4980,-0.8403902481519455,-0.66673505,-0.17365519508950655,0.17365519508950655
4981,-0.17029977164779433,-0.6315603,0.4612605539747643,0.4612605539747643
4982,-0.8435536855583801,-0.24461403,-0.5989396506672515,0.5989396506672515
4983,-0.01983180183350502,-0.59455186,0.5747200594526584,0.5747200594526584
4984,1.8666933997213644,-0.15367648,2.0203698797762195,2.0203698797762195
4985,1.1855122838393606,1.0277652,0.15774712900079857,0.15774712900079857
4986,1.2955999055832808,0.64001197,0.6555879393547956,0.6555879393547956
4987,1.4645646799975458,0.4035968,1.0609678913527552,1.0609678913527552
4988,0.01686407208113514,-0.031824224,0.04868829577832066,0.04868829577832066
4989,-0.8073044145717073,-0.67758626,-0.12971815711397416,0.12971815711397416
4990,-0.8253918331543798,-0.77769995,-0.04769188579720207,0.04769188579720207
4991,-0.7046601749605744,-0.737174,0.03251379955343314,0.03251379955343314
4992,-0.8794680043490776,-0.622925,-0.25654302084764324,0.25654302084764324
4993,-0.8295973440594044,-0.7391789,-0.09041844810908706,0.09041844810908706
4994,-0.8559096998988065,-0.58437276,-0.27153694103345005,0.27153694103345005
4995,-0.3356172888169941,0.24389401,-0.579511299599236,0.579511299599236
4996,0.9256638135837657,0.91069657,0.014967247478876788,0.014967247478876788
4997,0.5913815220003009,0.5817152,0.00966629582690004,0.00966629582690004
4998,0.3994911306170517,0.40941086,-0.009919733497709637,0.009919733497709637
4999,-0.69799834795173,0.28600764,-0.9840059906977017,0.9840059906977017
5000,-0.8394226084746833,-0.7017417,-0.13768091307063057,0.13768091307063057
5001,-0.46475996882084886,-0.8164741,0.35171411126490554,0.35171411126490554
5002,-0.7055161639058448,-0.29246354,-0.41305262287496103,0.41305262287496103
5003,-0.6568736616680817,-0.59417176,-0.06270189920165103,0.06270189920165103
5004,-0.7054417300845169,-0.39473662,-0.31070511228094333,0.31070511228094333
5005,-0.5876129909224984,-0.50737375,-0.08023924071269006,0.08023924071269006
5006,-0.17822697361921264,-0.24188381,0.06365684071565675,0.06365684071565675
5007,0.6085013009057112,0.54112124,0.0673800564751692,0.0673800564751692
5008,-0.4069621065597576,0.4291019,-0.8360640207271618,0.8360640207271618
5009,0.8529791870571009,-0.25783238,1.1108115652061334,1.1108115652061334
5010,1.9109815234114473,1.0411155,0.8698660010268038,0.8698660010268038
5011,0.3805105061784447,0.9684777,-0.5879672198042214,0.5879672198042214
5012,-0.10863135067765414,-0.5654702,0.4568388679807931,0.4568388679807931
5013,-0.20550696913587702,-0.63892186,0.433414887744311,0.433414887744311
5014,-0.6883963850004348,-0.4236301,-0.264766296432701,0.264766296432701
5015,-0.8497689096392571,-0.69409966,-0.15566924495114676,0.15566924495114676
5016,-0.9001606066782254,-0.76782346,-0.1323371489603299,0.1323371489603299
5017,-0.9372286496995046,-0.7752153,-0.16201332195978901,0.16201332195978901
5018,-0.39535043043260976,-0.7262379,0.33088746267194347,0.33088746267194347
5019,-0.23531771457768907,0.28864574,-0.5239634589014195,0.5239634589014195
5020,0.9105909647648719,0.54310495,0.3674860181515601,0.3674860181515601
5021,0.35858974579738684,0.60504663,-0.24645688410831385,0.24645688410831385
5022,-0.10580286546719501,0.27751714,-0.38332000537884664,0.38332000537884664
5023,-0.7394207695206898,-0.37188372,-0.36753704936115916,0.36753704936115916
5024,-0.2729440112589274,-0.67275655,0.3998125414373006,0.3998125414373006
5025,-0.29538580838928025,-0.47481033,0.17942452367057998,0.17942452367057998
5026,-0.14629486426955637,-0.038874187,-0.10742067769414362,0.10742067769414362
5027,-0.7458965119762144,0.007919028,-0.7538155403775892,0.7538155403775892
5028,-0.3481221708000763,-0.5734721,0.2253499118148224,0.2253499118148224
5029,-0.8805472947583315,-0.164273,-0.7162743009553072,0.7162743009553072
5030,-0.4159685989404299,-0.7271217,0.3111531118368528,0.3111531118368528
5031,-0.691150436389566,0.059944846,-0.7510952821255927,0.7510952821255927
5032,0.5058198443839141,-0.09021505,0.5960348940679618,0.5960348940679618
5033,1.7399698189106654,0.41819775,1.3217720678654383,1.3217720678654383
5034,0.2301541870961469,1.1158651,-0.8857109242548663,0.8857109242548663
5035,-0.29307835992811626,0.35805425,-0.6511326104068608,0.6511326104068608
5036,-0.730042108033378,-0.6425329,-0.08750922295876251,0.08750922295876251
5037,-0.8534906007056507,-0.7060734,-0.14741719734719128,0.14741719734719128
5038,-0.31570624161178895,-0.87177294,0.5560667033154266,0.5560667033154266
5039,-0.7256505125750337,-0.6819342,-0.04371633469951486,0.04371633469951486
5040,-0.8405763327052652,-0.84001315,-0.0005631863048135566,0.0005631863048135566
5041,-0.9040311653872745,-0.8108319,-0.09319926097595854,0.09319926097595854
5042,-0.9242027309671275,-0.6989259,-0.22527681858690896,0.22527681858690896
5043,-0.1991428774123442,0.050435945,-0.24957882280399918,0.24957882280399918
5044,0.6799205524698024,0.76571566,-0.08579510619490094,0.08579510619490094
5045,-0.8588126189305934,0.45311916,-1.3119317776754054,1.3119317776754054
5046,-0.8731411295362084,-0.760152,-0.11298914722877429,0.11298914722877429
5047,-0.8252057486010601,-0.7695321,-0.05567366413603325,0.05567366413603325
5048,-0.6912248702108938,-0.69928056,0.008055689805738231,0.008055689805738231
5049,-0.9563953586914313,-0.5714669,-0.38492843593142156,0.38492843593142156
5050,-0.7980374038163875,-0.812558,0.014520591502978908,0.014520591502978908
5051,-0.7391230342353782,-0.60610354,-0.13301949476852026,0.13301949476852026
5052,-0.8495828250859375,-0.59144855,-0.2581342796300049,0.2581342796300049
5053,-0.2081493697930165,-0.68187535,0.47372597829810903,0.47372597829810903
5054,-0.0002557068242750941,-0.42690274,0.42664703436949625,0.42664703436949625
5055,1.1826837986289014,0.35091344,0.831770363408183,0.831770363408183
5056,0.7952557586173374,0.72717196,0.06808380112450907,0.06808380112450907
5057,1.4408202909939554,0.47220793,0.9686123573296335,0.9686123573296335
5058,1.1025185730587856,0.8752892,0.22722937132233545,0.22722937132233545
5059,1.4103396411601927,0.04930599,1.3610336508218672,1.3610336508218672
5060,0.483415264164225,0.44804737,0.03536789444567334,0.03536789444567334
5061,-0.05905842567329249,0.16342053,-0.22247895384673916,0.22247895384673916
5062,-0.7011990022688283,0.037523326,-0.738722327801503,0.738722327801503
5063,-0.8307138513793225,-0.7923772,-0.03833667747871827,0.03833667747871827
5064,-0.9099114372721763,-0.8529479,-0.05696354651366187,0.05696354651366187
5065,-0.8331701674831422,-0.8489148,0.015744634591290163,0.015744634591290163
5066,-0.8780909786545118,-0.77989554,-0.09819543460238778,0.09819543460238778
5067,-0.4134006321046184,-0.6537885,0.24038787488009228,0.24038787488009228
5068,0.6278913113616211,0.44048238,0.18740893335563968,0.18740893335563968
5069,0.3640606316649854,0.6003826,-0.23632199439168572,0.23632199439168572
5070,-0.21875618933223795,0.29123598,-0.5099921727039726,0.5099921727039726
5071,0.28277889877495127,-0.344211,0.6269899108999666,0.6269899108999666
5072,-0.7384159129327635,0.050784346,-0.7892002586490016,0.7892002586490016
5073,-0.034606915367087106,-0.6136169,0.5790099683876431,0.5790099683876431
5074,0.7066050774158439,0.33208868,0.3745163983406028,0.3745163983406028
5075,0.8059742288885505,0.61703575,0.18893848231414867,0.18893848231414867
5076,-0.13505535724904785,0.5891065,-0.724161857397821,0.724161857397821
5077,-0.7033575830873365,-0.11898743,-0.5843701494749899,0.5843701494749899
5078,0.14727212704756368,-0.56753844,0.7148105672750722,0.7148105672750722
5079,-0.398811603124356,0.15582478,-0.5546363835885284,0.5546363835885284
5080,-0.7896635989170022,-0.06305339,-0.7266102070431657,0.7266102070431657
5081,-0.01867807760292316,-0.3858159,0.3671378110403416,0.3671378110403416
5082,0.8523092826651495,0.69383687,0.15847241485585384,0.15847241485585384
5083,0.9616525661957909,0.98771685,-0.026064287422830956,0.026064287422830956
5084,0.9624713382303974,0.5495187,0.41295263381602976,0.41295263381602976
5085,0.9236541004079132,-0.017233819,0.9408879191773681,0.9408879191773681
5086,0.7520841422471725,0.7861244,-0.03404026599791421,0.03404026599791421
5087,1.3231404194745922,0.4596156,0.8635248312864208,0.8635248312864208
5088,1.280564273675051,0.6600329,0.6205313456850914,0.6205313456850914
5089,0.37939399885852676,0.2675733,0.11182070183475357,0.11182070183475357
5090,-0.8811799822396184,-0.23453525,-0.6466447351521397,0.6466447351521397
5091,-0.9148985033011435,-0.75817835,-0.15672014999151218,0.15672014999151218
5092,-0.8294856933274125,-0.82611066,-0.003375032297596836,0.003375032297596836
5093,-0.8108400210847811,-0.70553094,-0.1053090795984225,0.1053090795984225
5094,-0.7307864462466568,-0.59553117,-0.1352552806468338,0.1352552806468338
5095,-0.9235328265751765,-0.41710356,-0.5064292677964137,0.5064292677964137
5096,-0.29970297002629676,-0.7486375,0.4489345273987826,0.4489345273987826
5097,0.07190788295309501,-0.29499507,0.3669029524568792,0.3669029524568792
5098,1.1394005315267448,0.22157207,0.9178284602128868,0.9178284602128868
5099,0.6187359513382932,0.66150546,-0.042769509400842565,0.042769509400842565
5100,0.5132632265167013,0.79562443,-0.2823612084312662,0.2823612084312662
5101,-0.08086753532235852,0.43857107,-0.5194386009866498,0.5194386009866498
5102,-0.6770824441585985,-0.105485104,-0.5715973401341883,0.5715973401341883
5103,-0.7412071812325586,-0.4670917,-0.2741154718571771,0.2741154718571771
5104,-0.8723967913229297,-0.45312753,-0.41926925812552673,0.41926925812552673
5105,0.34429845210243587,-0.5994967,0.9437951743238104,0.9437951743238104
5106,0.5077923406491025,0.9229394,-0.4151470790972964,0.4151470790972964
5107,0.5006466938016271,0.3645597,0.13608698377583972,0.13608698377583972
5108,0.22382731228327815,0.1371371,0.08669021218276088,0.08669021218276088
5109,-0.35381635813165835,-0.4249976,0.0711812398011572,0.0711812398011572
5110,-0.8400925128666341,-0.71172625,-0.12836626460232137,0.12836626460232137
5111,-0.13475762196373642,-0.7823187,0.6475610893170863,0.6475610893170863
5112,-0.8690472693631757,-0.6899562,-0.17909108116127137,0.17909108116127137
5113,-0.9767530088246038,-0.95208436,-0.024668646317737353,0.024668646317737353
5114,-0.9220441501486192,-0.65192693,-0.2701172154295335,0.2701172154295335
5115,-0.5245303273471286,-0.31325087,-0.21127945783457058,0.21127945783457058
5116,0.9150197771338802,0.48430836,0.43071141512673905,0.43071141512673905
5117,0.39137784409231374,0.5057756,-0.11439772677713206,0.11439772677713206
5118,-0.556909039624752,0.3855666,-0.9424756318412437,0.9424756318412437
5119,-0.8142267599551993,-0.7221355,-0.09209127573660192,0.09209127573660192
5120,-0.83901322245738,-0.75593543,-0.08307779193064657,0.08307779193064657
5121,-0.9168337826556682,-0.7594092,-0.157424593431425,0.157424593431425
5122,0.2320894664506718,-0.73453087,0.9666203325967595,0.9666203325967595
5123,-0.8251685316903961,0.09887199,-0.9240405227287185,0.9240405227287185
5124,-0.9459374067948655,-0.70633805,-0.23959935881360328,0.23959935881360328
5125,-0.8272898955982404,-0.7850567,-0.0422331853550153,0.0422331853550153
5126,-0.8297089947913961,-0.66902804,-0.1606809510444479,0.1606809510444479
5127,-0.4228909443239218,-0.5389971,0.11610616938075957,0.11610616938075957
5128,0.15497602755499815,0.04775673,0.1072192960448358,0.1072192960448358
5129,0.45784724653810166,0.76827353,-0.3104262858524928,0.3104262858524928
5130,0.7883334132338455,0.98600405,-0.19767064131251066,0.19767064131251066
5131,0.3720250505470677,0.32941505,0.042609997417871526,0.042609997417871526
5132,-0.8658093981354132,-0.50750583,-0.35830356403278263,0.35830356403278263
5133,-0.8398319944919865,-0.77415913,-0.06567286105769088,0.06567286105769088
5134,-0.8409857187225686,-0.8666397,0.02565395498730083,0.02565395498730083
5135,-0.8360730865149291,-0.77466035,-0.06141273762271715,0.06141273762271715
5136,-0.9041428161192664,-0.78872126,-0.1154215527106055,0.1154215527106055
5137,-0.9293386646387505,-0.9178253,-0.011513383018724843,0.011513383018724843
5138,-0.9251703706443898,-0.64972323,-0.27544713885193983,0.27544713885193983
5139,-0.5139607247185709,-0.008549795,-0.5054109301638605,0.5054109301638605
5140,0.7372345948922625,0.36364418,0.37359041221022515,0.37359041221022515
5141,0.39241991759090405,0.5375881,-0.14516820191593188,0.14516820191593188
5142,1.2330754956678693,0.29126838,0.9418071171716993,0.9418071171716993
5143,-0.13237573968124458,0.96060544,-1.092981182205201,1.092981182205201
5144,0.7825275751702715,-0.14936629,0.931893864547484,0.931893864547484
5145,-0.5831097447321624,0.64652324,-1.229632981960556,1.229632981960556
5146,-0.6474205663594422,-0.21582681,-0.4315937569531617,0.4315937569531617
5147,-0.1606233748751713,-0.3448317,0.18420833021821248,0.18420833021821248
5148,-0.8486151854086753,-0.38796648,-0.46064870157726967,0.46064870157726967
5149,-0.7838577608534282,-0.67162734,-0.11223041815246992,0.11223041815246992
5150,-0.6295564492407534,-0.5034195,-0.12613693076998922,0.12613693076998922
5151,0.5690513756019399,-0.3316053,0.9006566610080525,0.9006566610080525
5152,0.9995021643410129,0.33738276,0.6621194007168216,0.6621194007168216
5153,1.1225412709959823,0.7506578,0.3718834741362411,0.3718834741362411
5154,1.1737145231588932,0.6101053,0.5636092470511052,0.5636092470511052
5155,0.2632772375870492,0.3253255,-0.06204825145714027,0.06204825145714027
5156,-0.2573873426014026,-0.70616937,0.44878202423514524,0.44878202423514524
5157,-0.7768981985592723,-0.67422634,-0.10267185492752795,0.10267185492752795
5158,-0.7599645042071819,-0.7002895,-0.05967501636843675,0.05967501636843675
5159,-0.790817323147584,-0.76852703,-0.0222902922027598,0.0222902922027598
5160,-0.8240148074598141,-0.7380794,-0.08593537878702362,0.08593537878702362
5161,-0.9486914581839967,-0.77621776,-0.1724736995284486,0.1724736995284486
5162,-0.8753741441760446,-0.57104915,-0.3043249903712656,0.3043249903712656
5163,-0.30900719769228047,0.14171608,-0.4507232756160552,0.4507232756160552
5164,1.0376494977715467,0.71610785,0.3215416524651502,0.3215416524651502
5165,0.4648440257429217,0.61111456,-0.14627053581484806,0.14627053581484806
5166,0.021441752092799148,0.39856577,-0.3771240171027575,0.3771240171027575
5167,-0.8691589200951674,-0.23782551,-0.63133340720912,0.63133340720912
5168,-0.9602659174004805,-0.80142105,-0.15884487114346146,0.15884487114346146
5169,-0.7996005140642727,-0.8641581,0.06455757986501809,0.06455757986501809
5170,-0.9102463894681517,-0.71656394,-0.19368244941993396,0.19368244941993396
5171,-0.8314581895926011,-0.7828815,-0.0485766912558091,0.0485766912558091
5172,-0.8152316165431255,-0.6135589,-0.2016727281077617,0.2016727281077617
5173,-0.7658075591814196,-0.53428996,-0.23151760308858516,0.23151760308858516
5174,-0.8112866240127483,-0.43775496,-0.3735316651447216,0.3735316651447216
5175,-0.11834496436094112,-0.49772575,0.3793807906153315,0.3793807906153315
5176,-0.9836381372974318,-0.05517695,-0.928461186306278,0.928461186306278
5177,-0.3726108980169456,-0.6850143,0.3124034094819863,0.3124034094819863
5178,0.5556160708522593,0.14959374,0.40602233015058387,0.40602233015058387
5179,0.6914950116862861,0.88690156,-0.19540654575924,0.19540654575924
5180,-0.08075588459036673,0.47768372,-0.5584396075632366,0.5584396075632366
5181,-0.7485761295440176,-0.39263955,-0.3559365819575766,0.3559365819575766
5182,-0.8651767106541263,-0.826152,-0.039024684000836474,0.039024684000836474
5183,-0.9201833046154225,-0.8199829,-0.10020041830103044,0.10020041830103044
5184,-0.11782392761164608,-0.80003834,0.6822144100958735,0.6822144100958735
5185,-0.9205926906327258,-0.5715717,-0.34902098290720085,0.34902098290720085
5186,-0.8693450046484871,-0.8072409,-0.062104101270954115,0.062104101270954115
5187,-0.5107600704014726,0.008729644,-0.5194897145212122,0.5194897145212122
5188,0.9211605673934296,0.3373804,0.5837801581527069,0.5837801581527069
5189,0.4019474467208714,0.61432487,-0.2123774210045009,0.2123774210045009
5190,-0.6001923067269086,0.32396284,-0.9241551441845655,0.9241551441845655
5191,-0.6343946476270649,-0.71867114,0.08427649542789728,0.08427649542789728
5192,0.28021093193913976,-0.6629623,0.9431732494058755,0.9431732494058755
5193,0.3635768118263541,-0.2048508,0.5684276047111807,0.5684276047111807
5194,0.4374523794942653,0.024291188,0.41316119196946977,0.41316119196946977
5195,-0.5506193817225471,0.25927386,-0.8098932386008277,0.8098932386008277
5196,-0.9085716284882746,-0.55969363,-0.34887799397823427,0.34887799397823427
5197,-0.9808840859083005,-0.76849866,-0.21238542677438932,0.21238542677438932
5198,-0.9235700434858405,-0.77630234,-0.1472677058393561,0.1472677058393561
5199,-0.33215611612524815,-0.7141951,0.3820389565256613,0.3820389565256613
5200,0.34388906608513264,0.26654404,0.0773450220673409,0.0773450220673409
5201,2.1160839180803928,0.8595155,1.2565684299326572,1.2565684299326572
5202,0.7178073675256883,1.3333273,-0.6155199258703078,0.6155199258703078
5203,0.39063350587903517,0.18386893,0.20676457613526839,0.20676457613526839
5204,-0.3412742592379122,-0.5235103,0.18223601803335854,0.18223601803335854
5205,-0.6838187049887707,-0.70217663,0.01835792550820803,0.01835792550820803
5206,-0.8862042651792497,-0.8294646,-0.05673965078792276,0.05673965078792276
5207,-0.5693394877865063,-0.79229546,0.22295596814611085,0.22295596814611085
5208,-0.4759622589306932,-0.76027024,0.28430797899197524,0.28430797899197524
5209,-0.9931656664273991,-0.67698383,-0.31618183311441084,0.31618183311441084
5210,-0.9229745729152176,-0.7184485,-0.2045260532084915,0.2045260532084915
5211,-0.5097924307242103,-0.06371642,-0.44607601168305355,0.44607601168305355
5212,0.9275618760276264,0.5149713,0.4125905601668781,0.4125905601668781
5213,0.34080006250002587,0.5678698,-0.22706971994778907,0.22706971994778907
5214,-0.25615918454949266,0.35074642,-0.6069056075555503,0.6069056075555503
5215,-0.992719063499432,-0.53173995,-0.46097911331937824,0.46097911331937824
5216,-0.895210757559922,-0.74637693,-0.14883382589259408,0.14883382589259408
5217,-0.6284399419208353,-0.8014583,0.17301835723916836,0.17301835723916836
5218,-0.8180973186642484,-0.45968202,-0.35841530109947484,0.35841530109947484
5219,-0.3287693772548301,-0.73734254,0.4085731591946023,0.4085731591946023
5220,0.6522683878464987,-0.11128626,0.7635546480341245,0.7635546480341245
5221,2.0936049040393763,0.42707324,1.666531663759225,1.666531663759225
5222,0.5107324765915535,0.9873037,-0.4765711976294853,0.4765711976294853
5223,0.9564049817921761,0.27585757,0.6805474140050057,0.6805474140050057
5224,2.0523313501130724,0.4596471,1.5926842608701373,1.5926842608701373
5225,1.99196552101617,1.1622015,0.8297639972353472,0.8297639972353472
5226,-0.5752197596714081,0.7374562,-1.3126759621784272,1.3126759621784272
5227,-0.6279189051715401,-0.38851973,-0.23939917102732933,0.23939917102732933
5228,-0.6755193339107132,-0.35889474,-0.3166245983359909,0.3166245983359909
5229,-0.8905214268162661,-0.56645966,-0.32406177105454737,0.32406177105454737
5230,-0.9173920363156272,-0.8599296,-0.05746241509599215,0.05746241509599215
5231,-0.2946042532653377,-0.8880876,0.5934833174019292,0.5934833174019292
5232,-0.819511561269478,-0.67834693,-0.1411646293351213,0.1411646293351213
5233,-0.8463449538581752,-0.77168715,-0.07465780385664933,0.07465780385664933
5234,-0.9834148358334481,-0.7187691,-0.26464576234712,0.26464576234712
5235,-0.5338717719237762,-0.45472667,-0.07914510571169431,0.07914510571169431
5236,0.7982703283811158,0.42380893,0.37446139607673345,0.37446139607673345
5237,0.3233081144879763,0.6186686,-0.2953605013300474,0.2953605013300474
5238,-0.2906592607349605,0.22357365,-0.5142329156250209,0.5142329156250209
5239,-0.6390839783707207,-0.3491912,-0.28989278955846487,0.28989278955846487
5240,-0.8085325726236171,-0.38935342,-0.4191791483129329,0.4191791483129329
5241,-0.8805100778476677,-0.57267576,-0.3078343132869682,0.3078343132869682
5242,-0.2840346506367801,-0.7616005,0.47756584374798555,0.47756584374798555
5243,-0.03806808805883319,0.08917477,-0.127242857877616,0.127242857877616
5244,-0.27707508834262423,-0.16995776,-0.10711733134646945,0.10711733134646945
5245,-0.20293900230006554,-0.14104143,-0.06189757444934227,0.06189757444934227
5246,0.2594066788779999,-0.07519025,0.3345969324337746,0.3345969324337746
5247,-0.39456887530866736,0.07181959,-0.4663884638506519,0.4663884638506519
5248,0.4721385402330529,-0.20529911,0.6774376494535577,0.6774376494535577
5249,0.7251018820158196,0.5456869,0.17941498140012746,0.17941498140012746
5250,0.5685303388526448,0.16588713,0.40264320656561936,0.40264320656561936
5251,0.6495515533680315,-0.21344295,0.8629945048088427,0.8629945048088427
5252,-0.6546406470282455,-0.12611365,-0.5285269938452621,0.5285269938452621
5253,-0.7887331761504036,-0.7373577,-0.05137550012119829,0.05137550012119829
5254,-0.7648771364148214,-0.83213943,0.06726229601544598,0.06726229601544598
5255,-0.7536748463049769,-0.7540188,0.0003439372643589955,0.0003439372643589955
5256,-0.6736212714668525,-0.6466912,-0.02693006834948186,0.02693006834948186
5257,-0.901463198551463,-0.6256329,-0.27583031643323785,0.27583031643323785
5258,-0.9958452839952023,-0.7712571,-0.2245881815057309,0.2245881815057309
5259,-0.9512222081091443,-0.507018,-0.44420417841935544,0.44420417841935544
5260,-0.6247926846757696,-0.527422,-0.09737067377717956,0.09737067377717956
5261,-0.15764602202205658,-0.37473035,0.21708432656497956,0.21708432656497956
5262,-0.3014149479168378,0.03740346,-0.3388184085088693,0.3388184085088693
5263,-0.5796857889510804,-0.2330088,-0.3466769870139771,0.3466769870139771
5264,-0.9190295803848404,-0.6457461,-0.2732834685150284,0.2732834685150284
5265,-0.9781672514298333,-0.8027191,-0.1754481352188958,0.1754481352188958
5266,-0.6789432896917951,-0.832519,0.15357570511640195,0.15357570511640195
5267,-0.8600407769825034,-0.57291037,-0.28713040853996796,0.28713040853996796
5268,-0.8864275666432334,-0.74622273,-0.14020483219193947,0.14020483219193947
5269,-0.933655826275767,-0.724338,-0.2093178312234294,0.2093178312234294
5270,-0.8443352406823227,-0.7800993,-0.06423596795435638,0.06423596795435638
5271,0.6137488853093259,-0.64643073,1.2601796161290282,1.2601796161290282
5272,0.0060711679885939165,0.6599066,-0.6538354577590868,0.6538354577590868
5273,1.4007004612982332,0.37488204,1.0258184188902437,1.0258184188902437
5274,0.9027381966147817,0.99322325,-0.09048505329748024,0.09048505329748024
5275,-0.4151126099951595,-0.15736851,-0.2577440990336269,0.2577440990336269
5276,-0.984047523314735,-0.6786042,-0.3054433377335277,0.3054433377335277
5277,-0.8164597745950353,-0.793414,-0.023045777898563102,0.023045777898563102
5278,-0.8466426891434867,-0.8849666,0.03832392271869589,0.03832392271869589
5279,-0.266356618071411,-0.7730093,0.5066526821605226,0.5066526821605226
5280,-0.912367753375996,-0.6314244,-0.28094332634352526,0.28094332634352526
5281,-0.9980782986350385,-0.9489067,-0.04917157895043767,0.04917157895043767
5282,-0.903807863923291,-0.6946877,-0.2091201398098267,0.2091201398098267
5283,-0.512285963738694,-0.24138945,-0.27089651032759166,0.27089651032759166
5284,1.1476999026048027,0.36715364,0.7805462580430351,0.7805462580430351
5285,0.35103471293260813,0.7552914,-0.4042566894073272,0.4042566894073272
5286,0.3231592468453208,0.3980341,-0.07487484891883933,0.07487484891883933
5287,0.36982925281789525,0.24619952,0.12362973437574132,0.12362973437574132
5288,-0.2457756664742548,0.123175845,-0.36895151102438756,0.36895151102438756
5289,1.209442757396271,-0.49743596,1.7068787145896456,1.7068787145896456
5290,0.08511988623879199,0.7756126,-0.6904927064583516,0.6904927064583516
5291,-0.12738867365227732,-0.17785275,0.0504640761722466,0.0504640761722466
5292,0.2772335790860248,0.18437095,0.0928626292216373,0.0928626292216373
5293,0.29796339832583657,-0.06051358,0.3584769766811489,0.3584769766811489
5294,0.439350441938126,-0.013763353,0.45311379516669503,0.45311379516669503
5295,0.10253740042951368,0.3971313,-0.29459389358255605,0.29459389358255605
5296,0.23655549573034376,0.107629344,0.12892615186304182,0.12892615186304182
5297,1.0875201580612197,0.6554428,0.4320773837654128,0.4320773837654128
5298,1.6851865264133525,0.8791774,0.8060091348842693,0.8060091348842693
5299,0.6702813726078433,0.46502832,0.20525305682529627,0.20525305682529627
5300,-0.5206597686380793,-0.43597814,-0.08468162423080694,0.08468162423080694
5301,-0.6888802048390659,-0.67125714,-0.017623066586807568,0.017623066586807568
5302,-0.8777932433692004,-0.76005805,-0.11773519798193233,0.11773519798193233
5303,-0.9876203467384728,-0.765726,-0.22189437647022325,0.22189437647022325
5304,-0.9156800584250863,-0.7346018,-0.1810782627517159,0.1810782627517159
5305,-0.9118839335373649,-0.7872973,-0.12458662509238805,0.12458662509238805
5306,-0.19932896196566374,-0.6895661,0.4902371138361856,0.4902371138361856
5307,-0.5290707904481285,0.48261863,-1.0116894203805322,1.0116894203805322
5308,0.8817106420896585,0.41619802,0.46551262687664585,0.46551262687664585
5309,0.2734746711089673,0.60612774,-0.33265306784366944,0.33265306784366944
5310,0.3153436956058943,0.23788476,0.07745893570294021,0.07745893570294021
5311,-0.06992576358716157,0.09053117,-0.16045693395535615,0.16045693395535615
5312,-0.39613198555655244,-0.22219914,-0.1739328435773349,0.1739328435773349
5313,-0.28656540056192764,-0.12029157,-0.16627383222305664,0.16627383222305664
5314,-0.5539689036823011,-0.19554752,-0.35842138256795175,0.35842138256795175
5315,-0.8757835301933479,-0.7481584,-0.12762513490297311,0.12762513490297311
5316,-0.7459337288868783,-0.76876193,0.022828203963005778,0.022828203963005778
5317,-0.7568755006220752,-0.4669946,-0.28988088721303285,0.28988088721303285
5318,-0.939312796696685,-0.4569256,-0.4823871959295494,0.4823871959295494
5319,-0.8690844862738396,-0.6631704,-0.20591408899219288,0.20591408899219288
5320,-0.5875757740118346,-0.6432256,0.055649836244360484,0.055649836244360484
5321,1.0964149997099,-0.12109075,1.2175057471259194,1.2175057471259194
5322,1.024660795949833,0.9390897,0.08557108046902862,0.08557108046902862
5323,-0.06516199902217791,0.79633725,-0.8614992459170143,0.8614992459170143
5324,-0.8358497850509454,-0.6098668,-0.22598298712690368,0.22598298712690368
5325,-0.8972204707357744,-0.7659038,-0.13131669981215988,0.13131669981215988
5326,-0.8749647581587413,-0.82026064,-0.0547041141996959,0.0547041141996959
5327,-0.8507365493165197,-0.7526373,-0.09809922259914294,0.09809922259914294
5328,-0.9251331537337258,-0.78352445,-0.1416087000937417,0.1416087000937417
5329,-0.3576496999300436,-0.82631624,0.4686665375196024,0.4686665375196024
5330,-0.7760422096140018,-0.37217942,-0.4038627908117405,0.4038627908117405
5331,-0.570121042910449,0.12847072,-0.6985917617710752,0.6985917617710752
5332,1.0567789898528093,-0.28332862,1.3401076124323839,1.3401076124323839
5333,0.8933967520381341,0.72353643,0.16986032024873587,0.16986032024873587
5334,0.8495552312760184,0.6958715,0.15368375891731478,0.15368375891731478
5335,0.5218231159694062,0.73367494,-0.2118518274777068,0.2118518274777068
5336,-0.7761910772566577,0.15896247,-0.935153550529935,0.935153550529935
5337,-0.4039103198853149,-0.75227416,0.34836383573144536,0.34836383573144536
5338,0.3890331787204859,-0.3468728,0.7359059852695582,0.7359059852695582
5339,-0.8757835301933479,0.11905283,-0.9948363575515937,0.9948363575515937
5340,-0.1046491412366129,-0.7323506,0.6277014466082358,0.6277014466082358
5341,0.3349570075257882,-0.34375277,0.6787097791417702,0.6787097791417702
5342,0.4057435716085926,-0.073328294,0.47907186546855124,0.47907186546855124
5343,0.6185126498743095,0.24797794,0.3705347076459923,0.3705347076459923
5344,0.6606049758352203,0.55360514,0.10699983657969658,0.10699983657969658
5345,1.1719653283576883,1.2826322,-0.11066690335465301,0.11066690335465301
5346,0.5476888688808412,1.0798172,-0.5321283069843321,0.5321283069843321
5347,-0.3200234032488053,0.13268147,-0.4527048773384278,0.4527048773384278
5348,-0.7933480730727317,-0.70399076,-0.08935731560736915,0.08935731560736915
5349,-0.8451540127169292,-0.7585324,-0.08662160781733208,0.08662160781733208
5350,-0.6622328968036884,-0.8533346,0.19110170889012879,0.19110170889012879
5351,-0.43055762792069247,-0.6995447,0.26898709988158415,0.26898709988158415
5352,-0.8822592726488726,-0.7258524,-0.1564069023867266,0.1564069023867266
5353,-0.9888857217010465,-0.72812563,-0.2607600898918119,0.2607600898918119
5354,-0.9193645325808157,-0.5118092,-0.4075553623346915,0.4075553623346915
5355,-0.39933263987365103,0.1842244,-0.583557036817697,0.583557036817697
5356,1.636432373443598,0.64299697,0.9934354066047613,0.9934354066047613
5357,0.9168806226670773,0.845995,0.07088561372161217,0.07088561372161217
5358,0.3730671240456577,0.5300001,-0.15693296655340233,0.15693296655340233
5359,0.8144224676092638,0.306378,0.5080444606741442,0.5080444606741442
5360,-0.3002984405969196,0.31659117,-0.6168896140073352,0.6168896140073352
5361,0.5371192662522836,-0.5612158,1.0983350841805977,1.0983350841805977
5362,0.45784724653810166,0.11488506,0.34296218455880784,0.34296218455880784
5363,0.34850396300746084,0.16212693,0.18637703443957448,0.18637703443957448
5364,-0.5285125367881697,0.13358521,-0.6620977514030378,0.6620977514030378
5365,-0.8431070826304129,-0.5850307,-0.2580764076960257,0.2580764076960257
5366,-0.804550363182576,-0.7552831,-0.04926724588826448,0.04926724588826448
5367,-0.5172730297676613,-0.620528,0.10325495294413067,0.10325495294413067
5368,0.1250536313811944,-0.10468655,0.22974018217722636,0.22974018217722636
5369,-0.13520422489170372,0.85218924,-0.9873934677315169,0.9873934677315169
5370,1.06425958889626,0.016073294,1.0481862949123237,1.0481862949123237
5371,-0.062445164543710706,0.391586,-0.4540311702314243,0.4540311702314243
5372,-0.15652951470213852,-0.61548954,0.45896002778214495,0.45896002778214495
5373,-0.6577296506133522,-0.47022626,-0.18750339257387771,0.18750339257387771
5374,-0.8582915821812983,-0.7616059,-0.09668566377385812,0.09668566377385812
5375,-0.8651394937434623,-0.8013727,-0.06376678685335613,0.06376678685335613
5376,-0.9179875068862502,-0.78075016,-0.13723735143733662,0.13723735143733662
5377,-0.9893695415396777,-0.69395703,-0.29541251076651487,0.29541251076651487
5378,-0.3279878221308874,-0.65848017,0.3304923452580286,0.3304923452580286
5379,-0.341944163629863,0.19924676,-0.5411909278129075,0.5411909278129075
5380,1.1696950968071878,0.31200776,0.8576873417660653,0.8576873417660653
5381,0.4234960379952897,0.73552257,-0.3120265302305709,0.3120265302305709
5382,0.29978702694836945,0.2886584,0.011128616637624211,0.011128616637624211
5383,0.22237585276738459,0.21330532,0.009070528451359805,0.009070528451359805
5384,-0.7740324964381494,0.02667591,-0.8007084061957636,0.8007084061957636
5385,-0.5586582344259571,-0.7292745,0.1706162769113232,0.1706162769113232
5386,-0.31075639249348547,-0.51855344,0.20779704330897425,0.20779704330897425
5387,-0.1185682658249247,-0.1639773,0.045409029335368875,0.045409029335368875
5388,-0.9201833046154225,0.21249261,-1.1326759195999347,1.1326759195999347
5389,-0.47544122218139817,-0.78921664,0.313775415429991,0.313775415429991
5390,-0.3946805260406592,-0.5435389,0.1488584019912622,0.1488584019912622
5391,-0.2819877205502636,-0.5171327,0.2351449789393299,0.2351449789393299
5392,1.1269700833649905,0.28114384,0.8458262392373355,0.8458262392373355
5393,1.2935529754967638,1.4472159,-0.15366293922949348,0.15366293922949348
5394,0.5396500161774311,1.0920027,-0.5523527332656231,0.5523527332656231
5395,-0.0009628281268897827,0.05921076,-0.060173586783153134,0.060173586783153134
5396,-0.7517395669504523,-0.6592289,-0.09251064601386783,0.09251064601386783
5397,-0.8189905245201828,-0.7587728,-0.06021773408820652,0.06021773408820652
5398,-0.15664116543413031,-0.88054955,0.7239083846223272,0.7239083846223272
5399,-0.950217351521218,-0.7432672,-0.20695017298575658,0.20695017298575658
5400,-0.9472692405264821,-0.8763234,-0.0709458385985341,0.0709458385985341
5401,-0.9472692405264821,-0.71073544,-0.23653380027227067,0.23653380027227067
5402,-0.9472692405264821,-0.686099,-0.26117024770192765,0.26117024770192765
5403,-0.9472692405264821,-0.18580988,-0.7614593600314107,0.7614593600314107
5404,-0.9472692405264821,-0.50045794,-0.44681129804067277,0.44681129804067277
5405,-0.9472692405264821,-0.6010909,-0.346178332475945,0.346178332475945
5406,-0.9472692405264821,-0.6946216,-0.25264761796407365,0.25264761796407365
5407,-0.9472692405264821,-0.74105227,-0.20621697059087418,0.20621697059087418
5408,-0.9472692405264821,-0.76952654,-0.17774269929341935,0.17774269929341935
5409,-0.9472692405264821,-0.77001214,-0.17725710025243424,0.17725710025243424
5410,-0.9472692405264821,-0.7748986,-0.17237065186910294,0.17237065186910294
5411,-0.9472692405264821,-0.76096416,-0.18630508532933854,0.18630508532933854
5412,-0.9472692405264821,-0.74837154,-0.19889769902639054,0.19889769902639054
5413,-0.9472692405264821,-0.7393782,-0.2078910266440358,0.2078910266440358
5414,-0.9472692405264821,-0.7283522,-0.2189170514624562,0.2189170514624562
5415,-0.9472692405264821,-0.71955496,-0.22771427979879044,0.22771427979879044
5416,-0.9472692405264821,-0.7173819,-0.22988734593801163,0.22988734593801163
5417,-0.9472692405264821,-0.68826395,-0.2590052877943959,0.2590052877943959
5418,-0.9472692405264821,-0.71399134,-0.23327789655141495,0.23327789655141495
5419,-0.9472692405264821,-0.774495,-0.1727742349188771,0.1727742349188771
5420,-0.9472692405264821,-0.8060698,-0.141199449209496,0.141199449209496
5421,-0.9472692405264821,-0.8238823,-0.12338695874623917,0.12338695874623917
5422,-0.9472692405264821,-0.8233649,-0.12390432706288956,0.12390432706288956
5423,-0.9472692405264821,-0.7841233,-0.1631459390204396,0.1631459390204396
5424,-0.9472692405264821,-0.8334696,-0.11379961123876237,0.11379961123876237
5425,-0.9472692405264821,-0.8743395,-0.0729297195952382,0.0729297195952382
5426,-0.9472692405264821,-0.85383767,-0.09343157163076066,0.09343157163076066
5427,-0.9472692405264821,-0.6430044,-0.3042648231070485,0.3042648231070485
5428,-0.9472692405264821,-0.7133944,-0.2338748370688405,0.2338748370688405
5429,-0.9472692405264821,-0.8003991,-0.14687011590413712,0.14687011590413712
5430,-0.9472692405264821,-0.8034397,-0.1438295637648549,0.1438295637648549
5431,-0.9472692405264821,-0.81845254,-0.12881670346669816,0.12881670346669816
5432,-0.9472692405264821,-0.81838393,-0.12888530841283463,0.12888530841283463
5433,-0.9472692405264821,-0.81504107,-0.13222817531041764,0.13222817531041764
5434,-0.9472692405264821,-0.8083158,-0.13895342698506974,0.13895342698506974
5435,-0.9472692405264821,-0.8011544,-0.14611486545018815,0.14611486545018815
5436,-0.9472692405264821,-0.7945135,-0.1527557169478383,0.1527557169478383
5437,-0.9472692405264821,-0.78941464,-0.15785459628514908,0.15785459628514908
5438,-0.9472692405264821,-0.78670305,-0.16056619038991593,0.16056619038991593
5439,-0.9472692405264821,-0.78712267,-0.16014657369069718,0.16014657369069718
5440,-0.9472692405264821,-0.7908554,-0.15641383281163834,0.15641383281163834
5441,-0.9472692405264821,-0.7973204,-0.1499488150160756,0.1499488150160756
5442,-0.9472692405264821,-0.805523,-0.14174626222066544,0.14174626222066544
5443,-0.9472692405264821,-0.81448555,-0.13278369059972428,0.13278369059972428
5444,-0.9472692405264821,-0.8233971,-0.12387214055471085,0.12387214055471085
5445,-0.9472692405264821,-0.8315593,-0.11570994010381364,0.11570994010381364
5446,-0.9472692405264821,-0.781653,-0.16561625352315568,0.16561625352315568
5447,-0.9472692405264821,-0.7445748,-0.20269445529393815,0.20269445529393815
5448,-0.9472692405264821,-0.728422,-0.21884725442342423,0.21884725442342423
5449,-0.9472692405264821,-0.75108814,-0.19618109813146256,0.19618109813146256
5450,-0.9472692405264821,-0.7615932,-0.18567601790837907,0.18567601790837907
5451,-0.9472692405264821,-0.76621956,-0.18104968419484757,0.18104968419484757
5452,-0.9472692405264821,-0.7627111,-0.18455813279561661,0.18455813279561661
5453,-0.9472692405264821,-0.7929927,-0.15427652945928239,0.15427652945928239
5454,-0.9472692405264821,-0.81870973,-0.12855950942449235,0.12855950942449235
5455,-0.9472692405264821,-0.8267261,-0.12054316153936051,0.12054316153936051
5456,-0.9472692405264821,-0.8214903,-0.12577895274572037,0.12577895274572037
5457,-0.9472692405264821,-0.80850834,-0.13876090398244523,0.13876090398244523
5458,-0.9472692405264821,-0.79341793,-0.15385130992345475,0.15385130992345475
5459,-0.9472692405264821,-0.7794477,-0.16782156577520035,0.16782156577520035
5460,-0.9472692405264821,-0.76825196,-0.1790172850172963,0.1790172850172963
5461,-0.9472692405264821,-0.760487,-0.18678222051076554,0.18678222051076554
5462,-0.9472692405264821,-0.7561015,-0.19116775145940446,0.19116775145940446
5463,-0.9472692405264821,-0.7545304,-0.19273887029103898,0.19273887029103898
5464,-0.9472692405264821,-0.75491947,-0.19234977116994523,0.19234977116994523
5465,-0.9472692405264821,-0.7563041,-0.1909651552718129,0.1909651552718129
5466,-0.9472692405264821,-0.7577658,-0.18950341096334122,0.18950341096334122
5467,-0.9472692405264821,-0.758598,-0.18867121091298722,0.18867121091298722
5468,-0.9472692405264821,-0.7584045,-0.1888647471945729,0.1888647471945729
5469,-0.9472692405264821,-0.75712025,-0.19014898887090348,0.19014898887090348
5470,-0.9472692405264821,-0.8092641,-0.13800511708669327,0.13800511708669327
5471,-0.9472692405264821,-0.7593695,-0.18789974799565934,0.18789974799565934
5472,-0.9472692405264821,-0.7505021,-0.1967671309988942,0.1967671309988942
5473,-0.9472692405264821,-0.78529924,-0.16196999898366593,0.16196999898366593
5474,-0.9472692405264821,-0.7804399,-0.16682932725362443,0.16682932725362443
5475,-0.9472692405264821,-0.7491734,-0.1980958377402272,0.1980958377402272
5476,-0.9472692405264821,-0.7597745,-0.18749473443441056,0.18749473443441056
5477,-0.9472692405264821,-0.8119913,-0.13527796616964005,0.13527796616964005
5478,-0.9472692405264821,-0.83251834,-0.1147509013693776,0.1147509013693776
5479,-0.9472692405264821,-0.8366973,-0.11057196011953019,0.11057196011953019
5480,-0.9472692405264821,-0.8282874,-0.11898181786946915,0.11898181786946915
5481,-0.9472692405264821,-0.81364423,-0.13362501016072892,0.13362501016072892
5482,-0.9472692405264821,-0.79737765,-0.14989159455709122,0.14989159455709122
5483,-0.9472692405264821,-0.7829248,-0.16434446921758317,0.16434446921758317
5484,-0.9472692405264821,-0.7720466,-0.17522261491231583,0.17522261491231583
5485,-0.9472692405264821,-0.7651595,-0.1821097528021779,0.1821097528021779
5486,-0.9472692405264821,-0.7618916,-0.18537763705663346,0.18537763705663346
5487,-0.9472692405264821,-0.76150525,-0.18576399436406754,0.18576399436406754
5488,1.2370339496340186,-0.7631066,2.000140534182969,2.000140534182969
5489,0.997715752629144,1.0461183,-0.048402506800787615,0.048402506800787615
5490,1.1054959259119,0.45108092,0.6544150075998272,0.6544150075998272
5491,-0.0028981074814144418,0.32385823,-0.3267563387874905,0.3267563387874905
5492,-0.13151975073597405,-0.6386723,0.5071525414965394,0.5071525414965394
5493,-0.2043160279946311,-0.53733575,0.3330197254462258,0.3330197254462258
5494,-0.40513847793722485,-0.39368165,-0.011456832543853268,0.011456832543853268
5495,-0.27089708117241107,-0.50829875,0.23740167351966657,0.23740167351966657
5496,-0.6131810085486219,-0.6480734,0.03489236667644524,0.03489236667644524
5497,-0.820032598018773,-0.8773897,0.057357131004206696,0.057357131004206696
5498,-0.8075277160356908,-0.7441074,-0.06342029082283074,0.06342029082283074
5499,-0.36152025863909293,-0.043462776,-0.3180574829914527,0.3180574829914527
5500,1.5670972688766873,0.8542076,0.7128896935554898,0.7128896935554898
5501,0.5703539674751776,0.7008194,-0.1304654056556207,0.1304654056556207
5502,0.5451209020450295,0.461142,0.08397889850880513,0.08397889850880513
5503,0.40604130689390433,0.40501574,0.0010255700755907315,0.0010255700755907315
5504,0.3736253777056167,0.27445677,0.09916860847763515,0.09916860847763515
5505,-0.04138039310792329,0.1278646,-0.16924499233582857,0.16924499233582857
5506,-0.7738091949741658,-0.42669532,-0.3471138779442128,0.3471138779442128
5507,0.09479628301141504,-0.6767689,0.7715651819753433,0.7715651819753433
5508,0.5721031622763825,-0.05051928,0.622622442412014,0.622622442412014
5509,0.42260283213935507,0.27074325,0.15185958129249227,0.15185958129249227
5510,0.367261285982084,0.24129108,0.1259702100371835,0.1259702100371835
5511,0.1585116340680721,0.111675516,0.04683611829715992,0.04683611829715992
5512,-0.1819486646856061,-0.14502135,-0.03692731549394046,0.03692731549394046
5513,0.778247630443919,0.47937807,0.29886955603634147,0.29886955603634147
5514,0.47031491161052,0.83918023,-0.3688653194838403,0.3688653194838403
5515,0.33402658475918995,0.121871516,0.21215506865067707,0.21215506865067707
5516,-0.017598787193668915,-0.527132,0.5095331875034441,0.5095331875034441
5517,-0.6631261026596228,-0.5221569,-0.14096920845262206,0.14096920845262206
5518,-0.5286241875201615,-0.7751815,0.24655728478132166,0.24655728478132166
5519,-0.5368491247768911,-0.56131995,0.024470822465845754,0.024470822465845754
5520,-0.660111532895844,-0.5859406,-0.07417093345431569,0.07417093345431569
5521,-0.6037279132399824,-0.57969,-0.02403793368675977,0.02403793368675977
5522,-0.6790921573344509,-0.4664491,-0.21264304563439296,0.21264304563439296
5523,-0.10293716334607195,0.13013929,-0.23307645463254045,0.23307645463254045
5524,1.729846819210075,1.031593,0.6982538540840375,0.6982538540840375
5525,0.5797698458731532,0.81445193,-0.23468208703395133,0.23468208703395133
5526,0.28839865228520556,0.4716168,-0.1832181523145564,0.1832181523145564
5527,0.40038433647298605,0.27730548,0.12307885265493185,0.12307885265493185
5528,0.06587874342553769,0.10890414,-0.043025394781897916,0.043025394781897916
5529,-0.6183541591309089,-0.40341848,-0.21493567778096379,0.21493567778096379
5530,-0.5782343294351868,-0.5960651,0.017830774572534125,0.017830774572534125
5531,-0.47335707518421793,-0.4536679,-0.01968916627728129,0.01968916627728129
5532,-0.5042098941246199,-0.12572491,-0.3784849824348616,0.3784849824348616
5533,-0.7091634211509106,-0.23671785,-0.4724455711810467,0.4724455711810467
5534,-0.45177126699913545,-0.54795855,0.09618728583823638,0.09618728583823638
5535,1.0431576005498089,-0.10060904,1.14376664230024,1.14376664230024
5536,-0.40037471337224106,0.96279943,-1.3631741432657347,1.3631741432657347
5537,-0.7195841561368124,-0.20828,-0.5113041590264455,0.5113041590264455
5538,-0.8249452302264124,-0.6908363,-0.1341089198397547,0.1341089198397547
5539,-0.7054789469951809,-0.7057691,0.0002901746517002257,0.0002901746517002257
5540,-0.30078226043555084,-0.65575564,0.35497337864068207,0.35497337864068207
5541,-0.6950209950986151,-0.17379701,-0.5212239837231879,0.5212239837231879
5542,-0.6973284435597791,-0.71717244,0.01984400030695066,0.01984400030695066
5543,-0.776526029452633,-0.6452666,-0.13125943695003905,0.13125943695003905
5544,0.07250335352371791,-0.74528134,0.8177846922154294,0.8177846922154294
5545,-0.8827058755768398,-0.47163913,-0.4110667490376094,0.4110667490376094
5546,-0.8276992816155438,-0.79029405,-0.037405230445194726,0.037405230445194726
5547,-0.39542486425393775,-0.37497273,-0.020452133378922488,0.020452133378922488
5548,1.4312183280426596,0.6058416,0.8253767509895895,0.8253767509895895
5549,0.4068228620178466,0.80199164,-0.39516877950360724,0.39516877950360724
5550,-0.7005290978768776,0.36243412,-1.0629632168630074,1.0629632168630074
5551,-0.732386773405206,-0.68920565,-0.04318112689031339,0.04318112689031339
5552,0.48125668334571675,-0.5838825,1.0651391940077957,1.0651391940077957
5553,1.518826935745563,0.29697126,1.2218556742442508,1.2218556742442508
5554,0.7582621494173858,0.77761835,-0.019356199181094436,0.019356199181094436
5555,0.4301206480934701,0.80673945,-0.3766188014075675,0.3766188014075675
5556,-0.049419245811333376,0.24832156,-0.2977408088167808,0.2977408088167808
5557,0.6952911365740077,0.3868576,0.3084335375540034,0.3084335375540034
5558,-0.8201814656614288,0.4661185,-1.28629998019924,1.28629998019924
5559,-0.5874269063691788,-0.7088467,0.12141978190139002,0.12141978190139002
5560,0.04667481752294683,-0.12959021,0.17626503082174444,0.17626503082174444
5561,-0.3255315060270677,0.75515026,-1.0806817645681748,1.0806817645681748
5562,1.2212405180767383,-0.23962736,1.4608678793743457,1.4608678793743457
5563,-0.5357326174569731,0.76411104,-1.299843659479678,1.299843659479678
5564,-0.21574161956845928,-0.6732543,0.45751269151628804,0.45751269151628804
5565,-0.8081604035169778,-0.53203285,-0.27612755611249784,0.27612755611249784
5566,-0.21220601305538533,-0.76831824,0.5561122228187907,0.5561122228187907
5567,-0.8714291516456675,-0.34617683,-0.5252523187313151,0.5252523187313151
5568,-0.16103276089247454,-0.7859459,0.6249131314415098,0.6249131314415098
5569,-0.8124403482433304,-0.44553146,-0.36690889058074805,0.36690889058074805
5570,-0.7444822693709848,-0.77636,0.03187770596699735,0.03187770596699735
5571,-0.29125473130558355,-0.2666826,-0.024572136291011404,0.024572136291011404
5572,1.2126806286240333,0.5180053,0.694675317134928,0.694675317134928
5573,0.8066069163698376,0.7493285,0.05727842229787716,0.05727842229787716
5574,-0.6664384077087131,0.5887683,-1.2552067111030307,1.2552067111030307
5575,-0.7503253243452227,-0.54856044,-0.20176488380490898,0.20176488380490898
5576,-0.31187289981340355,-0.5125261,0.20065319510007912,0.20065319510007912
5577,-0.5479025472440797,-0.21904346,-0.3288590837755281,0.3288590837755281
5578,-0.3800542801497325,-0.4465944,0.06654010714312941,0.06654010714312941
5579,0.8720342453170352,0.13552997,0.736504280154758,0.736504280154758
5580,1.2239201356445417,0.69161516,0.532304971364604,0.532304971364604
5581,1.014388928606587,0.634753,0.3796359397912794,0.3796359397912794
5582,0.5199994873468734,0.57920605,-0.05920656209541786,0.05920656209541786
5583,-0.3565704095207896,0.26210448,-0.6186748909794535,0.6186748909794535
5584,0.4747809408901923,-0.1757125,0.6504934369324439,0.6504934369324439
5585,3.1834649159220514,0.848156,2.3353089405802545,2.3353089405802545
5586,2.9706958376563346,1.6032916,1.3674042069114005,1.3674042069114005
5587,0.666410813898794,1.501715,-0.8353041309406836,0.8353041309406836
5588,0.5761598055387515,0.0057684034,0.5703914021278399,0.5703914021278399
5589,-0.8004565030095433,-0.22500172,-0.5754547804353093,0.5754547804353093
5590,-0.8087186571769368,-0.77595127,-0.03276739088817948,0.03276739088817948
5591,-0.7138527518945663,-0.7813362,0.0674834364217789,0.0674834364217789
5592,-0.723752450131173,-0.7493602,0.025607753611808004,0.025607753611808004
5593,-0.8301183808086996,-0.6581605,-0.171957873129714,0.171957873129714
5594,-0.787988837937125,-0.6541932,-0.13379561541438945,0.13379561541438945
5595,-0.8795796550810694,-0.43149439,-0.4480852700770258,0.4480852700770258
5596,-0.5320109263905795,-0.20007357,-0.3319373563775332,0.3319373563775332
5597,0.019059869810307318,0.104777776,-0.08571790589455337,0.08571790589455337
5598,1.2835044096175015,0.21291524,1.0705891678992092,1.0705891678992092
5599,1.4793770104417923,1.0975842,0.38179276285268093,0.38179276285268093
5600,2.5746334743707373,1.0568033,1.5178301286905005,1.5178301286905005
5601,-0.1981380208244178,1.65438,-1.8525179846992348,1.8525179846992348
5602,-0.6611908233050982,-0.1156994,-0.5454914203171412,0.5454914203171412
5603,0.9502269746219631,-0.35008824,1.3003152133380886,1.3003152133380886
5604,0.18396800096220334,0.619546,-0.4355779952269141,0.4355779952269141
5605,-0.10044363033158833,0.15285438,-0.2532980133233791,0.2532980133233791
5606,-0.6782361683891804,0.17884763,-0.8570837942408116,0.8570837942408116
5607,-0.45631173010013554,-0.21307686,-0.24323487038753483,0.24323487038753483
5608,1.3783703148998718,0.024812829,1.3535574861504536,1.3535574861504536
5609,2.568529901021852,1.4157346,1.1527952523173233,1.1527952523173233
5610,1.6090407271949418,1.651937,-0.04289628070911089,0.04289628070911089
5611,0.6435224138404742,1.2021402,-0.5586177982185468,0.5586177982185468
5612,0.3649538375209198,-0.35509962,0.7200534559558258,0.7200534559558258
5613,-0.1430197761311301,-0.44059113,0.29757135054924405,0.29757135054924405
5614,-0.23271253083121365,-0.31940585,0.08669332291710788,0.08669332291710788
5615,-0.2538145191776648,-0.42249927,0.16868475006939027,0.16868475006939027
5616,-0.19229496585018002,-0.30435342,0.11205845011585391,0.11205845011585391
5617,-0.2578711624400337,-0.15635756,-0.10151360585853653,0.10151360585853653
5618,-0.27994079046374715,0.1613006,-0.44124139003878987,0.44124139003878987
5619,0.10008108432569399,0.8206418,-0.7205607313366901,0.7205607313366901
5620,1.7831414352808301,1.410703,0.37243849147895025,0.37243849147895025
5621,1.1212386791227447,0.81208915,0.30914953393918143,0.30914953393918143
5622,1.0468048577948748,0.718603,0.32820184284889087,0.32820184284889087
5623,0.2734002372876394,0.77782744,-0.5044272044047129,0.5044272044047129
5624,-0.4230025950559137,0.21502957,-0.638032162536001,0.638032162536001
5625,1.3702198114644701,-0.40236273,1.772582545543831,1.772582545543831
5626,-0.42363528253720056,0.7536869,-1.177322187444427,1.177322187444427
5627,-0.6288121110274746,-0.44045082,-0.1883612936809017,0.1883612936809017
5628,-0.7786846102711413,-0.56387514,-0.2148094715115283,0.2148094715115283
5629,-0.7701247208184362,-0.5984637,-0.17166100669566398,0.17166100669566398
5630,-0.7569127175327391,-0.4826385,-0.274274209451303,0.274274209451303
5631,0.702474000332147,-0.4746357,1.1771096907828154,1.1771096907828154
5632,0.9966736791305539,1.2054454,-0.20877172969055202,0.20877172969055202
5633,2.178087291246509,1.5482246,0.6298627228795044,0.6298627228795044
5634,0.70411154440136,1.3669823,-0.6628707964113231,0.6628707964113231
5635,-0.6038395639719742,-0.26142782,-0.34241174424312293,0.34241174424312293
5636,-0.6655079849421146,-0.7032464,0.037738429719292865,0.037738429719292865
5637,-0.2563452691028123,-0.7327097,0.47636443672680806,0.47636443672680806
5638,-0.5879851600291378,-0.6539467,0.06596153768280677,0.06596153768280677
5639,-0.8161992562203878,-0.6703246,-0.1458746326356405,0.1458746326356405
5640,-0.8710941994496921,-0.7307951,-0.14029911401954687,0.14029911401954687
5641,-0.8007914552055186,-0.71296155,-0.08782990067823593,0.08782990067823593
5642,-0.7350663909730093,-0.5997232,-0.1353431711014883,0.1353431711014883
5643,-0.38742322846119176,0.11467484,-0.5020980648583628,0.5020980648583628
5644,1.0175523660130215,1.0829715,-0.06541908765366555,0.06541908765366555
5645,0.47783272756463485,0.60703826,-0.12920553194159073,0.12920553194159073
5646,0.8224985372233379,0.40398476,0.4185137819457042,0.4185137819457042
5647,0.8451636358176743,0.6318654,0.21329825362315524,0.21329825362315524
5648,0.7133413382460161,0.5303215,0.18301985940232712,0.18301985940232712
5649,0.6970775482858763,0.46893042,0.2281471250261412,0.2281471250261412
5650,0.40779050169510905,0.56688076,-0.15909026088194783,0.15909026088194783
5651,1.117516988056351,0.045037158,1.0724798302227747,1.0724798302227747
5652,0.9114097367994789,0.9529207,-0.04151093847823106,0.04151093847823106
5653,-0.0872688439565554,0.26925516,-0.3565240052419558,0.3565240052419558
5654,-0.5366630402235714,0.21695772,-0.7536207583574978,0.7536207583574978
5655,-0.3537791412209944,-0.06583271,-0.287946429464765,0.287946429464765
5656,0.6405078440766953,0.5372713,0.10323652325684052,0.10323652325684052
5657,1.7481203223460668,1.3577232,0.39039708626208247,0.39039708626208247
5658,1.083165779513539,1.3918939,-0.30872808416443953,0.30872808416443953
5659,0.3742208482762396,0.72908366,-0.3548628089884699,0.3548628089884699
5660,-0.0937073695014162,-0.3567182,0.2630108428646879,0.2630108428646879
5661,-0.23889053800142682,-0.60857844,0.3696879055257949,0.3696879055257949
5662,-0.4560512117254879,-0.5331691,0.07711787902234535,0.07711787902234535
5663,-0.11700515557703935,-0.4651462,0.3481410581928734,0.3481410581928734
5664,-0.7029854139806972,-0.5517734,-0.1512119850637661,0.1512119850637661
5665,-0.7996749478856006,-0.734721,-0.06495394292267942,0.06495394292267942
5666,-0.7703108053717558,-0.70216346,-0.06814734750127238,0.06814734750127238
5667,-0.37703971038595385,-0.047155328,-0.3298843822909946,0.3298843822909946
5668,1.68373506689746,1.0596094,0.6241256537504873,0.6241256537504873
5669,0.6103993633495719,0.7769133,-0.16651392190586023,0.16651392190586023
5670,0.48579714644671734,0.48972157,-0.003924419991957584,0.003924419991957584
5671,0.10235131587619403,0.4311408,-0.3287894943750419,0.3287894943750419
5672,-0.597661556801761,-0.14511812,-0.45254343946930253,0.45254343946930253
5673,-0.21585327030045107,-0.48184493,0.2659916615404455,0.2659916615404455
5674,-0.6405354378866143,-0.14923695,-0.49129849058856434,0.49129849058856434
5675,-0.2125409652513607,-0.5884129,0.3758719156461613,0.3758719156461613
5676,-0.8413206709185441,0.038052246,-0.8793729168930848,0.8793729168930848
5677,-0.07744357954127638,-0.61162466,0.5341810785664812,0.5341810785664812
5678,-0.5166403422863742,-0.124985345,-0.3916549975784084,0.3916549975784084
5679,-0.2708226473510831,-0.29057488,0.019752231103125295,0.019752231103125295
5680,-0.5564996536074488,0.3785562,-0.9350558455286829,0.9350558455286829
5681,-0.8514808875297982,-0.114728265,-0.7367526230191667,0.7367526230191667
5682,-0.5104623351161612,-0.60888416,0.09842182063411342,0.09842182063411342
5683,1.0273776304283002,-0.23675212,1.26412975306891,1.26412975306891
5684,0.14034978166407178,0.782064,-0.6417142389696258,0.6417142389696258
5685,-0.07219599513766162,-0.48178974,0.409593742802173,0.409593742802173
5686,-0.7853464372799857,-0.40803653,-0.37730990726213287,0.37730990726213287
5687,-0.7808431910896495,-0.7715631,-0.009280078353901211,0.009280078353901211
5688,-0.8189533076095189,-0.7129323,-0.1060210189628209,0.1060210189628209
5689,-0.8569517733973967,-0.79139405,-0.06555771850771774,0.06555771850771774
5690,-0.7583641770486328,-0.7662019,0.007837736308148213,0.007837736308148213
5691,-0.006545364726479926,-0.3502558,0.3437104226461092,0.3437104226461092
5692,1.016584726335759,1.2922934,-0.2757087030389358,0.2757087030389358
5693,0.6470208034428837,0.6524895,-0.005468679913592123,0.005468679913592123
5694,0.31686958894311573,0.44275093,-0.12588134184301708,0.12588134184301708
5695,-0.8726573096975774,0.15333435,-1.025991659091422,1.025991659091422
5696,1.0879667609891863,-0.73210186,1.8200686186513872,1.8200686186513872
5697,1.843693348931052,0.9704064,0.873286935852744,0.873286935852744
5698,0.7686828844032877,0.8832754,-0.11459250526803799,0.11459250526803799
5699,0.4412485043819867,0.7875508,-0.34630230261721984,0.34630230261721984
5700,0.5242794320732259,0.5359755,-0.011696083769211829,0.011696083769211829
5701,-0.2866026174725917,0.2669386,-0.5535412144364742,0.5535412144364742
5702,-0.8156410025604287,-0.28893754,-0.5267034636982003,0.5267034636982003
5703,0.2434778411138357,-0.6357853,0.8792631227720082,0.8792631227720082
5704,0.47920975325920057,0.5809095,-0.10169973732612658,0.10169973732612658
5705,1.7599552999371986,1.2756041,0.4843511710996131,0.4843511710996131
5706,1.7881285013097974,1.1934246,0.5947039188284131,0.5947039188284131
5707,-0.016854448980390048,0.8030334,-0.8198878604832281,0.8198878604832281
5708,-0.34752670022945326,-0.6569708,0.30944409873981554,0.30944409873981554
5709,-0.5360303527422845,-0.5839821,0.047951757281214036,0.047951757281214036
5710,-0.8027267345600433,-0.6636198,-0.1391069182567901,0.1391069182567901
5711,-0.8316070572352569,-0.7955721,-0.036034955165402116,0.036034955165402116
5712,-0.7766376801846249,-0.69827485,-0.07836282933928795,0.07836282933928795
5713,-0.8036199404159777,-0.6421014,-0.1615185333648913,0.1615185333648913
5714,-0.19951504651898352,-0.5562771,0.35676204975253134,0.35676204975253134
5715,0.14559736606768653,0.515888,-0.3702906096250625,0.3702906096250625
5716,1.5810908272863264,1.0757377,0.5053531125188704,0.5053531125188704
5717,0.4054458363232812,0.8038391,-0.3983932511629859,0.3983932511629859
5718,0.4025057003808304,0.31293115,0.0895745501828476,0.0895745501828476
5719,0.09922509538042358,0.2527266,-0.15350151909482668,0.15350151909482668
5720,-0.27852654785851777,-0.22036475,-0.05816179842690766,0.05816179842690766
5721,0.41854618887698636,-0.29935282,0.7178990135649441,0.7178990135649441
5722,-0.30893276387095264,0.32500207,-0.6339348381125909,0.6339348381125909
5723,-0.5641663372042194,-0.41564736,-0.14851897950196413,0.14851897950196413
5724,-0.6152279386351384,-0.4032851,-0.21194285248020062,0.21194285248020062
5725,-0.7041019213006153,-0.41694966,-0.28715226171466257,0.28715226171466257
5726,-0.0953821304812931,-0.50706244,0.4116803046688534,0.4116803046688534
5727,-0.041864212946554645,0.108716354,-0.1505805667206254,0.1505805667206254
5728,0.6677134057720315,0.77716476,-0.10945135147970797,0.10945135147970797
5729,1.5043867744079564,1.4652827,0.03910409580383045,0.03910409580383045
5730,1.3631485984383227,1.4749117,-0.11176309131997808,0.11176309131997808
5731,-0.48277295358219335,0.1354333,-0.6182062549118061,0.6182062549118061
5732,-0.6211082105200402,-0.6803057,0.05919750885557018,0.05919750885557018
5733,-0.6346179490910486,-0.6303893,-0.0042286759243921335,0.0042286759243921335
5734,-0.7000824949489104,-0.7554883,0.055405781532718024,0.055405781532718024
5735,-0.7156391636064353,-0.68924916,-0.0263900057008567,0.0263900057008567
5736,-0.7334660638144602,-0.66615707,-0.06730899699240822,0.06730899699240822
5737,-0.8009403228481744,-0.59671015,-0.20423017737469418,0.20423017737469418
5738,-0.7302654094973616,-0.56952554,-0.1607398696223311,0.1607398696223311
5739,-0.11823331362894932,-0.09372956,-0.024503750571526678,0.024503750571526678
5740,1.3185255225522647,0.54828835,0.7702371772153507,0.7702371772153507
5741,0.594135573389432,0.83191115,-0.23777557325134557,0.23777557325134557
5742,0.06960043449193104,0.435532,-0.3659315691491975,0.3659315691491975
5743,-0.7329822439758288,-0.10608391,-0.6268983367888438,0.6268983367888438
5744,-0.49055128791095587,-0.55458575,0.06403446696041254,0.06403446696041254
5745,-0.7056650315485005,-0.111958586,-0.5937064458689694,0.5937064458689694
5746,0.659637336157958,-0.56421036,1.2238476914397878,1.2238476914397878
5747,0.0022378261902085295,0.63305175,-0.6308139268539199,0.6308139268539199
5748,0.7285630547075657,0.50643414,0.22212891211799657,0.22212891211799657
5749,1.0181106196729806,1.1938342,-0.1757235659273002,0.1757235659273002
5750,0.08735290087862811,0.6984745,-0.6111216255267063,0.6111216255267063
5751,0.4120332295107977,0.21774155,0.19429168049575252,0.19429168049575252
5752,1.0148727484452182,0.6423759,0.37249686200494114,0.37249686200494114
5753,0.6139721867733096,0.8435264,-0.22955423620413795,0.22955423620413795
5754,0.7563640869735251,0.10103509,0.6553289986728201,0.6553289986728201
5755,0.3365201177736735,0.18123958,0.15528054262604474,0.15528054262604474
5756,-0.4385592637134385,-0.32995763,-0.10860162950285196,0.10860162950285196
5757,-0.22623678837568892,-0.5500548,0.3238180002137886,0.3238180002137886
5758,-0.6945371752599839,-0.38981298,-0.30472419913808146,0.30472419913808146
5759,-0.5860498806746133,-0.68407226,0.09802237541364356,0.09802237541364356
5760,-0.7234174979351977,-0.58969104,-0.13372645503511227,0.13372645503511227
5761,-0.5262795221483335,-0.62390256,0.097623037132062,0.097623037132062
5762,-0.7387508651287389,-0.42381135,-0.31493951883624316,0.31493951883624316
5763,-0.7293722036414273,-0.51453096,-0.2148412468962796,0.2148412468962796
5764,-0.4289200838514794,-0.45030287,0.021382785230017798,0.021382785230017798
5765,-0.1767755141033192,-0.040311642,-0.13646387211218075,0.13646387211218075
5766,-0.1832140396481799,0.22212055,-0.40533459290326107,0.40533459290326107
5767,-0.24019312987466454,0.28862643,-0.5288195622934878,0.5288195622934878
5768,1.4445791989710126,-0.08025306,1.5248322561528478,1.5248322561528478
5769,1.231810120705296,0.888103,0.3437071124350324,0.3437071124350324
5770,0.5229024063786603,0.7354617,-0.21255930550488467,0.21255930550488467
5771,0.012509693533454472,0.36900744,-0.3564977448877949,0.3564977448877949
5772,-0.6282910742781795,-0.22324878,-0.4050422945044674,0.4050422945044674
5773,-0.10271386188208836,-0.43463543,0.33192156869232875,0.33192156869232875
5774,0.5792860260345218,0.4455554,0.13373063710706212,0.13373063710706212
5775,0.8262574452003951,1.0771098,-0.2508523684897904,0.2508523684897904
5776,2.682711382938805,1.3756984,1.307012935711327,1.307012935711327
5777,2.4814051131575803,1.9136739,0.5677312354415158,0.5677312354415158
5778,3.1398839135345833,1.428225,1.7116588730987923,1.7116588730987923
5779,1.0021445649981522,1.9034488,-0.9013042551159836,0.9013042551159836
5780,0.07596452621546398,0.36905268,-0.2930881521311699,0.2930881521311699
5781,-0.6414286437425487,-0.094275706,-0.5471529382262104,0.5471529382262104
5782,-0.7148948253931565,-0.7492142,0.03431934697012473,0.03431934697012473
5783,-0.5854544101039901,-0.64827365,0.06281923672752232,0.06281923672752232
5784,-0.7214077847593452,-0.52160716,-0.1998006241911079,0.1998006241911079
5785,-0.5963961818391871,-0.5126877,-0.08370849873371833,0.08370849873371833
5786,-0.23260088009922186,-0.40309456,0.17049367980869135,0.17049367980869135
5787,-0.16445671667355669,0.79118484,-0.955641559260074,0.955641559260074
5788,1.4400759527806763,1.0093889,0.4306870291356568,0.4306870291356568
5789,0.6322456899093016,0.86645895,-0.23421326251760877,0.23421326251760877
5790,0.6061938524445472,0.4295107,0.17668313982095096,0.17668313982095096
5791,-0.03527681975903812,0.33574075,-0.37101756482663456,0.37101756482663456
5792,-0.7237152332205091,-0.27830854,-0.44540669263785226,0.44540669263785226
5793,-0.481284277155636,-0.6037252,0.12244091777539429,0.12244091777539429
5794,-0.6071518690210644,-0.012463868,-0.5946880013567273,0.5946880013567273
5795,-0.051763911183161274,-0.21141693,0.1596530187770896,0.1596530187770896
5796,-0.5285125367881697,0.43929756,-0.9678100936653059,0.9678100936653059
5797,-0.7303398433186895,-0.04859414,-0.6817457038023359,0.6817457038023359
5798,-0.1397446879927038,-0.35669822,0.2169535270150782,0.2169535270150782
5799,-0.3990721214990034,0.24982062,-0.6488927413205519,0.6488927413205519
5800,2.2376343483088053,0.25717932,1.9804550284502542,1.9804550284502542
5801,1.3359430367429865,1.1560844,0.17985861844617257,0.17985861844617257
5802,2.181622897759583,0.7164973,1.4651255957042242,1.4651255957042242
5803,0.47448320560488083,0.69277227,-0.21828906364408157,0.21828906364408157
5804,-0.5426177459298009,-0.48599443,-0.05662331753357597,0.05662331753357597
5805,-0.7754095221327149,-0.45850173,-0.3169077957437836,0.3169077957437836
5806,-0.771948349440969,-0.7963284,0.02438007596644065,0.02438007596644065
5807,-0.6926763297267874,-0.6478145,-0.04486181747397977,0.04486181747397977
5808,-0.8391248731893718,-0.667754,-0.17137087872449752,0.17137087872449752
5809,-0.8431815164517407,-0.6519233,-0.19125821761598627,0.19125821761598627
5810,-0.7122152078253531,-0.4364209,-0.27579432011668914,0.27579432011668914
5811,0.04593047930966846,0.48493475,-0.4390042679094172,0.4390042679094172
5812,1.5975407017997858,0.9409707,0.6565699829391596,0.6565699829391596
5813,0.7055257870065899,0.7896109,-0.08408513532998851,0.08408513532998851
5814,0.7401375139240495,0.5565969,0.1835406387333146,0.1835406387333146
5815,0.8256991915404361,0.5985798,0.22711936756964146,0.22711936756964146
5816,-0.15649229779147447,0.61128056,-0.7677728582849437,0.7677728582849437
5817,0.8444937314257236,-0.3762597,1.220753445790729,1.220753445790729
5818,-0.259397055777255,0.41424206,-0.6736391147696409,0.6736391147696409
5819,-0.7044740904072547,-0.48365954,-0.22081455476081613,0.22081455476081613
5820,-0.5591420542645883,-0.6027803,0.04363822823281771,0.04363822823281771
5821,-0.7514418316651407,-0.4396418,-0.31180002816210417,0.31180002816210417
5822,-0.7578431402993376,-0.53350556,-0.2243375813317473,0.2243375813317473
5823,1.1429733549504828,-0.4249929,1.567966244116361,1.567966244116361
5824,1.1918019417415657,1.3340888,-0.14228686059608076,0.14228686059608076
5825,0.9168434057564131,1.5871152,-0.6702717628150591,0.6702717628150591
5826,0.2451153851830489,0.48561537,-0.24049998747472698,0.24049998747472698
5827,0.22360401081929454,-0.4425495,0.6661535077084089,0.6661535077084089
5828,-0.4425042562438157,-0.3806678,-0.06183645057212378,0.06183645057212378
5829,-0.7874305842771661,-0.5771056,-0.21032500251675956,0.21032500251675956
5830,-0.7038786198366318,-0.7845235,0.08064486725443265,0.08064486725443265
5831,-0.862013273247692,-0.6910929,-0.17092036486527618,0.17092036486527618
5832,-0.8087558740876007,-0.7406676,-0.0680882925293732,0.0680882925293732
5833,-0.11637246809575252,-0.73602253,0.619650063890484,0.619650063890484
5834,-0.6977378295770825,-0.43082628,-0.2669115530363263,0.2669115530363263
5835,-0.17740820158460602,0.13475518,-0.31216338087060913,0.31216338087060913
5836,1.9597356763812024,1.2621217,0.6976139989825207,0.6976139989825207
5837,1.4242587657485037,0.85990435,0.5643544168982535,0.5643544168982535
5838,0.6454204762843346,0.70935124,-0.0639307653042579,0.0639307653042579
5839,1.1040444663960065,0.46029806,0.6437464050251569,0.6437464050251569
5840,0.4885511978358482,0.6330433,-0.1444920913487221,0.1444920913487221
5841,0.5713588240631038,0.36702657,0.20433225660399734,0.20433225660399734
5842,0.5405432220333655,0.35091853,0.1896246906155188,0.1896246906155188
5843,0.9171783579523884,0.097533695,0.8196446625526272,0.8196446625526272
5844,0.918071563808323,0.16650485,0.7515667187851678,0.7515667187851678
5845,0.6387214323648264,0.31209892,0.32662251201952,0.32662251201952
5846,0.5136726125340043,0.48042768,0.03324493013425456,0.03324493013425456
5847,-0.11663298647040017,0.36601335,-0.48264633457296974,0.48264633457296974
5848,1.0555136148902355,0.317881,0.7376326267692028,0.7376326267692028
5849,1.4380290226941603,1.2919866,0.14604243803076922,0.14604243803076922
5850,1.2011806032288772,1.1889144,0.012266185008357189,0.012266185008357189
5851,1.0657854822334814,0.8030323,0.26275320321889395,0.26275320321889395
5852,-0.8018335287041088,-0.14440951,-0.6574240211910626,0.6574240211910626
5853,-0.80231734854274,-0.79048735,-0.011829999509384237,0.011829999509384237
5854,-0.6826277638475248,-0.84006786,0.1574400996168307,0.1574400996168307
5855,-0.8349565791950111,-0.69438684,-0.1405697393283729,0.1405697393283729
5856,-0.7841182792280758,-0.725666,-0.058452292690142404,0.058452292690142404
5857,-0.7938318929113627,-0.5685815,-0.2252503714002848,0.2252503714002848
5858,-0.7253899942003862,-0.41247275,-0.312917239483513,0.312917239483513
5859,0.11005521638362849,0.25887176,-0.14881654756099738,0.14881654756099738
5860,2.1024625287773926,0.94398683,1.158475695681842,1.158475695681842
5861,0.7127458676753933,0.89005226,-0.17730639129296,0.17730639129296
5862,2.3676330172579303,0.51321954,1.8544134819071307,1.8544134819071307
5863,0.8465778784229037,1.2645123,-0.41793442206842935,0.41793442206842935
5864,-0.10729154189375237,0.8509353,-0.9582268222167809,0.9582268222167809
5865,-0.15961851828724505,0.04213559,-0.20175410711199404,0.20175410711199404
5866,0.1537850864137521,-3.3289194e-05,0.15381837560785916,0.15381837560785916
5867,0.9216443872320609,0.14194623,0.7796981608736472,0.7796981608736472
5868,-0.20680956100911474,0.488847,-0.6956565484950004,0.6956565484950004
5869,-0.14737415467881052,-0.053890668,-0.09348348682307092,0.09348348682307092
5870,-0.7493949015786244,0.030062359,-0.7794572604050233,0.7794572604050233
5871,0.7350015802524265,-0.40322047,1.1382220549724278,1.1382220549724278
5872,3.381607748296841,1.1952528,2.186354972150906,2.186354972150906
5873,2.0345788837263754,2.2292392,-0.19466034166119783,0.19466034166119783
5874,2.383934024128734,1.4818016,0.9021323950622668,0.9021323950622668
5875,1.3908379799722903,1.2988617,0.09197623795263699,0.09197623795263699
5876,-0.5976243398910971,-0.095743306,-0.5018810339099379,0.5018810339099379
5877,-0.767928923089264,-0.75614125,-0.011787677724121148,0.011787677724121148
5878,-0.7548285705355589,-0.8365076,0.08167904789171776,0.08167904789171776
5879,-0.7235663655778533,-0.7000623,-0.023504090644991926,0.023504090644991926
5880,-0.8488012699619949,-0.7620575,-0.08674378676573635,0.08674378676573635
5881,-0.8449679281636095,-0.58972263,-0.25524529480179314,0.25524529480179314
5882,-0.7288139499814683,-0.47076395,-0.258049998441475,0.258049998441475
5883,0.027284807067037054,0.097159564,-0.06987475742804962,0.06987475742804962
5884,1.030950453852038,1.4394226,-0.408472153569837,0.408472153569837
5885,0.9023288105974785,0.66849846,0.2338303541193596,0.2338303541193596
5886,0.5526015010884804,0.6192157,-0.06661422576393661,0.06661422576393661
5887,0.6072731428538012,0.5052674,0.10200576118571036,0.10200576118571036
5888,0.822945140151305,0.37383,0.4491151495259236,0.4491151495259236
5889,1.0904230770930063,0.6209576,0.46946546410167334,0.46946546410167334
5890,0.5412131264253165,0.5070213,0.03419181848006503,0.03419181848006503
5891,0.42260283213935507,0.26614815,0.15645468217216146,0.15645468217216146
5892,-0.5517358890424651,0.13058668,-0.6823225727926177,0.6823225727926177
5893,-0.5915579834528756,-0.5299446,-0.06161338477810141,0.06161338477810141
5894,-0.5857149284786378,-0.53988767,-0.04582726177636731,0.04582726177636731
5895,0.38345064212089547,-0.40613496,0.7895856051564789,0.7895856051564789
5896,0.8196700520128786,1.2164855,-0.3968154483228148,0.3968154483228148
5897,0.3991561784210763,1.4629828,-1.0638265953597466,1.0638265953597466
5898,0.07644834605409509,0.28725666,-0.2108083120231449,0.2108083120231449
5899,-0.09534491357062916,-0.36631206,0.2709671432092323,0.2709671432092323
5900,-0.6597765806998687,-0.51327425,-0.1465023282851653,0.1465023282851653
5901,-0.8504015971205442,-0.61038804,-0.24001355657794166,0.24001355657794166
5902,-0.8707592472537167,-0.85769933,-0.01305991263228723,0.01305991263228723
5903,-0.7345081373130502,-0.7910042,0.05649604359515292,0.05649604359515292
5904,-0.790296286398289,-0.7647498,-0.025546461397526032,0.025546461397526032
5905,-0.7955438708019038,-0.7059532,-0.0895906900119563,0.0895906900119563
5906,-0.834993796105675,-0.58194625,-0.25304754232912474,0.25304754232912474
5907,-0.328806594165494,-0.11888201,-0.20992458626859384,0.20992458626859384
5908,1.1783294200812207,0.6887364,0.48959304093464473,0.48959304093464473
5909,0.9852108706460619,0.6879203,0.29729059829575066,0.29729059829575066
5910,-0.13245017350257257,0.6854139,-0.8178640705400787,0.8178640705400787
5911,0.8677543005906829,-0.04686489,0.9146191901528129,0.9146191901528129
5912,0.2850863472361152,0.8140301,-0.5289437635999139,0.5289437635999139
5913,-0.39449444148733936,0.16658619,-0.5610806319494518,0.5610806319494518
5914,-0.8156410025604287,-0.6176469,-0.19799412956314477,0.19799412956314477
5915,-0.6679270841352705,-0.76326805,0.09534096939637626,0.09534096939637626
5916,-0.8010519735801663,-0.5372816,-0.26377040076141023,0.26377040076141023
5917,-0.861976056337028,-0.66117334,-0.20080271267858074,0.20080271267858074
5918,-0.7491716001146407,-0.7073116,-0.04186002947026202,0.04186002947026202
5919,-0.8428465642557653,-0.60728633,-0.23556023021798456,0.23556023021798456
5920,-0.799451646421617,-0.5483693,-0.251082357977098,0.251082357977098
5921,-0.24205397540786133,-0.31209838,0.07004440849564209,0.07004440849564209
5922,-0.7882493563117725,-0.095477276,-0.6927720807614071,0.6927720807614071
5923,-0.7578803572100015,-0.65674525,-0.10113510221656274,0.10113510221656274
5924,-0.83097436975397,-0.6994997,-0.1314746434584988,0.1314746434584988
5925,-0.8008658890268466,-0.68959105,-0.11127483887883638,0.11127483887883638
5926,-0.844223589950331,-0.71027493,-0.13394865518165422,0.13394865518165422
5927,-0.7552379565528621,-0.77848935,0.02325139471972093,0.02325139471972093
5928,-0.8663304348847083,-0.76694906,-0.09938137730566776,0.09938137730566776
5929,-0.8108772379954451,-0.7572728,-0.05360445805388625,0.05360445805388625
5930,-0.8113610578340763,-0.73713636,-0.07422469385092201,0.07422469385092201
5931,-0.05392249200166952,-0.40827718,0.3543546917694639,0.3543546917694639
5932,-0.7997865986175924,0.29825413,-1.0980407308884055,1.0980407308884055
5933,-0.7913011429862151,-0.6032775,-0.1880236385420928,0.1880236385420928
5934,-0.7957671722658874,-0.6629476,-0.13281957714641113,0.13281957714641113
5935,-0.8486151854086753,-0.62647283,-0.2221423546362754,0.2221423546362754
5936,-0.880882246954307,-0.7322333,-0.14864896105037628,0.14864896105037628
5937,-0.8661815672420525,-0.71302164,-0.15315993123283622,0.15315993123283622
5938,-0.8081976204276418,-0.7458469,-0.06235069326165665,0.06235069326165665
5939,-0.6614513416797458,-0.67487353,0.013422189184969735,0.013422189184969735
5940,-0.7954694369805759,-0.5364628,-0.25900665316709937,0.25900665316709937
5941,0.11433516110998104,-0.76107734,0.875412505527553,0.875412505527553
5942,-0.6659173709594179,-0.3297124,-0.33620498005975974,0.33620498005975974
5943,-0.5830353109108345,-0.6377259,0.05469057877193528,0.05469057877193528
5944,1.0507126334145878,-0.34047565,1.391188282056174,1.391188282056174
5945,1.524037303238514,1.573179,-0.049141703338024145,0.049141703338024145
5946,1.1712582070550732,1.2390149,-0.06775665691282229,0.06775665691282229
5947,-0.2098241307728935,0.38660473,-0.5964288570874382,0.5964288570874382
5948,0.09725259911523473,-0.5766196,0.6738722242067875,0.6738722242067875
5949,-0.624011129551827,-0.3385109,-0.2855002288159719,0.2855002288159719
5950,-0.7870584151705267,-0.7383137,-0.04874474024376885,0.04874474024376885
5951,-0.8571006410400525,-0.73149836,-0.12560228040620236,0.12560228040620236
5952,-0.8458611340195441,-0.7389216,-0.10693955132072208,0.10693955132072208
5953,-0.7308608800679847,-0.8536289,0.12276799375708858,0.12276799375708858
5954,-0.8589614865732492,-0.6816952,-0.17726626371863496,0.17726626371863496
5955,-0.33431469694375643,-0.191468,-0.14284669653176912,0.14284669653176912
5956,1.524335038523826,0.8521844,0.6721506236602395,0.6721506236602395
5957,1.5363933175789406,0.9080987,0.6282946199165871,0.6282946199165871
5958,2.867232826010595,1.5272759,1.3399569060963494,1.3399569060963494
5959,1.6910295813875909,1.7089908,-0.01796123091404489,0.01796123091404489
5960,1.9203974018094225,1.2557387,0.6646586666104479,0.6646586666104479
5961,3.06749702229323,1.7154917,1.3520053698045214,1.3520053698045214
5962,2.4050360124751853,1.5933585,0.81167749578207,0.81167749578207
5963,0.9765765473720289,1.4695688,-0.4929923012378954,0.4929923012378954
5964,-0.6374836512121715,0.9980598,-1.6355434604200878,1.6355434604200878
5965,-0.7018689066607792,-0.46775922,-0.2341096848685581,0.2341096848685581
5966,-0.4737292442908572,-0.3776841,-0.09604515772965422,0.09604515772965422
5967,2.57068848184036,0.058026507,2.5126619743435263,2.5126619743435263
5968,2.978771907270408,2.1753285,0.8034434141521221,0.8034434141521221
5969,1.7651656674301492,2.1219049,-0.3567391825759543,0.3567391825759543
5970,2.5544246918802207,1.228989,1.3254356867914145,1.3254356867914145
5971,1.585966242583302,1.3455105,0.24045575979521616,0.24045575979521616
5972,0.7271115951916721,0.6875679,0.03954370550127295,0.03954370550127295
5973,0.5063780980438731,-0.18731025,0.6936883466572307,0.6936883466572307
5974,-0.4509897118751928,-0.15223187,-0.29875783979343623,0.29875783979343623
5975,-0.8614922364983968,-0.67097116,-0.19052108133177081,0.19052108133177081
5976,-0.8722479236802739,-0.7233585,-0.14888941175553028,0.14888941175553028
5977,-0.7252411265577304,-0.6815648,-0.04367631866588473,0.04367631866588473
5978,-0.7699014193544526,-0.6606932,-0.10920819110967106,0.10920819110967106
5979,-0.04912151052602193,-0.29584643,0.24672492192141154,0.24672492192141154
5980,2.121368719394672,1.566793,0.5545757544593695,0.5545757544593695
5981,1.1356788404603513,0.86186504,0.27381379682021456,0.27381379682021456
5982,0.7916085013722717,1.0182613,-0.22665281206614385,0.22665281206614385
5983,-0.5537828191289815,0.8049881,-1.3587709053525838,1.3587709053525838
5984,0.8103286074362311,-0.47664854,1.2869771467409645,1.2869771467409645
5985,0.04496283963240601,0.6534551,-0.6084922389694312,0.6084922389694312
5986,-0.6384140739787699,0.11733899,-0.7557530666340472,0.7557530666340472
5987,-0.7641700151122065,-0.64588344,-0.11828657414083199,0.11828657414083199
5988,-0.7673334525186409,-0.6696291,-0.09770435553377765,0.09770435553377765
5989,-0.6872426607698527,-0.6873428,0.0001001617818745526,0.0001001617818745526
5990,0.04425571832979132,-0.4415392,0.4857949164899628,0.4857949164899628
5991,2.7346661902256586,0.5999151,2.1347511030026056,2.1347511030026056
5992,2.055569221340835,2.0111926,0.044376661144912344,0.044376661144912344
5993,2.089324959313024,1.4834974,0.6058275781026969,0.6058275781026969
5994,1.6089290764629502,1.3741784,0.23475066688653423,0.23475066688653423
5995,0.2652869507629017,0.85005456,-0.5847676113289257,0.5847676113289257
5996,-0.4107582314474791,-0.3030265,-0.1077317340834349,0.1077317340834349
5997,-0.06553416812881722,-0.5402704,0.47473621999755605,0.47473621999755605
5998,-0.7766748970952888,-0.6021252,-0.17454966964396434,0.17454966964396434
5999,-0.8481313655700442,-0.80731785,-0.040813512596106216,0.040813512596106216
6000,-0.7217799538659844,-0.72149396,-0.00028599443910448663,0.00028599443910448663
6001,-0.8594080895012164,-0.67102426,-0.18838382659609554,0.18838382659609554
6002,-0.8670747730979871,-0.5575918,-0.3094829771766614,0.3094829771766614
6003,-0.1851121020920406,-0.0012610331,-0.18385106897426945,0.18385106897426945
6004,1.9841127528660798,1.4187748,0.5653379096501374,0.5653379096501374
6005,0.8702478336051666,0.8111271,0.059120707388278126,0.059120707388278126
6006,0.8452380696390019,0.59008145,0.2551566163156377,0.2551566163156377
6007,1.0292384759614972,0.6860186,0.34321988980274476,0.34321988980274476
6008,0.9009145679922489,0.5682104,0.3327041449995426,0.3327041449995426
6009,0.33901365078815715,0.5867719,-0.24775825463405354,0.24775825463405354
6010,-0.7597784196538622,0.20279577,-0.9625741933984453,0.9625741933984453
6011,-0.6240855633731549,-0.70206964,0.07798407678645203,0.07798407678645203
6012,-0.6265790963876386,-0.55549884,-0.07108025796295603,0.07108025796295603
6013,-0.8453773141809129,-0.60891426,-0.23646305808502666,0.23646305808502666
6014,-0.8450795788956014,-0.68060666,-0.16447291566852007,0.16447291566852007
6015,0.26085813839389344,-0.5584189,0.8192770679707673,0.8192770679707673
6016,1.2234363158059105,1.0761993,0.14723702266931382,0.14723702266931382
6017,1.343981889446396,1.5086364,-0.1646544659536895,0.1646544659536895
6018,1.9151498174058075,0.789838,1.1253118013726349,1.1253118013726349
6019,0.6303848443761048,0.50915176,0.1212330876126465,0.1212330876126465
6020,-0.34503316721496974,-0.6106196,0.2655864373725852,0.2655864373725852
6021,-0.7170534062116648,-0.5939558,-0.12309759137325538,0.12309759137325538
6022,-0.47480853470011125,-0.8247186,0.3499100598509752,0.3499100598509752
6023,-0.7270275382695994,-0.5308493,-0.19617826029642438,0.19617826029642438
6024,-0.835589266676298,-0.7403959,-0.09519336308895665,0.09519336308895665
6025,-0.8351798806589947,-0.6637763,-0.17140360216320616,0.17140360216320616
6026,-0.07387075611753875,-0.6354283,0.561557553323074,0.561557553323074
6027,0.14440642492644074,0.26551706,-0.12111063106187103,0.12111063106187103
6028,1.5472978724034732,1.4438344,0.1034634483846133,0.1034634483846133
6029,0.15311518202180158,0.79255193,-0.6394367526972842,0.6394367526972842
6030,-0.8616038872303887,0.089351185,-0.9509550718965455,0.9509550718965455
6031,-0.855016494042872,-0.6794319,-0.17558457875966893,0.17558457875966893
6032,-0.7782752242538379,-0.6730167,-0.10525849728316528,0.10525849728316528
6033,-0.6639448746942295,-0.6619622,-0.0019826635621799094,0.0019826635621799094
6034,-0.7826668197121823,-0.40948057,-0.37318624796535615,0.37318624796535615
6035,-0.6833721020608035,-0.6758714,-0.007500729837903064,0.007500729837903064
6036,-0.8507737662271835,-0.59784734,-0.2529264237360336,0.2529264237360336
6037,-0.19326260552744237,-0.76851785,0.5752552463020865,0.5752552463020865
6038,-0.806336774894445,-0.37864697,-0.42768980509921795,0.42768980509921795
6039,0.23681601410499128,-0.6182803,0.8550963056623033,0.8550963056623033
6040,0.821084294618108,0.5165574,0.3045268991598865,0.3045268991598865
6041,0.9585635626106844,0.68072987,0.2778336965828524,0.2778336965828524
6042,1.6668758063666969,0.9629902,0.7038855820052772,0.7038855820052772
6043,1.0091413442029724,1.354167,-0.34502564035513306,0.34502564035513306
6044,-0.3621901630310437,-0.21013126,-0.152058905258598,0.152058905258598
6045,-0.6304496550966878,-0.67650914,0.04605948682530925,0.04605948682530925
6046,-0.50997851527753,-0.7490558,0.23907728754458302,0.23907728754458302
6047,-0.6374464343015076,-0.61242324,-0.02502319316304935,0.02502319316304935
6048,-0.6346923829123763,-0.6440415,0.00934909572150433,0.00934909572150433
6049,-0.6343574307164009,-0.6066597,-0.02769772030914386,0.02769772030914386
6050,-0.5620821902070391,-0.53323334,-0.028848845652137967,0.028848845652137967
6051,0.7616116713771398,0.25068423,0.5109274398574407,0.5109274398574407
6052,1.5293593214634564,1.2781929,0.2511664436939862,0.2511664436939862
6053,0.48363856562820884,0.81000006,-0.32636149636062173,0.32636149636062173
6054,0.521302079220111,0.32881036,0.19249171521216113,0.19249171521216113
6055,0.3300071584074846,0.2784354,0.051571749338423345,0.051571749338423345
6056,0.31705567349643543,0.10858862,0.20846705247611835,0.20846705247611835
6057,0.7515631054978775,-0.034801878,0.786364983532946,0.786364983532946
6058,0.5467212292035788,0.4357774,0.11094383323990997,0.11094383323990997
6059,0.4316093245200276,0.079964645,0.35164467931309934,0.35164467931309934
6060,-0.35954776237390434,0.061850104,-0.42139786685488617,0.42139786685488617
6061,0.10443546287337416,-0.44176808,0.5462035428694831,0.5462035428694831
6062,-0.6776406978185575,0.06864308,-0.7462837760265272,0.7462837760265272
6063,-0.41905760252553653,-0.5255816,0.10652399575632382,0.10652399575632382
6064,0.3747418850255349,0.13388656,0.24085532422784356,0.24085532422784356
6065,0.3298955076754931,1.0412942,-0.7113987094341871,0.7113987094341871
6066,1.3428653821264782,0.69885725,0.644008134297041,0.644008134297041
6067,-0.01826869158561967,0.28315073,-0.3014194241028621,0.3014194241028621
6068,-0.867595809847282,-0.694597,-0.1729988040031658,0.1729988040031658
6069,0.37976616796516605,-0.7281462,1.1079123633768482,1.1079123633768482
6070,-0.806895028554404,-0.16848788,-0.6384071519007327,0.6384071519007327
6071,-0.6727652825215821,-0.8652577,0.1924923978945251,0.1924923978945251
6072,-0.7825551689801905,-0.6562765,-0.12627864491326546,0.12627864491326546
6073,-0.7946134480353055,-0.82466406,0.030050608265811407,0.030050608265811407
6074,-0.8502155125672245,-0.6599725,-0.19024302368706703,0.19024302368706703
6075,-0.5065917764071117,-0.37880203,-0.1277897451285015,0.1277897451285015
6076,1.4176341556503236,0.59335494,0.8242792152358949,0.8242792152358949
6077,0.5358166743790458,0.7873326,-0.25151592001563805,0.25151592001563805
6078,0.23529012076777012,0.3503698,-0.11507969029027432,0.11507969029027432
6079,-0.7437379311577061,0.0950358,-0.8387737300053815,0.8387737300053815
6080,0.004880226847347877,-0.49232677,0.4972069930998656,0.4972069930998656
6081,1.0991690510990313,0.24767444,0.8514946157219103,0.8514946157219103
6082,0.7775777260519682,0.7352688,0.042308954403561194,0.042308954403561194
6083,1.6988451326270169,0.55791765,1.1409274781127041,1.1409274781127041
6084,1.563747746916933,0.9482871,0.6154606175147723,0.6154606175147723
6085,1.6272770134202699,0.837767,0.789510008453534,0.789510008453534
6086,2.4358888314155873,1.2980553,1.137833540239745,1.137833540239745
6087,1.602490550918089,1.4205121,0.18197847072552298,0.18197847072552298
6088,0.7885194977871649,1.7611427,-0.9726232329257257,0.9726232329257257
6089,0.6324689913732852,1.0604215,-0.4279524754541074,0.4279524754541074
6090,2.477832289733842,0.7006602,1.777172061004594,1.777172061004594
6091,0.2342480472691798,1.4034175,-1.1691694208018042,1.1691694208018042
6092,1.137688553636204,-0.30541116,1.443099713628422,1.443099713628422
6093,0.7032183385454259,0.43169773,0.2715206122957311,0.2715206122957311
6094,0.4565446546648641,0.59783053,-0.14128587931645914,0.14128587931645914
6095,0.9840571464154801,0.4709987,0.513058441982039,0.513058441982039
6096,0.687103416227942,0.6852827,0.0018207090135865522,0.0018207090135865522
6097,-0.2644957725382142,0.24293324,-0.5074290160513215,0.5074290160513215
6098,-0.7922315657528136,-0.50105447,-0.2911770999820922,0.2911770999820922
6099,-0.8056296535918303,-0.7236096,-0.08202002729864788,0.08202002729864788
6100,-0.7847137497986987,-0.7528562,-0.031857554825706735,0.031857554825706735
6101,-0.5025723500554068,-0.48742476,-0.015147588998506767,0.015147588998506767
6102,0.015821998582545075,-0.18127868,0.1971006743771465,0.1971006743771465
6103,0.5578490854920951,0.22680032,0.3310487629594413,0.3310487629594413
6104,0.8684986388039615,0.4844684,0.38403023832559846,0.38403023832559846
6105,1.951324654571153,0.87000877,1.0813158879199993,1.0813158879199993
6106,1.9686305180298826,1.030907,0.9377234831559202,0.9377234831559202
6107,2.9531294558229573,1.5602093,1.392920181530965,1.392920181530965
6108,0.7291982653692366,1.3727033,-0.643505048458278,0.643505048458278
6109,0.4389782728314867,-0.038849175,0.4778274478078356,0.4778274478078356
6110,0.9894908153724146,0.60088736,0.3886034571837854,0.3886034571837854
6111,1.6135439733852777,1.0043685,0.6091754297603997,0.6091754297603997
6112,1.6651638284761556,1.4139029,0.2512609497148641,0.2512609497148641
6113,0.3400929411974112,1.2611525,-0.9210595646772226,0.9210595646772226
6114,-0.07811348393322738,0.53964674,-0.6177602286613157,0.6177602286613157
6115,1.3731227304962572,0.39871636,0.9744063701656756,0.9744063701656756
6116,0.26699892865344277,0.4797059,-0.2127069713003994,0.2127069713003994
6117,-0.5246047611684564,-0.45838556,-0.06621920423219241,0.06621920423219241
6118,-0.5702699105531048,-0.5717149,0.00144496752917056,0.00144496752917056
6119,-0.7898496834703218,-0.5809481,-0.2089015690751802,0.2089015690751802
6120,-0.8308999359326421,-0.7515978,-0.07930211422014821,0.07930211422014821
6121,-0.8347332777310275,-0.73795223,-0.09678104537018761,0.09678104537018761
6122,-0.8165714253270271,-0.6956173,-0.12095410717364574,0.12095410717364574
6123,-0.6663267569767213,-0.29924914,-0.3670776145683503,0.3670776145683503
6124,0.7444918924717296,0.74806845,-0.0035765594096790476,0.0035765594096790476
6125,1.1918763755628936,0.783933,0.40794339168761895,0.40794339168761895
6126,0.4464960887856015,0.6857556,-0.23925952168040193,0.23925952168040193
6127,0.5159056271738407,0.39174458,0.12416104332870215,0.12416104332870215
6128,-0.3658002033654455,0.2714351,-0.6372353151265386,0.6372353151265386
6129,-0.8502527294778885,-0.51368153,-0.33657119852543493,0.33657119852543493
6130,-0.8592220049478967,-0.6624382,-0.19678379112267086,0.19678379112267086
6131,-0.8153060503644534,-0.65357137,-0.16173468310065942,0.16173468310065942
6132,-0.776563246363297,-0.6660464,-0.11051686536659289,0.11051686536659289
6133,-0.7112847850587548,-0.5841373,-0.12714746454026116,0.12714746454026116
6134,-0.8215957082666584,-0.48994538,-0.3316503263868519,0.3316503263868519
6135,-0.7223009906152796,-0.44706264,-0.27523834923306223,0.27523834923306223
6136,0.36033894059859184,-0.18083286,0.5411718034525957,0.5411718034525957
6137,0.005996734167266054,0.6814045,-0.6754077372301338,0.6754077372301338
6138,-0.10531904562856378,0.055170354,-0.16048939913059893,0.16048939913059893
6139,0.12460702845322698,-0.17189512,0.29650214502083866,0.29650214502083866
6140,0.13644200604435852,-0.21160814,0.34805014770504883,0.34805014770504883
6141,-0.4465236825955206,-0.073099054,-0.3734246281993681,0.3734246281993681
6142,-0.8624598761756591,-0.58915925,-0.2733006259162597,0.2733006259162597
6143,-0.019608500369521435,-0.7237916,0.7041830989041602,0.7041830989041602
6144,-0.8210374546066994,-0.47281238,-0.3482250702397103,0.3482250702397103
6145,-0.6569108785787456,-1.0004473,0.3435363946756489,0.3435363946756489
6146,-0.8552025785961919,-0.776077,-0.07912560611160324,0.07912560611160324
6147,-0.8625715269076509,-0.42968807,-0.43288346066352557,0.43288346066352557
6148,-0.5292940919121124,-0.0044705123,-0.524823579641185,0.524823579641185
6149,-0.454860270584242,0.3298438,-0.7847040599233075,0.7847040599233075
6150,-0.05998884843989077,-0.032280847,-0.02770800100966158,0.02770800100966158
6151,-0.5106484196694808,0.16521278,-0.6758611999066787,0.6758611999066787
6152,2.144889806934279,-0.29895595,2.443845754095,2.443845754095
6153,0.0227071270553728,1.0301278,-1.0074206366927962,1.0074206366927962
6154,-0.7583269601379689,0.1569557,-0.9152826642309483,0.9152826642309483
6155,-0.8502899463885523,-0.74217874,-0.10811120827133425,0.10811120827133425
6156,-0.8413206709185441,-0.7822608,-0.05905989535244305,0.05905989535244305
6157,-0.8208513700533797,-0.7912141,-0.029637261586277663,0.029637261586277663
6158,-0.6389723276387289,-0.73854107,0.09956873900784702,0.09956873900784702
6159,-0.8302672484513554,-0.5002364,-0.33003085643017616,0.33003085643017616
6160,-0.8817010189889135,-0.71354777,-0.16815325278026483,0.16815325278026483
6161,-0.08429149110344042,-0.59106654,0.5067750481841267,0.5067750481841267
6162,-0.8111005394594286,-0.26643887,-0.544661667837343,0.544661667837343
6163,-0.6694901943831556,-0.5434116,-0.12607858187247445,0.12607858187247445
6164,-0.48187974772625897,-0.45465186,-0.027227885343370173,0.027227885343370173
6165,-0.3350218182463711,-0.39463174,0.05960992518472019,0.05960992518472019
6166,-0.42609159864102025,-0.47819886,0.052107257474320934,0.052107257474320934
6167,-0.21559275192580343,-0.5653024,0.34970962005295636,0.34970962005295636
6168,-0.7953205693379202,-0.6434322,-0.1518883693829336,0.1518883693829336
6169,-0.8557608322561507,-0.9492038,0.09344295697801064,0.09344295697801064
6170,-0.8652511444754541,-0.90670085,0.04144970505762691,0.04144970505762691
6171,-0.7754467390433788,-0.65959346,-0.11585327609934803,0.11585327609934803
6172,0.684684317034786,-0.12036992,0.8050542356792143,0.8050542356792143
6173,0.9046362590586424,0.7827559,0.12188034770839218,0.12188034770839218
6174,0.4987114144471024,0.5971698,-0.09845840204688566,0.09845840204688566
6175,0.8363432279903217,0.3931282,0.443215041526012,0.443215041526012
6176,1.67428197158882,0.7577811,0.9165008832366166,0.9165008832366166
6177,-0.7718739156196411,0.8129575,-1.5848314408729371,1.5848314408729371
6178,-0.4554929580655291,-0.49255958,0.03706662392948129,0.03706662392948129
6179,-0.6379302541401388,-0.29131976,-0.3466104964401724,0.3466104964401724
6180,-0.6899967121589838,-0.6999874,0.0099906993400396,0.0099906993400396
6181,-0.4513618809818322,-0.7154387,0.26407684258231573,0.26407684258231573
6182,-0.6171260010789991,-0.37898293,-0.23814306970349552,0.23814306970349552
6183,-0.6566503602040981,-0.59070754,-0.0659428196920131,0.0659428196920131
6184,-0.29188741878687036,-0.568713,0.27682559057058204,0.27682559057058204
6185,-0.05559725298154666,-0.29814067,0.24254342184793637,0.24254342184793637
6186,-0.7898869003809856,0.1231122,-0.9129991020716595,0.9129991020716595
6187,-0.3129894071333216,-0.5815978,0.2686083978898718,0.2686083978898718
6188,-0.32936484782545294,-0.30276734,-0.026597511456892153,0.026597511456892153
6189,1.0872224227759082,-0.42328623,1.5105086521479327,1.5105086521479327
6190,-0.5728006604782523,0.19202682,-0.7648274842373313,0.7648274842373313
6191,-0.8228610832292322,-0.63947016,-0.18339092322175543,0.18339092322175543
6192,-0.8493967405326178,-0.66541857,-0.1839781752593329,0.1839781752593329
6193,-0.7492460339359687,-0.7471181,-0.002127918510858806,0.002127918510858806
6194,-0.7744418824554526,-0.8891838,0.11474193683852318,0.11474193683852318
6195,-0.7869467644385348,-0.88893765,0.10199088767251863,0.10199088767251863
6196,-0.67283971634291,-0.56485105,-0.10798867073438945,0.10798867073438945
6197,-0.3328260205171989,0.28363112,-0.6164571366690086,0.6164571366690086
6198,0.6329155943012523,0.008787386,0.6241282081818866,0.6241282081818866
6199,0.32494565855718976,0.3391085,-0.014162838347183404,0.014162838347183404
6200,-0.8064112087157729,0.09574201,-0.9021532182959082,0.9021532182959082
6201,-0.6877264806084838,-0.76821023,0.08048375164935917,0.08048375164935917
6202,-0.6245321663011221,-0.763702,0.1391698090444895,0.1391698090444895
6203,0.3684522271233298,-0.67186195,1.0403141737061241,1.0403141737061241
6204,1.300586971612248,0.060381077,1.2402058943822714,1.2402058943822714
6205,1.0868874705799325,0.56947,0.5174174822338327,0.5174174822338327
6206,1.1330736567138762,0.41268286,0.7203907956241697,0.7203907956241697
6207,0.25512673415164755,0.7183092,-0.46318248950023844,0.46318248950023844
6208,1.4899466130703491,0.24040782,1.2495387885540528,1.2495387885540528
6209,-0.6220386332866384,0.97061586,-1.5926544970866874,1.5926544970866874
6210,-0.7382298283794438,-0.2808073,-0.45742254187851306,0.45742254187851306
6211,-0.379868195596413,-0.3674901,-0.012378082814888336,0.012378082814888336
6212,-0.21056846898617212,-0.17960009,-0.030968379197735235,0.030968379197735235
6213,-0.05898399185196463,0.11614536,-0.1751293493415505,0.1751293493415505
6214,-0.547232642852129,-0.48604497,-0.06118766971713452,0.06118766971713452
6215,-0.6966213222571644,-0.6072371,-0.08938422165596815,0.08938422165596815
6216,-0.8621993578010115,-0.7859637,-0.07623564367823932,0.07623564367823932
6217,-0.8628692621929623,-0.8445035,-0.01836574027371185,0.01836574027371185
6218,-0.784490448334715,-0.8697094,0.08521892418573174,0.08521892418573174
6219,-0.6457085884689011,-0.73962456,0.09391597141040187,0.09391597141040187
6220,-0.8740715523028068,-0.056803413,-0.8172681395673446,0.8172681395673446
6221,-0.6806924844930001,-0.21246025,-0.46823223483060084,0.46823223483060084
6222,0.35408649960705096,-0.24715167,0.6012381724471694,0.6012381724471694
6223,-0.6258719750850238,0.41606274,-1.0419347175567188,1.0419347175567188
6224,-0.5288102720734812,-0.6215336,0.09272330060031642,0.09272330060031642
6225,-0.03613280870430853,-0.25798735,0.2218545415211401,0.2218545415211401
6226,-0.2979909921357557,0.42097315,-0.7189641440579817,0.7189641440579817
6227,-0.39646693775252795,-0.28876975,-0.10769718596534228,0.10769718596534228
6228,0.26379827433634423,-0.48131892,0.7451171951870981,0.7451171951870981
6229,-0.6303752212753599,0.20562258,-0.8359978049030607,0.8359978049030607
6230,-0.5167147761077022,-0.551899,0.03518423979577068,0.03518423979577068
6231,0.1310083370874241,-0.4139838,0.5449921291539982,0.5449921291539982
6232,0.2511817416212704,0.57503235,-0.3238506117799137,0.3238506117799137
6233,0.5168732668511027,0.53947365,-0.02260038598855796,0.02260038598855796
6234,0.616540153609121,0.3851696,0.23137055812915575,0.23137055812915575
6235,-0.13840487920880215,0.23777512,-0.37617999636769195,0.37617999636769195
6236,0.28076918559909847,-0.42668864,0.7074578269088366,0.7074578269088366
6237,0.6326922928372688,-0.3708414,1.003533706573612,1.003533706573612
6238,0.13670252441900604,0.24079186,-0.10408933282357818,0.10408933282357818
6239,-0.20115259058819673,-0.22275174,0.021599146052733442,0.021599146052733442
6240,-0.6354367211256551,-0.25364906,-0.3817876651678609,0.3817876651678609
6241,-0.8099840321395108,-0.7479021,-0.06208193682167018,0.06208193682167018
6242,-0.8680051958645854,-0.87831557,0.010310372105690524,0.010310372105690524
6243,-0.8584404498239541,-0.8589983,0.0005578488210654653,0.0005578488210654653
6244,-0.6961002855078693,-0.7306177,0.034517416499424414,0.034517416499424414
6245,-0.7683755260172311,-0.34831125,-0.42006428057579437,0.42006428057579437
6246,-0.7939435436433546,-0.48041937,-0.31352417609155103,0.31352417609155103
6247,-0.3496480641372976,-0.6160746,0.2664265575401011,0.2664265575401011
6248,2.2823690749268555,-0.08545368,2.367822756574633,2.367822756574633
6249,-0.20546975222521321,1.0190206,-1.2244903096287776,1.2244903096287776
6250,0.1498773107940391,-0.048486434,0.19836374471728357,0.19836374471728357
6251,0.7339595067538364,0.4490178,0.2849417138136966,0.2849417138136966
6252,0.5067502671505124,0.20478758,0.30196268499147005,0.30196268499147005
6253,0.6416243513966132,0.29849586,0.34312849248891364,0.34312849248891364
6254,0.49223567199157786,0.31529796,0.17693771075653147,0.17693771075653147
6255,1.1736028724269012,0.20247525,0.9711276226595977,0.9711276226595977
6256,1.6899502909783362,1.1583115,0.5316388047341345,0.5316388047341345
6257,2.4827449219414817,1.3706505,1.1120943920800315,1.1120943920800315
6258,2.151030597193828,1.5745995,0.576431092723003,0.576431092723003
6259,1.9998182891662601,1.2983844,0.7014338611419682,0.7014338611419682
6260,1.9898069401976615,1.1117369,0.8780700465437918,0.8780700465437918
6261,0.8038156480700422,1.1740426,-0.3702269344418596,0.3702269344418596
6262,0.431944276716003,0.52489036,-0.09294608650039715,0.09294608650039715
6263,0.38058493999977255,0.21287724,0.16770769624252463,0.16770769624252463
6264,0.5205205240961684,0.27778965,0.24273087174860375,0.24273087174860375
6265,0.4214491079087732,0.4890698,-0.06762068173928282,0.06762068173928282
6266,2.033462376406457,0.3894769,1.6439854810741208,1.6439854810741208
6267,0.9395829381720776,0.9567817,-0.01719874718024783,0.01719874718024783
6268,-0.8483546670340277,0.1490798,-0.9974344666861273,0.9974344666861273
6269,-0.8195487781801419,-0.5855298,-0.2340189739504056,0.2340189739504056
6270,-0.7712784450490181,-0.62175566,-0.1495227854687874,0.1495227854687874
6271,-0.647569434002098,-0.53796446,-0.10960497076815023,0.10960497076815023
6272,-0.8588870527519213,-0.41537663,-0.4435104193462359,0.4435104193462359
6273,-0.8408368510799128,-0.5068082,-0.33402862973973335,0.33402862973973335
6274,0.09758755131121012,-0.6275324,0.7251199738537821,0.7251199738537821
6275,0.5020237194961927,0.049451783,0.4525719361967466,0.4525719361967466
6276,-0.5509171170078586,0.15875825,-0.7096753698669742,0.7096753698669742
6277,-0.8305277668260028,-0.41934213,-0.41118563640341066,0.41118563640341066
6278,-0.7037297521939759,-0.7392652,0.035535451281976216,0.035535451281976216
6279,-0.8491734390686343,-0.56338495,-0.28578848890765407,0.28578848890765407
6280,-0.80912804319424,-0.58309567,-0.2260323734478411,0.2260323734478411
6281,-0.7773448014872395,-0.53272253,-0.24462226873806348,0.24462226873806348
6282,0.143066616142539,-0.3023508,0.445417405451087,0.445417405451087
6283,0.2659940720655164,0.6437195,-0.37772542227728756,0.37772542227728756
6284,1.0595330412419401,0.6150239,0.44450913024264205,0.44450913024264205
6285,0.25721088114882795,0.24065456,0.016556323205483836,0.016556323205483836
6286,0.43700577656629813,0.21555752,0.22144826094511283,0.22144826094511283
6287,0.2199567535742288,0.06135493,0.15860182213029914,0.15860182213029914
6288,-0.0272007501449641,0.06275384,-0.08995459142590129,0.08995459142590129
6289,-0.8503271632992162,-0.13991651,-0.7104106539093389,0.7104106539093389
6290,-0.7130339798599598,-0.8875068,0.17447280314861568,0.17447280314861568
6291,-0.7637606290949033,-0.75552684,-0.00823378840810518,0.00823378840810518
6292,-0.7865373784212315,-0.6028356,-0.18370178281347394,0.18370178281347394
6293,-0.8610828504810935,-0.61451286,-0.24656998970609956,0.24656998970609956
6294,0.12211349543874336,-0.7615581,0.8836716109210737,0.8836716109210737
6295,-0.723194196471214,-0.25008145,-0.4731127467241284,0.4731127467241284
6296,-0.7617881328297147,-0.74606913,-0.01571899954800693,0.01571899954800693
6297,-0.402719378744069,-0.6316903,0.22897094460874473,0.22897094460874473
6298,0.8767235760606913,-0.5150865,1.3918100480951456,1.3918100480951456
6299,0.3926432190548874,0.39487648,-0.002233261047651647,0.002233261047651647
6300,0.41661090952246194,0.2819361,0.13467480045645241,0.13467480045645241
6301,0.5900417132163992,0.29526186,0.29477985332260037,0.29477985332260037
6302,0.4011286746862647,0.4307212,-0.029592518865752537,0.029592518865752537
6303,-0.47719041698260317,0.31747672,-0.7946671366004467,0.7946671366004467
6304,-0.8453028803595849,-0.5867997,-0.25850319917290887,0.25850319917290887
6305,-0.6855678997899757,-0.71721476,0.03164686337454459,0.03164686337454459
6306,-0.023776794363882203,-0.5383516,0.5145748010378817,0.5145748010378817
6307,0.3356641288284029,0.42013046,-0.08446633262598857,0.08446633262598857
6308,0.4294135267908552,0.31246167,0.11695185257744578,0.11695185257744578
6309,0.38374837740620715,0.026766729,0.3569816487964068,0.3569816487964068
6310,0.194649254322753,0.17522645,0.01942280435632235,0.01942280435632235
6311,-0.7733998089568623,-0.08140577,-0.6919940426485547,0.6919940426485547
6312,-0.8473498104461014,-0.6872698,-0.16008000358422392,0.16008000358422392
6313,0.3781658408066168,-0.6959408,1.0741066333671943,1.0741066333671943
6314,-0.7916733120928545,-0.5184897,-0.2731835936556597,0.2731835936556597
6315,-0.7653609562534525,-0.9011385,0.13577752822454436,0.13577752822454436
6316,-0.6760775875706722,-0.7507662,0.07468863013791549,0.07468863013791549
6317,-0.6193217988081712,-0.59951943,-0.01980236721713724,0.01980236721713724
6318,0.3978163696371746,-0.24771291,0.6455292798124981,0.6455292798124981
6319,-0.24972065900463197,0.2731335,-0.522854145513955,0.522854145513955
6320,-0.7355129939009767,-0.2964025,-0.4391104799201112,0.4391104799201112
6321,-0.8318675756099043,-0.69023883,-0.14162874218247512,0.14162874218247512
6322,-0.7662541621093869,-0.7718586,0.0056044108505129975,0.0056044108505129975
6323,-0.8127753004393058,-0.65243214,-0.1603431567511039,0.1603431567511039
6324,-0.7954694369805759,-0.65005726,-0.1454121807588047,0.1454121807588047
6325,-0.7996749478856006,-0.5849107,-0.21476425710114622,0.21476425710114622
6326,-0.8550537109535361,-0.5566587,-0.29839502574616916,0.29839502574616916
6327,0.06833505952935715,-0.5693067,0.6376417311487724,0.6376417311487724
6328,-0.2770378714319603,-0.011909485,-0.26512838656867904,0.26512838656867904
6329,0.14008926328942425,0.1187553,0.021333959966155364,0.021333959966155364
6330,0.29960094239505003,0.26294532,0.03665561821253965,0.03665561821253965
6331,0.3795800834118462,0.27774295,0.101837131303463,0.101837131303463
6332,1.3369478933309122,0.045137912,1.2918099812959238,1.2918099812959238
6333,-0.531154937445309,0.4141123,-0.9452672371260188,0.9452672371260188
6334,-0.1483417943560727,-0.6132884,0.46494660820130035,0.46494660820130035
6335,-0.02984315080210345,-0.20758137,0.17773822026685102,0.17773822026685102
6336,-0.7667751988586821,-0.21328387,-0.5534913322147764,0.5534913322147764
6337,-0.8474614611780932,-0.8214024,-0.02605909024837516,0.02605909024837516
6338,-0.7822202167842149,-0.9841277,0.20190748354461197,0.20190748354461197
6339,-0.6282538573675156,-0.93885046,0.3105966050691604,0.3105966050691604
6340,-0.07539664945475993,-0.43964353,0.36424688258297505,0.36424688258297505
6341,1.01271416762671,0.7598519,0.25286229470571997,0.25286229470571997
6342,1.0533922509823912,0.5588544,0.4945378498707884,0.4945378498707884
6343,-0.052992069235071,0.606362,-0.659354054441675,0.659354054441675
6344,-0.7820713491415593,-0.10655261,-0.675518740830383,0.675518740830383
6345,-0.8486896192300032,-0.69382435,-0.15486526839611037,0.15486526839611037
6346,-0.7207006634567303,-0.75513405,0.03443338262099793,0.03443338262099793
6347,-0.8521135750110851,-0.6974999,-0.1546137037571178,0.1546137037571178
6348,-0.7814758785709364,-0.71498257,-0.06649330935325448,0.06649330935325448
6349,-0.7814014447496085,-0.5794932,-0.2019082201287894,0.2019082201287894
6350,-0.457725972705365,-0.63896483,0.18123885912370602,0.18123885912370602
6351,-0.12050354517944936,-0.0871209,-0.03338264711149816,0.03338264711149816
6352,0.15761842821213748,0.68951905,-0.5319006195249841,0.5319006195249841
6353,0.5917536911069402,0.024969045,0.5667846460341462,0.5667846460341462
6354,2.2934597143047077,1.0081565,1.2853031762950642,1.2853031762950642
6355,-0.21127559028878695,1.2934943,-1.5047699340464162,1.5047699340464162
6356,-0.8060762565197974,-0.6870039,-0.119072345978263,0.119072345978263
6357,-0.6556082867055079,-0.73594606,0.08033777252148189,0.08033777252148189
6358,-0.27547476118407493,-0.8438895,0.5684147136846995,0.5684147136846995
6359,-0.5746242891007851,-0.66844344,0.0938191522902061,0.0938191522902061
6360,-0.8332073843938061,-0.79185045,-0.04135693673908203,0.04135693673908203
6361,-0.7070792741537302,-0.9277875,0.2207082085847647,0.2207082085847647
6362,-0.7745907500981084,-0.8091461,0.03455535614502514,0.03455535614502514
6363,-0.3084861609429855,-0.5004464,0.19196021824173742,0.19196021824173742
6364,1.3210190555667478,0.6884782,0.6325408837413389,0.6325408837413389
6365,3.717825319234831,0.9846693,2.73315599149893,2.73315599149893
6366,1.2951533026553137,1.0816491,0.2135042376376135,0.2135042376376135
6367,2.8332537865744216,1.5372792,1.2959745383368118,1.2959745383368118
6368,2.402989082388669,1.7695237,0.6334653425739107,0.6334653425739107
6369,1.130505689878064,1.151413,-0.0209072739891234,0.0209072739891234
6370,1.1871498279085735,0.5772057,0.6099441103449443,0.6099441103449443
6371,-0.29668840026251797,0.81222844,-1.1089168415009212,1.1089168415009212
6372,-0.4277663596208974,0.05527571,-0.4830420680578633,0.4830420680578633
6373,-0.714038836447886,0.21787468,-0.931913512437037,0.931913512437037
6374,-0.4829590381355131,-0.50462073,0.0216616927414095,0.0216616927414095
6375,0.6775386701873106,0.18287945,0.4946592222502989,0.4946592222502989
6376,3.310151279822086,1.4252318,1.8849194654376253,1.8849194654376253
6377,3.7666166891152493,2.5002556,1.2663611043984524,1.2663611043984524
6378,2.2421003775884776,2.0311356,0.21096481850644633,0.21096481850644633
6379,1.0341511081691366,1.426988,-0.392836897468986,0.392836897468986
6380,-0.5024234824127511,-0.10633039,-0.3960930951184587,0.3960930951184587
6381,-0.6713138230056885,-0.5857891,-0.08552473857117926,0.08552473857117926
6382,-0.8343238917137242,-0.7815696,-0.052754291608438586,0.052754291608438586
6383,-0.7873189335451741,-0.8720731,0.08475418037313032,0.08475418037313032
6384,-0.7453754752269194,-0.78913385,0.04375837153287676,0.04375837153287676
6385,-0.6807297014036641,-0.7076715,0.02694182169051318,0.02694182169051318
6386,-0.829857862434052,-0.6252776,-0.20458028360333302,0.20458028360333302
6387,-0.38344101902015065,-0.37183204,-0.011608976087640277,0.011608976087640277
6388,1.8681076423265939,1.1686362,0.699471439514399,0.699471439514399
6389,0.84531250346033,1.1181643,-0.27285179745824906,0.27285179745824906
6390,0.5125561052140865,0.5716237,-0.05906757776168259,0.05906757776168259
6391,0.3664425139474773,0.6409005,-0.27445797872067457,0.27445797872067457
6392,0.4259151371884457,0.32915586,0.09675927485705532,0.09675927485705532
6393,0.6982684894271224,0.17462352,0.5236449702449172,0.5236449702449172
6394,0.6081291317990718,0.43562284,0.17250629067930556,0.17250629067930556
6395,0.458368283287397,0.2899325,0.16843579389225538,0.16843579389225538
6396,0.5581840376880708,0.16187727,0.39630676317482616,0.39630676317482616
6397,-0.26412360343157476,0.49709305,-0.7612166551035566,0.7612166551035566
6398,-0.3514344758491664,0.042888574,-0.3943230501513629,0.3943230501513629
6399,0.04585604548834035,0.12690158,-0.08104553639509013,0.08104553639509013
6400,0.7552847965642708,0.83819085,-0.08290605703146281,0.08290605703146281
6401,1.2454687269189595,1.3816109,-0.13614214344236863,0.13614214344236863
6402,0.83831572425551,0.9075566,-0.0692408691626113,0.0692408691626113
6403,0.26685006101078707,-0.044150896,0.311000957381198,0.311000957381198
6404,-0.8210374546066994,-0.49530676,-0.3257306945339913,0.3257306945339913
6405,-0.8603012953571508,-0.6940085,-0.16629276617090205,0.16629276617090205
6406,-0.674477260412123,-0.86028624,0.1858089753972032,0.1858089753972032
6407,-0.09701967455050631,-0.6919361,0.5949164011369021,0.5949164011369021
6408,-0.8290390903994453,-0.55792165,-0.27111744237393265,0.27111744237393265
6409,-0.8380455827801176,-0.6818045,-0.1562411046116301,0.1562411046116301
6410,-0.724943391272419,-0.5297975,-0.19514589686095052,0.19514589686095052
6411,-0.48266130285020153,-0.05960057,-0.4230607335423974,0.4230607335423974
6412,1.6986590480736974,0.52712536,1.1715336894921544,1.1715336894921544
6413,1.1440898622704008,0.9309784,0.21311144487385536,0.21311144487385536
6414,0.31325954860871397,0.63724625,-0.32398670249754824,0.32398670249754824
6415,0.12360217186530084,0.39201513,-0.2684129574624732,0.2684129574624732
6416,1.5420130710891948,0.19474271,1.3472703616909252,1.3472703616909252
6417,0.9757577753374223,1.0840032,-0.10824543473032677,0.10824543473032677
6418,0.09825745570316112,0.8538461,-0.7555886174474736,0.7555886174474736
6419,-0.6036906963293185,0.43415797,-1.0378486638967623,1.0378486638967623
6420,0.8885957705624862,-0.17692891,1.065524678195314,1.065524678195314
6421,0.6920160484355815,1.2306578,-0.538641767497646,0.538641767497646
6422,0.5122583699287749,1.2314686,-0.7192101883826875,0.7192101883826875
6423,1.1178519402523266,1.1274551,-0.009603175065971747,0.009603175065971747
6424,0.8997980606723309,0.9399725,-0.04017445920224183,0.04017445920224183
6425,0.18214437233967073,0.37142178,-0.18927741182285063,0.18927741182285063
6426,0.01608251695719259,-0.3256397,0.3417222118863155,0.3417222118863155
6427,-0.03724931602422646,-0.57949287,0.542243550968724,0.542243550968724
6428,-0.6429173201691061,-0.24862128,-0.39429603520740564,0.39429603520740564
6429,-0.6453736362729258,-0.4945415,-0.15083214023448888,0.15083214023448888
6430,-0.8134079879205927,-0.7880893,-0.025318712560485235,0.025318712560485235
6431,-0.7958416060872152,-0.80443454,0.008592931800358028,0.008592931800358028
6432,-0.7703108053717558,-0.7353257,-0.0349851112875883,0.0349851112875883
6433,-0.6773057456225822,-0.7229809,0.045675170877509386,0.045675170877509386
6434,-0.8498805603712489,-0.5961313,-0.2537492356031825,0.2537492356031825
6435,-0.8379711489587898,-0.38147143,-0.45649972366391367,0.45649972366391367
6436,-0.06467817918354682,0.075234905,-0.13991308406883887,0.13991308406883887
6437,-0.533983422655768,0.38629964,-0.9202830625960299,0.9202830625960299
6438,0.46439742281495455,-0.16942602,0.6338234467750681,0.6338234467750681
6439,0.7444918924717296,0.93182194,-0.1873300498576771,0.1873300498576771
6440,1.069507173299875,0.71541953,0.35408764243134483,0.35408764243134483
6441,0.7542799399763449,0.9690267,-0.21474674478470246,0.21474674478470246
6442,0.1631265309904,0.87579614,-0.7126696082498649,0.7126696082498649
6443,0.40927917812166653,0.021371797,0.38790738139448605,0.38790738139448605
6444,0.751265370212566,0.5117815,0.23948385652161752,0.23948385652161752
6445,0.16699708969944932,1.0744362,-0.9074390980446914,0.9074390980446914
6446,0.15977700903064573,0.2859344,-0.126157379606897,0.126157379606897
6447,0.9463191990022496,0.9133911,0.03292808572099959,0.03292808572099959
6448,0.9569260185414714,1.3727909,-0.41586491411386306,0.41586491411386306
6449,1.1379490720108514,1.0829655,0.05498357880864191,0.05498357880864191
6450,0.7205986358254834,0.69868875,0.02190989032682622,0.02190989032682622
6451,0.23424804726918005,0.5585661,-0.3243180461756442,0.3243180461756442
6452,-0.7250922589150747,-0.260663,-0.4644292561856588,0.4644292561856588
6453,-0.8658838319567411,-0.74034476,-0.1255390691546171,0.1255390691546171
6454,-0.7674823201612968,-0.81189394,0.04441161981062702,0.04441161981062702
6455,-0.7961021244618628,-0.6838429,-0.11225922704670166,0.11225922704670166
6456,-0.08816204981248975,-0.6934939,0.6053318528707683,0.6053318528707683
6457,-0.8465682553221588,-0.58345175,-0.26311650742787174,0.26311650742787174
6458,-0.8458611340195441,-0.562571,-0.2832901448876166,0.2832901448876166
6459,-0.17956678240311427,0.025520992,-0.20508777393710895,0.20508777393710895
6460,1.6989195664483447,1.2973126,0.4016069491464038,0.4016069491464038
6461,0.7337362052898528,0.7194654,0.0142708303432586,0.0142708303432586
6462,0.44545401528701145,0.5653919,-0.11993788286820095,0.11993788286820095
6463,0.28307663406026273,0.47691414,-0.19383750354158968,0.19383750354158968
6464,0.28817535082122175,0.37278825,-0.08461289962509783,0.08461289962509783
6465,0.47083594835981535,0.31769064,0.15314530767187284,0.15314530767187284
6466,1.116400480736433,0.3964538,0.7199466829192027,0.7199466829192027
6467,0.1671087404314411,0.5015739,-0.3344651798184979,0.3344651798184979
6468,-0.16222370203372044,0.12062919,-0.28285289343234105,0.28285289343234105
6469,-0.716867321658345,-0.3534625,-0.36340483419916225,0.36340483419916225
6470,-0.47194283257898817,-0.49782506,0.025882223735480214,0.025882223735480214
6471,0.5466095784715872,0.05149004,0.49511953983824064,0.49511953983824064
6472,1.1850656809113933,1.3859037,-0.200838035175948,0.200838035175948
6473,1.6381815682448029,1.6083179,0.029863716224539205,0.029863716224539205
6474,1.7425377857464768,0.8473444,0.8951933872479416,0.8951933872479416
6475,0.8242105151138787,0.7228892,0.10132133016209643,0.10132133016209643
6476,-0.6109852108194497,-0.27823696,-0.33274825541516806,0.33274825541516806
6477,-0.7950972678739365,-0.73560965,-0.05948761726205909,0.05948761726205909
6478,-0.8274759801515601,-0.83640015,0.008924171101186484,0.008924171101186484
6479,-0.861343368855741,-0.639213,-0.22213034328582526,0.22213034328582526
6480,-0.8632414312996016,-0.6860782,-0.1771632404960738,0.1771632404960738
6481,-0.8679307620432576,-0.6710702,-0.1968605439570149,0.1968605439570149
6482,-0.7790567793777806,-0.63618946,-0.14286731862338609,0.14286731862338609
6483,0.6023232937354976,-0.00020863861,0.6025319323439533,0.6025319323439533
6484,0.9936218924561113,1.1661355,-0.17251365708917676,0.17251365708917676
6485,0.90716700898379,0.63248855,0.27467846022814424,0.27467846022814424
6486,0.7712880681497631,0.67542017,0.09586790308781246,0.09586790308781246
6487,-0.00245150455344727,0.6085053,-0.6109568131815295,0.6109568131815295
6488,0.46242492654976597,0.24846438,0.21396055081543675,0.21396055081543675
6489,0.28705884350130384,0.54088145,-0.25382261144330676,0.25382261144330676
6490,-0.18581922339465543,-0.12252932,-0.06328990297582074,0.06328990297582074
6491,-0.6035790455973267,-0.114137314,-0.4894417313373207,0.4894417313373207
6492,-0.6732118854495492,-0.45763662,-0.215575260874888,0.215575260874888
6493,-0.47879074414115236,-0.5035585,0.024767772361228013,0.024767772361228013
6494,1.3328540331578795,0.10359883,1.229255200073773,1.229255200073773
6495,1.9212906076653569,1.3673247,0.5539658977730839,0.5539658977730839
6496,1.481572808170964,1.4519407,0.02963215246265105,0.02963215246265105
6497,3.011969391582639,1.1451492,1.8668201606256076,1.8668201606256076
6498,2.062231048349679,1.6773543,0.38487671256476697,0.38487671256476697
6499,1.3975370238917983,1.1720303,0.22550669418751368,0.22550669418751368
6500,0.15296631437914562,0.41807577,-0.26510945576054856,0.26510945576054856
6501,-0.33684544686890394,-0.6684867,0.3316412674941942,0.3316412674941942
6502,-0.7450777399416079,-0.69063437,-0.05444337009144917,0.05444337009144917
6503,-0.8502155125672245,-0.6368708,-0.21334471111840247,0.21334471111840247
6504,-0.8475358949994212,-0.7214554,-0.12608049977771096,0.12608049977771096
6505,-0.8715035854669954,-0.6716298,-0.1998737989756013,0.1998737989756013
6506,-0.8305277668260028,-0.5646001,-0.2659276567719867,0.2659276567719867
6507,-0.36576298645478156,-0.1639494,-0.20181358626824286,0.20181358626824286
6508,1.9934169805320636,1.1898739,0.8035430467399494,0.8035430467399494
6509,1.422658438589955,0.834657,0.5880014251736647,0.5880014251736647
6510,0.7782848473545829,0.80306965,-0.024784803772278652,0.024784803772278652
6511,2.548953806012622,0.7043721,1.8445816980299865,1.8445816980299865
6512,2.4526364412143584,1.2872931,1.1653433646991607,1.1653433646991607
6513,0.4332096516785769,1.016603,-0.5833933413328978,0.5833933413328978
6514,1.463969209426923,0.90418917,0.5597800400200321,0.5597800400200321
6515,1.0323646964572675,1.203517,-0.1711522636867755,0.1711522636867755
6516,0.5398733176414148,0.685313,-0.1454396687324866,0.1454396687324866
6517,0.5344024317738164,0.42657462,0.10782781414953357,0.10782781414953357
6518,0.24448269770176206,0.47734854,-0.2328658385512134,0.2328658385512134
6519,0.7480647158954677,0.8057695,-0.05770478722113992,0.05770478722113992
6520,-0.14052624311664647,1.2847567,-1.4252829035780723,1.4252829035780723
6521,-0.7767493309166166,0.083003804,-0.8597531350042554,0.8597531350042554
6522,-0.7300048911227142,-0.6738358,-0.056169077123538136,0.056169077123538136
6523,-0.7840066284960839,-0.56213427,-0.22187236259642573,0.22187236259642573
6524,0.12661674162907952,-0.586326,0.7129427447037255,0.7129427447037255
6525,-0.5847100718907116,-0.16374516,-0.42096490701949574,0.42096490701949574
6526,-0.8224144803012648,-0.6630206,-0.15939386949193868,0.15939386949193868
6527,-0.8629809129249542,-0.76584935,-0.09713156104201959,0.09713156104201959
6528,-0.8298950793447158,-0.6942223,-0.13567280790230252,0.13567280790230252
6529,-0.8062995579837811,-0.7265049,-0.07979463607063408,0.07979463607063408
6530,-0.8098723814075188,-0.7610106,-0.04886179419209524,0.04886179419209524
6531,0.06826062570802953,-0.49948695,0.5677475787281253,0.5677475787281253
6532,-0.4947195819053165,0.94695204,-1.4416716268691532,1.4416716268691532
6533,-0.3045039515019443,0.33792388,-0.642427835893729,0.642427835893729
6534,0.02043689550487276,0.37280172,-0.35236482559116605,0.35236482559116605
6535,0.37753315332532994,0.56600404,-0.18847088453172572,0.18847088453172572
6536,1.7165231651923862,0.7106244,1.0058987683913914,1.0058987683913914
6537,0.8765747084180353,1.0350345,-0.15845982889733334,0.15845982889733334
6538,0.16208445749180994,0.407866,-0.24578154363734045,0.24578154363734045
6539,0.7057863053812372,0.336067,0.3697193142904627,0.3697193142904627
6540,2.010239024152162,0.9205641,1.089674909104707,1.089674909104707
6541,1.8040201221632977,1.1278491,0.676171020143034,0.676171020143034
6542,1.4200532548434794,1.4600438,-0.03999053311275835,0.03999053311275835
6543,0.5447487329383902,1.1372479,-0.5924991870979257,0.5924991870979257
6544,0.5834915369395468,0.4502889,0.13320264514724944,0.13320264514724944
6545,0.8599759662619203,0.7341853,0.12579068784624037,0.12579068784624037
6546,-0.23472224400706607,0.40672693,-0.6414491705722364,0.6414491705722364
6547,-0.6754449000893853,-0.5123971,-0.16304778962719657,0.16304778962719657
6548,-0.9021703198540779,-0.71869993,-0.18347038775568925,0.18347038775568925
6549,-0.23226592790324638,-0.7717086,0.5394426797703986,0.5394426797703986
6550,-0.917503687047619,-0.66738766,-0.25011602272953426,0.25011602272953426
6551,-0.8244241934771174,-0.83093184,0.006507648850000547,0.006507648850000547
6552,-0.8581799314493065,-0.6947615,-0.1634184167856102,0.1634184167856102
6553,-0.9041800330299303,-0.80042493,-0.10375509959639762,0.10375509959639762
6554,-0.8925683569027825,-0.6497899,-0.24277842751282885,0.24277842751282885
6555,-0.48307068886750487,-0.12111022,-0.3619604656338051,0.3619604656338051
6556,1.7919618431081825,1.0512635,0.7406983915319496,0.7406983915319496
6557,1.4368008646422503,0.92883176,0.5079691085272906,0.5079691085272906
6558,0.5207810424708161,0.83355993,-0.3127788878537383,0.3127788878537383
6559,0.8657445874148304,0.46763223,0.3981123533183033,0.3981123533183033
6560,0.3603017236879282,0.5072003,-0.14689857700558379,0.14689857700558379
6561,0.38620469351002684,0.26720312,0.11900157113263121,0.11900157113263121
6562,-0.32065609073009227,0.3256498,-0.6463058886465046,0.6463058886465046
6563,0.2589228590393688,0.12151489,0.13740797242170827,0.13740797242170827
6564,0.7834952148475337,0.77271557,0.010779646305053237,0.010779646305053237
6565,0.30440192387069764,0.90081555,-0.5964136226419061,0.5964136226419061
6566,1.5263447516996778,0.99690765,0.5294371002752698,0.5294371002752698
6567,1.3306954523393715,1.5138136,-0.1831181625059044,0.1831181625059044
6568,1.454739415582267,1.3169372,0.13780220740660787,0.13780220740660787
6569,0.7417006241719347,0.97165465,-0.22995402937725962,0.22995402937725962
6570,0.028885134225586088,-0.16939679,0.19828192210743728,0.19828192210743728
6571,-0.8580310638066508,-0.52231586,-0.33571520401203414,0.33571520401203414
6572,-0.5014930596461529,-0.74580735,0.24431429003570138,0.24431429003570138
6573,-0.44436510177701233,-0.65729636,0.21293125776201965,0.21293125776201965
6574,-0.26899901872855037,-0.5946714,0.3256724094750324,0.3256724094750324
6575,-0.8704615119684052,-0.6284113,-0.24205021893862,0.24205021893862
6576,-0.8988580148049876,-0.79962146,-0.09923655198302717,0.09923655198302717
6577,-0.8257640022610191,-0.7758731,-0.049890877661562305,0.049890877661562305
6578,-0.8014985765081335,-0.6967726,-0.10472600112971553,0.10472600112971553
6579,-0.5629753960629735,-0.38363144,-0.17934395804608205,0.17934395804608205
6580,1.165154633706188,0.7202947,0.44485991973218897,0.44485991973218897
6581,0.4544232907570198,0.85080916,-0.396385866137664,0.396385866137664
6582,-0.4017889559774707,0.40131393,-0.803102886727364,0.803102886727364
6583,-0.7447055708349686,0.051371742,-0.7960773128748875,0.7960773128748875
6584,0.06706968456678349,-0.20247525,0.26954493433408694,0.26954493433408694
6585,0.06282695675109486,0.4452761,-0.3824491546132698,0.3824491546132698
6586,1.0863292169199734,0.40557906,0.6807501566038876,0.6807501566038876
6587,1.1264490466156953,0.87664634,0.24980270672235427,0.24980270672235427
6588,1.2359039808783285,1.4696159,-0.23371195540096834,0.23371195540096834
6589,2.380510068347652,1.2524688,1.1280412439610554,1.1280412439610554
6590,1.8674005210239788,1.814375,0.05302547810863456,0.05302547810863456
6591,0.6992361291043846,1.4735477,-0.7743115679628761,0.7743115679628761
6592,1.3434980696077647,0.42325842,0.9202396458025279,0.9202396458025279
6593,0.6968542468218927,1.1221868,-0.42533253315399844,0.42533253315399844
6594,0.6886293095651632,0.054393284,0.6342360255423551,0.6342360255423551
6595,0.6806276737724173,-0.006139271,0.6867669447337019,0.6867669447337019
6596,0.7308332862580657,-0.048994742,0.7798280285919547,0.7798280285919547
6597,0.8440471284977561,-0.13774288,0.9817900055042869,0.9817900055042869
6598,0.534476865595144,0.118542455,0.415934410458368,0.415934410458368
6599,-0.09720575910382596,-0.07584535,-0.02136040579848615,0.02136040579848615
6600,-0.5481630656187274,-0.5386129,-0.009550163454268179,0.009550163454268179
6601,-0.8395714761173391,-0.5513526,-0.28821885599252217,0.28821885599252217
6602,-0.8083464880702975,-0.85127103,0.04292454521675082,0.04292454521675082
6603,-0.8952851913812498,-0.6367476,-0.25853759273317856,0.25853759273317856
6604,-0.8744065044987822,-0.39431813,-0.4800883709061766,0.4800883709061766
6605,-0.6263557949236549,-0.06806465,-0.5582911425403274,0.5582911425403274
6606,0.035621395055758336,0.023656081,0.011965313647496083,0.011965313647496083
6607,0.05519749006498827,0.5183695,-0.4631720058036946,0.4631720058036946
6608,-0.06925585919521082,0.20688912,-0.2761449819197439,0.2761449819197439
6609,0.3226009931853616,0.25347698,0.06912401583703398,0.06912401583703398
6610,0.21295997436940906,0.6473758,-0.4344158476978517,0.4344158476978517
6611,0.4465333056962654,0.6246638,-0.1781304645025566,0.1781304645025566
6612,3.424928232309662,1.0253671,2.3995610915397036,2.3995610915397036
6613,1.9511013531071693,1.8177556,0.13334577315874396,0.13334577315874396
6614,1.4183412769529387,1.5553765,-0.13703525274066486,0.13703525274066486
6615,1.4464400445042092,1.5950714,-0.14863139047046126,0.14863139047046126
6616,0.4464960887856015,1.2716696,-0.8251735374503604,0.8251735374503604
6617,1.7221057017919765,0.5790708,1.1430348952886806,1.1430348952886806
6618,1.6336038882331387,0.80163294,0.8319709474639432,0.8319709474639432
6619,-0.203832208156,0.57676166,-0.7805938711160525,0.7805938711160525
6620,-0.7825179520695266,-0.52229786,-0.26022009287763204,0.26022009287763204
6621,-0.9021331029434139,-0.7474237,-0.15470939450454058,0.15470939450454058
6622,-0.8295229102380766,-0.87082446,0.041301545976828224,0.041301545976828224
6623,-0.8491734390686343,-0.7017831,-0.14739031843646266,0.14739031843646266
6624,-0.5662504842013998,-0.7556187,0.1893682072429972,0.1893682072429972
6625,-0.54544623114026,-0.6707417,0.1252954461439807,0.1252954461439807
6626,-0.8214468406240027,-0.5796061,-0.24184072480597907,0.24184072480597907
6627,-0.24287274744246795,-0.056106485,-0.18676626201604202,0.18676626201604202
6628,1.7177513232442958,1.3789052,0.33884614612790176,0.33884614612790176
6629,0.5505173540913002,1.0778693,-0.5273519419826134,0.5273519419826134
6630,0.3279974452316324,0.5678083,-0.23981082522277436,0.23981082522277436
6631,0.24545033737902427,0.3890925,-0.14364216759915566,0.14364216759915566
6632,0.3253178276638291,0.24674696,0.0785708703617356,0.0785708703617356
6633,2.4920863665181296,0.22841373,2.263672635658373,2.263672635658373
6634,1.9206579201840703,1.078857,0.8418009751462285,0.8418009751462285
6635,-0.7363317659355831,0.6900582,-1.4263899376846982,1.4263899376846982
6636,-0.7834855917467889,-0.45721367,-0.3262719217314538,0.3262719217314538
6637,-0.640647088618606,-0.1573084,-0.48333868894132936,0.48333868894132936
6638,-0.2401559129640006,0.010794975,-0.25095088782752983,0.25095088782752983
6639,0.24373835948848319,0.58537334,-0.3416349825487177,0.3416349825487177
6640,0.5458652402583084,1.033266,-0.48740070803728486,0.48740070803728486
6641,2.125574230299697,0.8018153,1.3237589589221335,1.3237589589221335
6642,0.4686401506306429,0.9437192,-0.47507905760986613,0.47507905760986613
6643,0.17939032095053958,-0.12766272,0.3070530392465906,0.3070530392465906
6644,-0.6512539081578275,-0.54531527,-0.10593864250230989,0.10593864250230989
6645,-0.8543838065615851,-0.66046554,-0.19391826805984558,0.19391826805984558
6646,-0.8895910040496677,-0.81515306,-0.07443794170607032,0.07443794170607032
6647,-0.06944194374853048,-0.6859108,0.616468877212468,0.616468877212468
6648,-0.8801379087410283,-0.53768736,-0.3424505475006413,0.3424505475006413
6649,-0.9042544668512582,-0.8473114,-0.05694308932592862,0.05694308932592862
6650,-0.83901322245738,-0.67453766,-0.16447556376597372,0.16447556376597372
6651,0.14864915274212911,-0.113157116,0.26180626861880374,0.26180626861880374
6652,1.5253771120224155,1.673809,-0.14843193949125633,0.14843193949125633
6653,0.6634334610456792,0.7589589,-0.09552541508728585,0.09552541508728585
6654,0.5487309423794313,0.5288309,0.019900056492285323,0.019900056492285323
6655,0.41750411537839627,0.31321368,0.10429043916417813,0.10429043916417813
6656,-0.20472541401193434,0.32206163,-0.5267870421151906,0.5267870421151906
6657,-0.8022056978107481,-0.40840504,-0.3938006620765715,0.3938006620765715
6658,-0.8067461609117482,-0.63048434,-0.17626181833667498,0.17626181833667498
6659,-0.9010165956234958,-0.676496,-0.2245205667233493,0.2245205667233493
6660,-0.8646556739048312,-0.68309164,-0.18156403343241911,0.18156403343241911
6661,-0.6139997805832286,-0.59639573,-0.017604049610938532,0.017604049610938532
6662,0.3534538121257639,0.025612958,0.3278408543501711,0.3278408543501711
6663,1.087296856597236,1.1857325,-0.0984356272665945,0.0984356272665945
6664,1.003037770854087,1.1912582,-0.18822042120829097,0.18822042120829097
6665,1.2149880770851968,0.91816527,0.2968228105713724,0.2968228105713724
6666,1.608891859552286,0.6288527,0.9800391345232944,0.9800391345232944
6667,-0.37774683168856854,0.44943643,-0.8271832578512883,0.8271832578512883
6668,-0.6511794743364996,-0.7111975,0.06001802112401067,0.06001802112401067
6669,-0.8053691352171827,-0.7314107,-0.07395845301579718,0.07395845301579718
6670,-0.8875812908738152,-0.82552993,-0.06205135789804617,0.06205135789804617
6671,-0.8491734390686343,-0.7035095,-0.14566392950518825,0.14566392950518825
6672,-0.8524485272070605,-0.6735209,-0.1789276045462329,0.1789276045462329
6673,-0.5588443189792767,-0.82440466,0.2655603379077778,0.2655603379077778
6674,-0.387274360818536,-0.63817513,0.2509007690719059,0.2509007690719059
6675,-0.18235805070290934,0.13781144,-0.320169487952093,0.320169487952093
6676,1.862450671905676,1.2557485,0.6067021615449582,0.6067021615449582
6677,0.4071205973031583,0.9230829,-0.515962290823215,0.515962290823215
6678,0.2901850639970745,0.37816134,-0.08797627695484506,0.08797627695484506
6679,0.3470152865809031,0.3139505,0.03306477774797156,0.03306477774797156
6680,0.3607111097052312,0.18001379,0.1806973189785695,0.1806973189785695
6681,0.4753764114608154,0.026041355,0.44933505647677036,0.44933505647677036
6682,-0.4453327414542748,0.20455074,-0.6498834845573022,0.6498834845573022
6683,-0.9029518749780204,-0.4496623,-0.45328957701392436,0.45328957701392436
6684,-0.7024271603207383,-0.7205512,0.018124032439729265,0.018124032439729265
6685,-0.32262858699528085,-0.49957713,0.17694854785236014,0.17694854785236014
6686,-0.04793056938477589,0.25435978,-0.30229035112687186,0.30229035112687186
6687,0.6037003194300635,0.8988715,-0.2951711619885461,0.2951711619885461
6688,1.381831487591618,1.2652519,0.11657961266791195,0.11657961266791195
6689,1.290277887358338,0.74796236,0.5423155317446295,0.5423155317446295
6690,0.7248785805518362,0.46148473,0.2633938503081533,0.2633938503081533
6691,-0.032857720565882105,-0.017190017,-0.015667703759756464,0.015667703759756464
6692,-0.5090108756002677,-0.5401722,0.031161343676160524,0.031161343676160524
6693,-0.7225615089899272,-0.5858056,-0.13675591406881515,0.13675591406881515
6694,-0.7797639006803952,-0.6252636,-0.15450032894119847,0.15450032894119847
6695,-0.6425451510624667,-0.7480291,0.10548396175339025,0.10548396175339025
6696,-0.07796461629057141,-0.61813045,0.5401658291897753,0.5401658291897753
6697,-0.7027621125167136,-0.4759899,-0.2267722045367484,0.2267722045367484
6698,-0.785681389475961,-0.41053855,-0.37514283528437165,0.37514283528437165
6699,-0.13434823594643316,-0.24519402,0.11084578194068231,0.11084578194068231
6700,1.7837741227621169,1.3974365,0.3863376231664748,0.3863376231664748
6701,0.4940220837034468,1.0319475,-0.5379254098497148,0.5379254098497148
6702,0.2925669462795661,0.38668233,-0.09411538528247615,0.09411538528247615
6703,0.2899617625330907,0.2632567,0.026705063686273678,0.026705063686273678
6704,0.28441644284416445,0.16750744,0.11690900299240359,0.11690900299240359
6705,0.5546484311749968,0.05817181,0.49647662245536184,0.49647662245536184
6706,-0.1848515837173931,0.33049583,-0.515347418067979,0.515347418067979
6707,-0.7542703168755999,-0.032825477,-0.7214448394543161,0.7214448394543161
6708,-0.8523368764750687,-0.58589786,-0.26643901356384436,0.26643901356384436
6709,-0.6964352377038446,-0.72699976,0.03056452197022763,0.03056452197022763
6710,-0.5707537303917359,-0.33407244,-0.2366812895290803,0.2366812895290803
6711,1.8304069118240276,0.25367537,1.576731540415565,1.576731540415565
6712,1.657906530896689,1.6734631,-0.015556575258706573,0.015556575258706573
6713,1.2009573017648936,1.1934085,0.007548812537598648,0.007548812537598648
6714,0.944495570379717,0.57673657,0.36775900097511494,0.36775900097511494
6715,-0.18600530794797496,-0.0016651154,-0.18434019259152964,0.18434019259152964
6716,-0.6806924844930001,-0.6309419,-0.04975055705998621,0.04975055705998621
6717,-0.8341750240710685,-0.7027396,-0.13143542770418615,0.13143542770418615
6718,-0.9065619153124223,-0.88173604,-0.024825875197065805,0.024825875197065805
6719,-0.14979325387196626,-0.7587916,0.608998371627759,0.608998371627759
6720,-0.8645440231728395,-0.45312127,-0.411422748463138,0.411422748463138
6721,-0.8377106305841423,-0.8997416,0.06203095943889847,0.06203095943889847
6722,-0.9201088707940945,-0.691947,-0.2281618874566922,0.2281618874566922
6723,-0.26680322099937814,-0.32192913,0.05512590597854239,0.05512590597854239
6724,1.2440917012243944,1.3692583,-0.12516658334439223,0.12516658334439223
6725,0.3996399982597074,0.7576815,-0.3580414907310763,0.3580414907310763
6726,0.30741649363447604,0.31526545,-0.007848953266845371,0.007848953266845371
6727,0.29126435440632853,0.19648415,0.09478020590397868,0.09478020590397868
6728,0.34213987128392764,0.12094396,0.2211959077562482,0.2211959077562482
6729,0.336817853058985,0.048586547,0.28823130568425964,0.28823130568425964
6730,0.5642503941262923,0.07792672,0.48632367642771823,0.48632367642771823
6731,0.4824104075762991,0.44333735,0.03907305649254361,0.03907305649254361
6732,0.5960336358332928,0.43071297,0.16532066772225462,0.16532066772225462
6733,0.4250219313325111,0.6211407,-0.19611878712757191,0.19611878712757191
6734,-0.29560910985326383,0.8532693,-1.1488783888564071,1.1488783888564071
6735,-0.07878338832517814,0.22398758,-0.3027709676708813,0.3027709676708813
6736,0.17946475477186746,0.48023757,-0.3007728186133712,0.3007728186133712
6737,0.6433735461978182,0.59855264,0.04482090194504107,0.04482090194504107
6738,0.7696505240805499,1.1000954,-0.33044486719294863,0.33044486719294863
6739,-0.5438086870710469,0.32799277,-0.8718014541666127,0.8718014541666127
6740,-0.8427721304344373,-0.7026458,-0.14012635177843147,0.14012635177843147
6741,-0.862013273247692,-0.81020164,-0.05181162835023101,0.05181162835023101
6742,-0.8978159413063974,-0.88204086,-0.01577508303765962,0.01577508303765962
6743,-0.8176507157362812,-0.76915324,-0.04849747839344676,0.04849747839344676
6744,-0.8694938722911428,-0.67395514,-0.19553872979312648,0.19553872979312648
6745,-0.8513320198871425,-0.76616853,-0.08516348513143568,0.08516348513143568
6746,-0.2275021633382627,-0.6589729,0.4314707556490115,0.4314707556490115
6747,-0.3377014358141744,0.14705658,-0.48475801540401814,0.48475801540401814
6748,1.7252319222877472,0.52806944,1.1971624857376069,1.1971624857376069
6749,0.9867739808939473,0.9926626,-0.005888627729557339,0.005888627729557339
6750,0.8776167819166253,0.7003457,0.17727108689785698,0.17727108689785698
6751,0.22676744822572895,0.5036713,-0.2769038402645665,0.2769038402645665
6752,1.7887611887910841,0.25591287,1.5328483186223982,1.5328483186223982
6753,0.046414299148299566,1.0695245,-1.0231102274477697,1.0231102274477697
6754,0.23331762450258128,0.031436697,0.20188092785398357,0.20188092785398357
6755,-0.041975863678546436,0.5177497,-0.5597255904508548,0.5597255904508548
6756,0.18884341625917905,0.089277506,0.09956591038454526,0.09956591038454526
6757,0.477869944475299,0.22409856,0.2537713812810241,0.2537713812810241
6758,0.7885567146978291,0.5340899,0.2544667917928608,0.2544667917928608
6759,5.066491727874511,0.9840654,4.082426314399474,4.082426314399474
6760,2.423570033985825,2.6498806,-0.2263106136734767,0.2263106136734767
6761,1.1478859871581222,1.674849,-0.5269630461975907,0.5269630461975907
6762,0.7648867595155663,1.058638,-0.29375121713085706,0.29375121713085706
6763,0.2650264323882542,0.25012854,0.014897894971796055,0.014897894971796055
6764,-0.4014540037814952,-0.2059533,-0.19550070378225815,0.19550070378225815
6765,-0.6354367211256551,-0.67888623,0.043449513634629344,0.043449513634629344
6766,-0.8878790261591267,-0.7580632,-0.12981582902320143,0.12981582902320143
6767,-0.2146251122485411,-0.8074962,0.5928710778225649,0.5928710778225649
6768,-0.847573111910085,-0.5845999,-0.26297319974348954,0.26297319974348954
6769,-0.8311976712179536,-0.76885706,-0.06234060935500807,0.06234060935500807
6770,-0.8918240186895039,-0.6154734,-0.2763506290639546,0.2763506290639546
6771,-0.8397947775813227,-0.37321055,-0.4665842282267695,0.4665842282267695
6772,1.0967127349952113,0.3398058,0.7569069233516108,0.7569069233516108
6773,0.3747791019361988,1.3014164,-0.9266372951585278,0.9266372951585278
6774,0.2250926872458518,0.2352637,-0.010171018007749277,0.010171018007749277
6775,-0.9165732642810207,0.2624152,-1.1789884647528988,1.1789884647528988
6776,-0.8818871035422333,-0.5106677,-0.37121942184820256,0.37121942184820256
6777,-0.8255407007970355,-0.36304948,-0.46249122345824456,0.46249122345824456
6778,-0.9067852167764058,-0.47311524,-0.4336699812093129,0.4336699812093129
6779,-0.9022075367647417,-0.55943346,-0.34277407652914604,0.34277407652914604
6780,-0.8839340336287497,-0.6989915,-0.18494255613927824,0.18494255613927824
6781,-0.8242008920131338,-0.6254483,-0.19875260547977813,0.19875260547977813
6782,-0.4076320109517085,-0.4159607,0.008328688368130999,0.008328688368130999
6783,-0.7122152078253531,0.5419601,-1.2541753280264638,1.2541753280264638
6784,-0.8860181806259299,0.13378069,-1.0197988686733388,1.0197988686733388
6785,-0.5406824665752764,-0.4676781,-0.07300436670459465,0.07300436670459465
6786,0.14768151306486693,-0.3045535,0.45223502182341185,0.45223502182341185
6787,0.45189254083187225,0.7227066,-0.27081407509296296,0.27081407509296296
6788,-0.877421074262561,-0.23961812,-0.6378029516848938,0.6378029516848938
6789,-0.8055924366811663,-0.80680835,0.0012159157892316363,0.0012159157892316363
6790,-0.9034356948166515,-0.8558601,-0.04757558071905632,0.04757558071905632
6791,-0.8995279191969384,-0.7396729,-0.1598550199507226,0.1598550199507226
6792,-0.9089437975949141,-0.75517607,-0.15376773024261914,0.15376773024261914
6793,-0.8046992308252319,-0.879515,0.0748157614118592,0.0748157614118592
6794,-0.8966994339864793,-0.70128316,-0.19541627711468368,0.19541627711468368
6795,-0.1518401839584826,-0.32231888,0.17047869779162422,0.17047869779162422
6796,1.1700672659138274,1.0801082,0.08995910017286057,0.08995910017286057
6797,1.6761056002113524,0.62871236,1.0473932441208067,1.0473932441208067
6798,0.3780169731639613,1.3008422,-0.9228251927829991,0.9228251927829991
6799,2.251255737611806,0.60251886,1.6487368810863847,1.6487368810863847
6800,1.7307028081553457,1.472369,0.2583338525431631,0.2583338525431631
6801,0.8685358557146252,1.3990735,-0.5305376258451282,0.5305376258451282
6802,1.002330649551472,1.207039,-0.2047083490523487,0.2047083490523487
6803,0.4785770657779137,0.8265611,-0.3479840275524696,0.3479840275524696
6804,0.33220295613665707,0.24183756,0.09036539500613339,0.09036539500613339
6805,-0.44257869006514355,-0.10278047,-0.3397982213032226,0.3397982213032226
6806,-0.4949056664586362,-0.13419771,-0.36070795451405613,0.36070795451405613
6807,2.321521264945315,0.29557365,2.0259476131546963,2.0259476131546963
6808,1.6752868281767463,2.1864274,-0.5111405266358757,0.5111405266358757
6809,0.5510011739299313,1.4328836,-0.8818824463322147,0.8818824463322147
6810,1.4510921583372014,0.5744209,0.8766712293821233,0.8766712293821233
6811,0.08504545241746414,0.48698065,-0.40193519443121445,0.40193519443121445
6812,-0.8555003138815033,-0.6368312,-0.2186690899168121,0.2186690899168121
6813,-0.8081976204276418,-0.71869415,-0.0895034699797963,0.0895034699797963
6814,-0.8894049194963481,-0.8408982,-0.04850670372562671,0.04850670372562671
6815,-0.9006444265168565,-0.7019119,-0.19873250024732525,0.19873250024732525
6816,-0.9094276174335452,-0.71758896,-0.191838656309125,0.191838656309125
6817,-0.813780157027232,-0.7283256,-0.085454551634776,0.085454551634776
6818,-0.9030635257100122,-0.672483,-0.2305804987286585,0.2305804987286585
6819,-0.5061079565684807,-0.019449092,-0.486658864120723,0.486658864120723
6820,1.6296216787920978,1.1634145,0.4662072004900959,0.4662072004900959
6821,0.6866940302106386,0.7551431,-0.06844907577309556,0.06844907577309556
6822,0.3479084924368374,0.5637409,-0.21583241666274144,0.21583241666274144
6823,0.5370076155202919,0.4566143,0.0803933298128181,0.0803933298128181
6824,0.6865823794786468,0.49248087,0.19410150541706228,0.19410150541706228
6825,-0.04450661360369374,0.48105663,-0.5255632442151135,0.5255632442151135
6826,-0.2870864373112228,-0.24043846,-0.04664797600751186,0.04664797600751186
6827,0.5131515757847093,-0.32905015,0.8422017292785905,0.8422017292785905
6828,-0.7693059487838295,-0.001345098,-0.7679608507651833,0.7679608507651833
6829,-0.6473089156274504,-0.6578755,0.010566562640219268,0.010566562640219268
6830,-0.12314594583658871,-0.3278654,0.20471944613309206,0.20471944613309206
6831,0.8385762426301577,0.8555653,-0.016989066894378402,0.016989066894378402
6832,1.2641143991615913,1.4912941,-0.22717974642251515,0.22717974642251515
6833,1.727948756766214,1.2021352,0.5258135514973541,0.5258135514973541
6834,0.3764910798267396,0.7999208,-0.42342971752128283,0.42342971752128283
6835,-0.28608158072329637,-0.17768887,-0.10839271386958238,0.10839271386958238
6836,-0.5463394369961945,-0.68233514,0.13599570132472838,0.13599570132472838
6837,-0.8157898702030845,-0.6860091,-0.1297807611828513,0.1297807611828513
6838,-0.9196994847767912,-0.8496009,-0.0700985736363493,0.0700985736363493
6839,-0.6553105514201965,-0.74420047,0.08888991664315804,0.08888991664315804
6840,-0.37715136111794567,-0.6209548,0.2438034504550829,0.2438034504550829
6841,-0.8582915821812983,-0.61410815,-0.2441834369443293,0.2441834369443293
6842,-0.8983741949663565,-0.80416983,-0.09420436130623078,0.09420436130623078
6843,-0.2903615254496491,-0.16462967,-0.12573185745228888,0.12573185745228888
6844,1.9663975033900467,1.2029184,0.7634790930888382,0.7634790930888382
6845,0.5193295829549226,1.2492511,-0.7299215442881194,0.7299215442881194
6846,0.30704432452783675,0.7065089,-0.3994645503653517,0.3994645503653517
6847,0.316609070568468,0.5171332,-0.20052410575828372,0.20052410575828372
6848,0.3386786985921818,0.24279809,0.0958806086111027,0.0958806086111027
6849,0.5523781996244967,0.097407915,0.4549702849263728,0.4549702849263728
6850,0.9735991945189143,0.30082244,0.6727767577093745,0.6727767577093745
6851,1.0369423764689316,0.36639276,0.6705496150000443,0.6705496150000443
6852,0.46112233467652813,0.57456595,-0.11344361237928852,0.11344361237928852
6853,-0.24000704532134487,0.4084359,-0.6484429562615152,0.6484429562615152
6854,0.9489243827487253,0.23837721,0.7105471692706369,0.7105471692706369
6855,1.0853615772427112,0.31263036,0.7727312218845874,0.7727312218845874
6856,0.4568796068608397,1.517859,-1.060979375225342,1.060979375225342
6857,1.3664236865767487,1.2716864,0.09473725183096016,0.09473725183096016
6858,0.5351839868977589,0.8191595,-0.2839755208537059,0.2839755208537059
6859,-0.7446311370136406,-0.067513146,-0.6771179915072586,0.6771179915072586
6860,-0.8216701420879863,-0.71645844,-0.10521170226102095,0.10521170226102095
6861,-0.8770861220665854,-0.76440454,-0.11268158677300633,0.11268158677300633
6862,-0.8924939230814547,-0.82269657,-0.06979735649972862,0.06979735649972862
6863,-0.9185085436355453,-0.7026535,-0.2158550163757187,0.2158550163757187
6864,-0.8410601525438964,-0.7218994,-0.11916076232325434,0.11916076232325434
6865,-0.7949111833206169,-0.69438624,-0.10052493950042651,0.10052493950042651
6866,-0.2327869646525414,-0.61291057,0.38012360406160045,0.38012360406160045
6867,-0.14048902620598241,0.28147128,-0.42196030844971105,0.42196030844971105
6868,1.7173047203163285,1.2918609,0.42544378224412394,0.42544378224412394
6869,0.603328150323424,0.8817657,-0.2784375729050306,0.2784375729050306
6870,0.188322379509884,0.44782823,-0.2595058537321509,0.2595058537321509
6871,-0.49524061865461155,0.22983432,-0.7250749368156223,0.7250749368156223
6872,-0.06806491805396478,-0.1310575,0.06299258278526862,0.06299258278526862
6873,-0.6579529520773358,-0.104416154,-0.5535367977523274,0.5535367977523274
6874,-0.8181717524855764,-0.5440747,-0.274097038301769,0.274097038301769
6875,-0.8802123425623561,-0.5734564,-0.3067559359690334,0.3067559359690334
6876,-0.8441119392183392,-0.70654505,-0.13756688430577202,0.13756688430577202
6877,-0.6109852108194497,-0.6858412,0.0748559919164512,0.0748559919164512
6878,0.4366336074596588,-0.25404662,0.6906802263981049,0.6906802263981049
6879,1.2533587119797138,1.2085503,0.04480837800296822,0.04480837800296822
6880,1.3860742154073067,1.4611262,-0.0750519928980522,0.0750519928980522
6881,0.6239091019205804,1.1584711,-0.5345620055623298,0.5345620055623298
6882,0.28348602007756596,0.11384112,0.16964490364919071,0.16964490364919071
6883,0.17700843866804775,-0.27508542,0.45209385808447533,0.45209385808447533
6884,-0.14741137158947432,-0.54652905,0.3991176830522493,0.3991176830522493
6885,-0.8873207724991677,-0.55094814,-0.33637262949379665,0.33637262949379665
6886,-0.9021703198540779,-0.84827083,-0.053899486361798865,0.053899486361798865
6887,-0.9106185585747911,-0.7533746,-0.1572439820061876,0.1572439820061876
6888,-0.8827803093981677,-0.73659813,-0.14618217535733513,0.14618217535733513
6889,-0.8652883613861181,-0.78129673,-0.08399163134461418,0.08399163134461418
6890,-0.9004211250528729,-0.7330641,-0.16735701000541803,0.16735701000541803
6891,-0.08961350932838305,-0.16919255,0.07957904323814527,0.07957904323814527
6892,2.0040238000712844,1.3545846,0.6494392253718826,0.6494392253718826
6893,1.0163242079611117,0.93752456,0.07879965084746421,0.07879965084746421
6894,0.8495924481866826,0.56811625,0.2814762005327214,0.2814762005327214
6895,0.29446500872342685,0.4937294,-0.19926440383226773,0.19926440383226773
6896,0.2789827738872298,0.20524266,0.07374011026532734,0.07374011026532734
6897,0.44791033139083136,0.05663643,0.39127390106770743,0.39127390106770743
6898,0.5849429964554401,0.23557541,0.34936758871198614,0.34936758871198614
6899,0.3558729113189199,0.37201548,-0.016142564907886736,0.016142564907886736
6900,-0.23736464466420554,0.022677325,-0.260041969376482,0.260041969376482
6901,-0.023553492899898616,-0.32512286,0.3015693701543769,0.3015693701543769
6902,0.7110711066955161,0.7214078,-0.01033666441501857,0.01033666441501857
6903,0.5408781742293411,0.80082124,-0.25994307048730314,0.25994307048730314
6904,0.6367489360996378,0.9968353,-0.36008635528601285,0.36008635528601285
6905,0.08337069143758699,0.76918226,-0.6858115733672531,0.6858115733672531
6906,-0.1723467017343108,-0.30051985,0.12817315209602673,0.12817315209602673
